<?xml version="1.0" encoding="utf-8" ?>
<kml xmlns="http://www.opengis.net/kml/2.2">
<Document id="root_doc">
<Schema name="pregledovalniklovisca" id="pregledovalniklovisca">
	<SimpleField name="lov" type="string"></SimpleField>
	<SimpleField name="lov_naziv" type="string"></SimpleField>
	<SimpleField name="luo" type="string"></SimpleField>
	<SimpleField name="luo_naziv" type="string"></SimpleField>
	<SimpleField name="povrsina" type="float"></SimpleField>
</Schema>
<Folder><name>pregledovalniklovisca</name>
  <Placemark id="pregledovalniklovisca.1">
	<Style><LineStyle><color>ff0000ff</color></LineStyle><PolyStyle><fill>0</fill></PolyStyle></Style>
	<ExtendedData><SchemaData schemaUrl="#pregledovalniklovisca">
		<SimpleData name="lov">1101</SimpleData>
		<SimpleData name="lov_naziv">LPN TRIGLAV BLED</SimpleData>
		<SimpleData name="luo">11</SimpleData>
		<SimpleData name="luo_naziv">Triglavsko</SimpleData>
		<SimpleData name="povrsina">57388.66</SimpleData>
	</SchemaData></ExtendedData>
      <MultiGeometry><Polygon><outerBoundaryIs><LinearRing><coordinates>13.6850116273572,46.4393346730447 13.6852472762839,46.4395309995275 13.6855261595428,46.4396180583203 13.6857095211507,46.4396617323833 13.6858702775364,46.4396442362436 13.6859087709898,46.4396371021949 13.6860110684261,46.4396181431875 13.6861927280728,46.4395648085605 13.6863453486365,46.439555495577 13.6864329619464,46.4395814239139 13.6864925148613,46.4395936087533 13.6865047080263,46.4395961035345 13.6865845877628,46.4396080874427 13.6867058120106,46.4396326022041 13.6869206625946,46.4396494648299 13.6870880036761,46.4396774777653 13.6872281917731,46.4396818763383 13.6873601145225,46.43969445716 13.687484033854,46.439709735056 13.6876633009346,46.4397505698954 13.6877469466772,46.4397737525704 13.6878592083297,46.439938517453 13.6879817092952,46.4401809543911 13.6881881762343,46.4404387497642 13.6884254161041,46.440274264242 13.6884365908459,46.440266516421 13.6885632394478,46.440162703329 13.688653846179,46.4400639649893 13.6887585301694,46.4400402435692 13.6889392586343,46.4400256712492 13.6892460450236,46.4399860922988 13.6892621929678,46.4400197473276 13.6893403694535,46.4401826796523 13.6893629769262,46.4402439388607 13.6894960123371,46.4403784401715 13.6896599236522,46.440565927951 13.6897798605256,46.440747423433 13.6898727575213,46.4408842534711 13.6899905231139,46.4409880792002 13.6901524647639,46.4410841335389 13.6903225371216,46.4411830698578 13.6904892418718,46.4412487681998 13.6905805614483,46.4412885912632 13.690662822153,46.441364298773 13.6907603527488,46.4414762592686 13.6908819543665,46.4415884952524 13.6910114932991,46.4417008219639 13.6911139225678,46.4417767600129 13.6912463671323,46.4419362643086 13.6913866166738,46.4421068341781 13.691520654413,46.4421998681054 13.6916993983915,46.4422738897512 13.6918645329468,46.4423727672554 13.6918940724851,46.4425088708007 13.6919633015441,46.4426343619591 13.692024400453,46.4427569709899 13.6921288107653,46.4429188526833 13.6921931474313,46.443074787765 13.6922348024855,46.4431778306217 13.6922697186528,46.4432252845461 13.6923488086326,46.4432705444955 13.6925599616916,46.4433283807969 13.6928104647626,46.4434115883882 13.6931089782046,46.4435009223125 13.6932549951471,46.4435940011138 13.6933727062966,46.4437006117642 13.693471240147,46.4437710149526 13.6936025120186,46.4438112920489 13.6936993514285,46.4438437081002 13.6937327164066,46.4440704551929 13.693736281165,46.444258894278 13.6937624009338,46.4443368372435 13.6938905601864,46.4445128440245 13.6939794400588,46.4446496247386 13.6939857209193,46.4447244620057 13.6939517261362,46.4448017183346 13.6939502706502,46.4448626117767 13.6939767876989,46.4449294028736 13.6939824074426,46.4450264553132 13.6939410001471,46.4452504589136 13.6939373581114,46.445402827424 13.6939455528616,46.4455663975004 13.6939831147725,46.4456720920385 13.6940844322457,46.4457895810552 13.6942492995635,46.4459383856375 13.69431424321,46.4460693145588 13.6943607334944,46.4461391226941 13.6943001547713,46.4461577746713 13.6942555789362,46.4461766993194 13.6942107386719,46.4462066873063 13.6941582919213,46.4462227329512 13.6940920239025,46.4463105971594 13.6940743634289,46.4463796727838 13.6939740981645,46.4465502814298 13.6939362651157,46.4466247048081 13.6939104689733,46.4467019647711 13.6939478315937,46.4468160242827 13.6939736238552,46.4469077289147 13.6939912120034,46.4470104961857 13.693961184072,46.4470959851121 13.6938822787417,46.4472115057439 13.6938012387122,46.4473890815927 13.6937087960042,46.4474229341796 13.6937077358072,46.4474672775331 13.6937424559323,46.4475230959879 13.6937531684483,46.4475813393101 13.6937513792809,46.4476561743397 13.6937493256004,46.4477420727198 13.6937753157698,46.4478255023561 13.6937977333752,46.4478950357188 13.6938327204966,46.4479397008485 13.6938882063275,46.447970834614 13.6939266297548,46.4480405507641 13.6939632675493,46.4481795237955 13.6940319793834,46.4483271404061 13.6940617407823,46.448416191209 13.6940434829508,46.448515670012 13.6940186803697,46.4485458867518 13.6940098825134,46.4485817744736 13.6940090203265,46.4486178427967 13.6940316395146,46.4486735229493 13.6940182787363,46.448731491302 13.6940281972538,46.4488175264012 13.6940462504537,46.4489008653149 13.6940966455823,46.4489762063175 13.6941470418625,46.4490460591099 13.6941939321006,46.4490992273026 13.6942122500633,46.4491715028388 13.6942054341824,46.4492878468207 13.6942037143223,46.4493598035714 13.6942018590159,46.4494374269151 13.6942281806913,46.4495124929537 13.6942864479509,46.4495907128392 13.6944172669053,46.4496559955677 13.6945085398321,46.4496930258018 13.6945588040293,46.449768455065 13.6946214370762,46.4498328691614 13.6946607244986,46.4498665167418 13.6946709085364,46.4499414884299 13.6946965691736,46.4500442577143 13.6947101920928,46.4501441904718 13.6947752696146,46.4502752105314 13.6948250726916,46.4503699780572 13.6948642273932,46.4504092022185 13.6948629037178,46.4504646089202 13.6948854569476,46.4505285654153 13.6949429263435,46.4506184720054 13.6949282481641,46.4507479519301 13.6949830090552,46.4508095768596 13.6950332770547,46.4508849159712 13.6950480266127,46.4509377170088 13.6950465054313,46.4510013987361 13.6950729600388,46.4510709778775 13.6950713701263,46.4511375378741 13.6950699155663,46.4511984312757 13.6950762660112,46.4512649919109 13.6951226283493,46.4513403763784 13.6951893655317,46.4513965596943 13.6953260787882,46.4515477404252 13.6955222531222,46.4517327983986 13.6956196786613,46.4518503314938 13.6956542724359,46.4519116360781 13.6957048700605,46.4519787013574 13.6957640018485,46.4520154539386 13.6958064002337,46.4520879138533 13.6958045470277,46.4521655372093 13.695807127482,46.4522264766282 13.6958216784176,46.4522876425386 13.6958284241423,46.4523431412629 13.6958034231938,46.4523816333895 13.6957901942935,46.4524341152198 13.6957926446003,46.4524950531518 13.6958630178843,46.452573500229 13.6960092610454,46.4526583006405 13.6961959170573,46.4527351943889 13.6963102136422,46.4528168410842 13.6964844386823,46.4529564819681 13.6964772284304,46.453040432158 13.6964467380224,46.4531398617951 13.6964369492969,46.4532173047165 13.6965914633231,46.4532938314047 13.6967615858451,46.4533872702656 13.6969440780401,46.4534696934919 13.697126437779,46.4535576930821 13.697233195753,46.4536226084224 13.6972623701773,46.4537420616182 13.697219841302,46.4538441433864 13.6972066798766,46.4538938370526 13.6972251363092,46.4539605354544 13.6972599305351,46.4540135645336 13.6972621801587,46.4540884455437 13.6972483579939,46.4541658425716 13.6972226964486,46.4542320383569 13.6972211776272,46.4542957201024 13.6972827592241,46.454404566085 13.6974108226819,46.4545805674955 13.6975085232204,46.4546869457182 13.6975955641004,46.4548363882415 13.697719938099,46.4550689386493 13.6978332511419,46.4551921389034 13.6978797562645,46.4552563674931 13.6979169997283,46.4553760023372 13.6979777284054,46.4555207363961 13.6980852890286,46.4557160271418 13.698225658248,46.4558893786129 13.6982992834872,46.4559955720338 13.6983273403292,46.4561620666929 13.6984010962706,46.4562682615306 13.6984906018432,46.4563800337947 13.6985803692439,46.4564808325806 13.6987015569653,46.4566124888024 13.6988037513256,46.4567108196799 13.6987291524382,46.4567984116933 13.6986899340516,46.4569309416106 13.6986670537946,46.457049802002 13.6986363650739,46.4571630853337 13.6986218844745,46.4572626976728 13.6985919885169,46.4573427009777 13.6985417220991,46.4574307497142 13.6985124866719,46.457477561452 13.698502897151,46.4575467294864 13.6984809400101,46.4576268231123 13.6984425777763,46.4577233745305 13.6984038215965,46.4578309878039 13.698366114659,46.4579155964348 13.6983657227408,46.4579164758379 13.6983242514842,46.4579741246327 13.6982516183668,46.4579955205174 13.6980863800968,46.4580296275578 13.6980616380204,46.4580348234844 13.6978486411933,46.4580795533348 13.6978301235236,46.4581846077813 13.6978151772553,46.4583091364865 13.6978930800752,46.4584380513602 13.6979437199734,46.4586347633104 13.6980167542878,46.458765871917 13.6980747700829,46.458860731384 13.6981323922016,46.4589666526894 13.6981661998571,46.4590612365072 13.6981639550498,46.4591554098913 13.6981367719722,46.4592853774716 13.6981254502082,46.4593292832284 13.6981146806051,46.4593710476376 13.6980530290902,46.4594341347061 13.6979674976228,46.4594940707981 13.6978007340587,46.4595919490175 13.6976542775861,46.4596789919144 13.6975440724167,46.4597635684658 13.6974981038718,46.4598214583151 13.6974655526008,46.4598624512197 13.6974025138768,46.459983642961 13.6973877662881,46.4600943184084 13.6973882365232,46.4600968179803 13.6974074084637,46.4601987277797 13.6973208224281,46.4602154656172 13.6972601624505,46.4602369072891 13.6969737917751,46.4603057108015 13.6968493593627,46.4603098710397 13.6968237499562,46.4603255531618 13.6968006061816,46.4603397254221 13.6967420617686,46.4604416243913 13.6967348543916,46.4605745183773 13.6967443818398,46.4606771931152 13.6967306901575,46.4607490133259 13.6967527193861,46.4608351860309 13.6967456428998,46.4609625933118 13.6967262160493,46.4610418150261 13.6967144892461,46.4610896362187 13.6967107850118,46.4611041231572 13.6966968268971,46.4611587120583 13.6966513142941,46.4612164041307 13.696641324519,46.4613022119134 13.6966309426491,46.4613989916021 13.6965803335109,46.4615065590731 13.6965389219821,46.4615615087624 13.6965335645462,46.4616168694007 13.6965396514973,46.4616945831495 13.6964944681003,46.4617439116697 13.6964446557367,46.4618126209895 13.6964737658621,46.4619348625669 13.6965514326894,46.4620410131008 13.6965896693892,46.4621190932869 13.6965496188817,46.4622315495031 13.6965235193418,46.4623704360479 13.6965088993864,46.4624811127953 13.6964289866335,46.4626380997248 13.6964073196889,46.4626647689434 13.6963754652128,46.4627039776457 13.6962736513304,46.4627693949564 13.6962119867133,46.4628134384116 13.6961553676409,46.462853878034 13.6960243147769,46.462966016201 13.695901267033,46.4630809446144 13.6958943510735,46.4630880086316 13.6957698147826,46.46321521062 13.6956090561771,46.4632300215499 13.6955024790575,46.4633257937915 13.6954976513107,46.4633304576412 13.6953834644771,46.4634407676504 13.6953078443174,46.4635868263746 13.6952318980028,46.4637410686188 13.6952227576472,46.4637688468313 13.6951973607414,46.4638460297372 13.694981885882,46.4639710588276 13.6947535113042,46.4641291393025 13.6946272810545,46.4642081318682 13.6944940414835,46.4642480871507 13.6943229542325,46.4643625553801 13.6941321551404,46.4644573646813 13.6939501550224,46.464521774238 13.6938187704375,46.4645692213 13.6938093623886,46.4645726188302 13.6937292494581,46.4647048597222 13.6937269965576,46.4647990328466 13.6937329452671,46.4648878114698 13.6937785261588,46.4649908082424 13.6937647605232,46.4650655062549 13.6937616925179,46.4650876178407 13.6937551634563,46.4651346737254 13.6937497360671,46.4651928224825 13.6937462339724,46.4651964633112 13.6936839085198,46.4652612576595 13.6936665055684,46.4653192696112 13.6937005738337,46.4654027912903 13.6937744694537,46.4654978342309 13.6938493593815,46.4655513222257 13.6938481652266,46.465601242072 13.6938385036067,46.4656731079133 13.6938445870459,46.4657508217165 13.69383829901,46.4658449487379 13.6938208981743,46.4659028707613 13.6938550315711,46.4659836940224 13.693877191583,46.4660642905481 13.6938585319945,46.4661748307862 13.6938446972806,46.4662524070524 13.6938372117815,46.4663693728277 13.6938014198469,46.4665483646521 13.693771246799,46.4666394297589 13.6937327361758,46.4667415559266 13.6937023660172,46.4668354078379 13.6937357057331,46.4669494210681 13.6937965689009,46.4670885804497 13.6938029794462,46.4671635088962 13.6937921909671,46.4672770180556 13.6937534840823,46.4673873292679 13.6937510975928,46.4674870789783 13.6937252917915,46.4675588503484 13.6936956474234,46.4676277887871 13.6936695122098,46.4677133218227 13.6936672589698,46.4678074948951 13.6936403931801,46.4678854620785 13.6936681781289,46.4679377822595 13.6937755589995,46.4679722078622 13.6939230283958,46.4680127593486 13.69418674938,46.4680489700319 13.6943190068753,46.4680504801749 13.6944665435756,46.468088242651 13.6946138212748,46.4681314001921 13.6947735344839,46.4681609340368 13.6949257725803,46.4681654606036 13.6950214399239,46.4681942631721 13.6951322599856,46.4682537384599 13.6952318994909,46.4682797970996 13.695291311814,46.4683109748552 13.6953177111008,46.4683777640226 13.6953445129904,46.468410495516 13.6953566789032,46.4684253529795 13.6953485882778,46.4684453887373 13.6953310746296,46.4684887597698 13.6953300816021,46.4685303146719 13.695385193497,46.4685779978306 13.6954038500097,46.4686364213849 13.6954183399898,46.4687002855856 13.6954929027567,46.4687677141166 13.6955641609079,46.4688045150377 13.6955908886409,46.4688630306247 13.6956461352362,46.4688996488573 13.6957101116586,46.4689142339637 13.6957617848789,46.468931467793 13.6958090908637,46.4689679953834 13.6958606975611,46.468988017485 13.6959243463101,46.4690108759918 13.6961054354688,46.4691487059231 13.6962085175833,46.4691997246994 13.6963119950957,46.4692341933757 13.6963792854827,46.4692681594756 13.6964300972133,46.4693269494056 13.6964846812429,46.4693913604627 13.6965156484525,46.4694359787726 13.696582075137,46.4695115911005 13.6966129759242,46.4695589977014 13.6966601498882,46.469601101581 13.6967598570112,46.4696244605449 13.6968395854142,46.4696447127093 13.6969619896929,46.4697209626943 13.6973082969687,46.4699964381424 13.6974420861833,46.4701031372449 13.6975138080524,46.4701260868149 13.6975404748444,46.470181812161 13.6976587119803,46.4702690802601 13.6977500849866,46.4703088979544 13.6977892558008,46.4703481211493 13.6978758024904,46.4704155945947 13.6980449264598,46.4705204460601 13.6981374838448,46.4705488507158 13.6982647211308,46.4705918653504 13.6983717106526,46.4706485047869 13.6984333172183,46.4707516819949 13.6984994179128,46.4708411448815 13.6985698231068,46.4709139222662 13.698636187948,46.4709923217479 13.6988147056647,46.4710746964511 13.698999440155,46.4710601537756 13.699127600402,46.4710699789581 13.6994083963751,46.4711007936433 13.6994284659586,46.4712312986718 13.6994752586172,46.4714590054519 13.6995529567151,46.4717286298629 13.699649699436,46.4718766511968 13.6996863626951,46.4719230833592 13.6997159362933,46.4719605367593 13.6997244423826,46.472084522355 13.6996134228217,46.4722406177473 13.6996903547385,46.4723675406876 13.6998066869149,46.4725351281902 13.6997849857425,46.4725967873039 13.6997695337757,46.4726406905822 13.6998583110601,46.4727241125683 13.700029062237,46.4729688830881 13.7001338715109,46.4731665692106 13.7001343270507,46.473167633707 13.700262522129,46.4734671957418 13.700265495422,46.4734741435948 13.7003116861444,46.4735578009508 13.7004244511487,46.4736839609945 13.7006372454173,46.473842892515 13.7006497692382,46.4738522462501 13.7007639172588,46.4741265503072 13.7008346609472,46.4742965499259 13.7009066609962,46.4743719319249 13.7009431695468,46.4744101552407 13.7011716216237,46.4746174628363 13.701203214529,46.474646131488 13.7017606890278,46.4747744721985 13.7017869467973,46.4747805171302 13.7020009490116,46.4750745393761 13.7020882953258,46.4754778723424 13.702092359025,46.4754966368617 13.7024933729818,46.475735919387 13.7030701930978,46.476172789361 13.7032788197399,46.4763427694195 13.7035532512916,46.47644538778 13.7040450251936,46.4766802055152 13.7044366207559,46.4768725899961 13.704775235536,46.4769762923983 13.7050640822783,46.4771201949114 13.7053142749757,46.4772448389079 13.7056295576026,46.4774319467605 13.7059315829742,46.477590563156 13.7063950087248,46.477884880004 13.7069786413484,46.4780694411653 13.7072122507457,46.4782191832727 13.7074465156626,46.4785282692248 13.7077449630913,46.4787834681522 13.7080908639079,46.4791413183419 13.7082719179554,46.4793988783885 13.7084870921761,46.4796070700604 13.7089298298124,46.4799073507893 13.7092570871699,46.4801234640831 13.7093719658648,46.4802828379112 13.7094637600298,46.4804105515873 13.7095864442019,46.4805758613239 13.7097831702898,46.4809698103007 13.709910281686,46.4813005344455 13.7101425560749,46.4817942106138 13.7101314621514,46.4817938826317 13.7099408204068,46.4817882463083 13.7096421935528,46.4817653537213 13.7093190214496,46.4817394842369 13.7088228118207,46.4819534995864 13.7084721440733,46.4821648379922 13.708272855605,46.4823017824057 13.7082248254607,46.4823347869682 13.7081647904441,46.4823907721984 13.7080544821515,46.482493639029 13.7080464069882,46.4825269882177 13.7079890869829,46.4827637098204 13.7079843390668,46.4827656103009 13.7077119023364,46.4828746598386 13.7073723615843,46.4829622319527 13.7071794027417,46.4830364352489 13.7068654480864,46.4833193499659 13.7066918245599,46.4834293381434 13.7066405212882,46.4834618379415 13.7065908215221,46.4834865292975 13.7064069729949,46.4835778667546 13.7063953784743,46.4835903052067 13.7062550168687,46.4837408827749 13.7062544433727,46.4837413317845 13.7061091828021,46.4838550609221 13.7060291417478,46.4839177273331 13.7060276945813,46.4839134176399 13.705902862877,46.483541663563 13.7056931902453,46.4836146396004 13.7056857109154,46.4836172427517 13.7056489992175,46.483630020103 13.7056128052954,46.4836445705769 13.7051590232946,46.4838269957806 13.7050785107896,46.4838514004045 13.7048096596434,46.4839328929005 13.7045077608981,46.4840090067792 13.7041082904155,46.4841131645172 13.7034023810907,46.4844185285505 13.7033963035423,46.4844275841851 13.7033315004473,46.4845241415188 13.7031454168766,46.4848014059627 13.7030832015392,46.4849787697748 13.7030329441536,46.4851220428966 13.7030112031333,46.4852750151262 13.7037505954819,46.4855181298885 13.7037533711703,46.485534312476 13.7037557505234,46.4855481843751 13.7037789682988,46.4856835462984 13.7037094237496,46.4857708385814 13.7037087997798,46.4857712434674 13.7035373115915,46.4858825195572 13.7035188845278,46.4859210012973 13.7034295871288,46.486107482659 13.7033720553833,46.4862757039127 13.7033654870183,46.486338338472 13.7035877379472,46.4864409047029 13.7041166416941,46.4866462725337 13.7041989727296,46.4869036196772 13.7040795971777,46.4871365486271 13.704075453779,46.4875961578905 13.7041036399183,46.4879230680014 13.7039911376055,46.4881681306716 13.7040576543342,46.4885977708961 13.7040396928183,46.4888823220215 13.7042721012196,46.4896052542554 13.7042538844321,46.4896310350703 13.7041964825603,46.489712271332 13.7041965514006,46.4897552867324 13.7041970170237,46.4900462455136 13.7043488996588,46.4904358264031 13.7043347843873,46.4905365226888 13.7043340427768,46.4905371455881 13.7041903050828,46.490657874502 13.7041177806369,46.4908648830699 13.7041576561127,46.4908954549435 13.704388875352,46.4910727260013 13.7043890339449,46.4911122552689 13.7043901178309,46.4913824162697 13.7044799865547,46.4916573025407 13.704523252113,46.4917608081138 13.7045370693393,46.4917725967225 13.7047501400798,46.4919543839915 13.7054875219561,46.4920008803025 13.7055226249458,46.4920037967973 13.7055065737197,46.4920644938434 13.7054182977629,46.4923983031478 13.7052971918637,46.4925995441995 13.7052641193487,46.4929172130796 13.7052365914446,46.4931248752313 13.7052260355322,46.4932045053718 13.7052855023651,46.4935421155475 13.7052802807602,46.4935625062548 13.7052085435481,46.4938426430982 13.7049094202416,46.4941013381146 13.7048485138865,46.4941966071161 13.7048002351664,46.4942721238546 13.7048785154901,46.4947939354678 13.704978578675,46.4950073972987 13.7049418863436,46.4950214624664 13.7048894412178,46.4950415660751 13.7045639417394,46.4950995087708 13.7043235306914,46.4951730796572 13.7039884373535,46.4953057668784 13.7037352959068,46.495432544339 13.7031665401491,46.4956450827128 13.7030020717669,46.4957900482587 13.7029721806561,46.4959349204729 13.7030018585227,46.4959907684048 13.7029502903956,46.4960117763011 13.7029756142248,46.4960808903838 13.7029798042017,46.4961621806058 13.7030304698617,46.4961886267293 13.7030120241259,46.496138524087 13.7030032200236,46.4960595207511 13.7030669966981,46.4960400907989 13.7030198962811,46.4959827857215 13.7045953719313,46.4954875445694 13.7054229695102,46.4951765335052 13.7080732451176,46.49432012136 13.7109229505966,46.4933119575373 13.7148085254751,46.4918413173592 13.7160850033418,46.4913878121034 13.7171720030009,46.4910306842762 13.717763740068,46.4908834719974 13.7186049947996,46.4907390526972 13.7191849804853,46.4907147801093 13.719861163748,46.4907655366202 13.7203503375722,46.4908141967547 13.7209706894025,46.4909628389131 13.7214751258755,46.4911162998189 13.7219866888685,46.4913437933142 13.7223744917925,46.4915328344041 13.7231837965294,46.4919853339937 13.7239328783729,46.492350964794 13.7244277609495,46.4925350756772 13.7250300136192,46.4926958197193 13.725580155132,46.4928066764459 13.7260506619385,46.4928858737925 13.7265046088005,46.4929155813603 13.7271377219573,46.4929042758359 13.7277638459133,46.4928128159549 13.7284710689142,46.49267906887 13.7288927725626,46.4925606780888 13.729352165833,46.4923565134663 13.7298391022373,46.4921217932677 13.7304258309483,46.4918081957168 13.7311211935609,46.4914218453448 13.7313915663141,46.4912955582757 13.7317798592511,46.4910782692878 13.7323931208656,46.4907710737886 13.7331588198682,46.4904286760842 13.7336887009742,46.4902560444734 13.7340561250472,46.4901739212128 13.734601699681,46.4900938580776 13.734940867497,46.4900729586673 13.7354400459748,46.4900724514224 13.7358582924874,46.490101727124 13.7362579854573,46.4901615659459 13.7366217089306,46.4902334218478 13.7370563746261,46.490324413888 13.73794299108,46.4905252075003 13.7384932909715,46.4906237679817 13.7391766313429,46.4907544723237 13.7398686874501,46.4908914765266 13.7405082165177,46.4909848025353 13.7413527309817,46.4910804711268 13.7418684852474,46.4911354496441 13.7424737445758,46.4911729662537 13.7429897955889,46.4912094991693 13.7435780661927,46.4912098456235 13.7443808740345,46.4911879829571 13.7452016763993,46.4911539862337 13.7461029842357,46.4911085404636 13.7473698731748,46.4910548565253 13.748539392721,46.4909753514074 13.7514675412663,46.4907737047378 13.752048217773,46.490718593303 13.7525313943861,46.4906376737528 13.7528718243864,46.4905614035166 13.7533287224237,46.4904617502253 13.7540992084297,46.4902916466614 13.754618201199,46.4902049905333 13.7552344237671,46.4901501600311 13.7557248997324,46.4901371436397 13.7566511867085,46.4901719595947 13.7576752783222,46.4902078305333 13.7587884404825,46.490250776978 13.7596255235842,46.4902846006463 13.7602137860758,46.4902848614258 13.7607937506945,46.4902604675223 13.7610885109999,46.490232891415 13.7614109465347,46.4901625187688 13.7617069636641,46.4900795333091 13.7620937225887,46.4899298720786 13.7627222707874,46.4897274042973 13.7633856613262,46.4895621974174 13.7638686962672,46.4894690825168 13.7646443669916,46.4894591101264 13.7656518559612,46.4894454268576 13.7669626627812,46.4894228594911 13.7677651699091,46.4894069473557 13.7684877335681,46.4893778428958 13.76935358949,46.489319596217 13.7699967539394,46.4892588581364 13.7704796147882,46.4891901852163 13.7711054979118,46.4890984854511 13.7717685843912,46.4889395245629 13.7724864394701,46.4887256363563 13.7730881094278,46.4885228231016 13.7734666701767,46.4883361478488 13.7738994540789,46.4881129851402 13.7744585103808,46.4878235167539 13.7748109279888,46.4876056972478 13.7756140882566,46.4871588717936 13.7760913906623,46.4869361773743 13.7767383909424,46.4866969423865 13.7776442909305,46.4864420274377 13.7781362468824,46.4863611835048 13.7785286297018,46.4863469312723 13.7787698326518,46.486324855499 13.7788427705373,46.4870583482251 13.7789763806577,46.4870597748197 13.7791737448517,46.4870003425247 13.7792549269081,46.4869581135914 13.7793099709325,46.4868848359482 13.7793567109606,46.4867868179276 13.7793936317728,46.4867317906092 13.7803658002125,46.486699156942 13.7803758919275,46.4866439331527 13.7809569121353,46.4865701448218 13.7812249475717,46.48654223194 13.781359518841,46.4865005704707 13.7815568784868,46.4864411340125 13.7817182751669,46.4863997579196 13.7817915675241,46.4863082296673 13.7822092634369,46.4863619816824 13.7840749372672,46.4866344681113 13.7850887523774,46.4867377315453 13.7866450386918,46.486889838211 13.7874803069018,46.4870096297678 13.7875229288216,46.4870962726805 13.7876205783641,46.4871157517152 13.7886157556796,46.4872495559232 13.7892466059207,46.4873425173891 13.7897888004309,46.4874098855272 13.790233618362,46.4874454514068 13.7907148026026,46.4874505404759 13.7909914181344,46.4874351112538 13.7914653827987,46.487366255679 13.7918502772854,46.4872903392852 13.7921642102805,46.4872013463127 13.7925779784323,46.4870272155344 13.7930105378208,46.4868101860682 13.7935881810876,46.4864583813494 13.7941215094072,46.4861193319941 13.7947350478576,46.4857811254931 13.7952205657119,46.4855892974673 13.7955972666009,46.4854825124768 13.7959374716654,46.4854122296139 13.7962947026041,46.4853790125475 13.7967584360178,46.4853654487223 13.7972035160134,46.4853885744388 13.7976303432425,46.4854361582377 13.7981533364834,46.4855647342122 13.7988088568485,46.4857439132928 13.7997309109853,46.485968981754 13.8013183090048,46.4863303049022 13.8021088058662,46.4864554583081 13.8029272160901,46.4865255670309 13.8038450362726,46.486535170383 13.8043089122854,46.4865154594768 13.8048004297139,46.4864528500938 13.8054085188878,46.4863606866607 13.8068029688172,46.486172182228 13.8075983162673,46.4860758427842 13.8081957983846,46.4860574190926 13.8087033969678,46.4860811515276 13.8091659249902,46.4861229461782 13.8098060660091,46.4861910592939 13.8103394231471,46.4862581480334 13.8110682318424,46.4863519180763 13.8117706204244,46.4864268752066 13.8123487855226,46.4864821842232 13.8130256869941,46.4865014476059 13.813525108662,46.4864881861718 13.8140607500691,46.4864445285099 13.814605778709,46.486382431876 13.8150886943953,46.4863074532349 13.8156798601315,46.4861719643487 13.8173029532191,46.4857148905404 13.8181460120993,46.4854712408409 13.8191598157588,46.485161690797 13.8202628134024,46.4848468439747 13.8209793650842,46.4846819413692 13.8218200012597,46.4845489923429 13.8221240898553,46.484496703307 13.8229115942463,46.4843509631353 13.8231267381913,46.4842857899616 13.8232793786639,46.4842319392608 13.8237372947234,46.4840765937918 13.8240613415264,46.4839259880067 13.8245126533915,46.4836658467349 13.8253170771184,46.4831507581228 13.8257322999426,46.4829026571484 13.8262639400275,46.4826372157607 13.8287381291467,46.4815542445278 13.8301413537914,46.4809529439677 13.8307165628597,46.4807310230273 13.831388894448,46.4805470692502 13.8320151109173,46.4804364157814 13.8326937878382,46.4803694798563 13.8332647692444,46.4803445367711 13.8338880877073,46.4803631300612 13.8344572286888,46.4804182353619 13.8350255836318,46.4805102174307 13.8354956279811,46.4806196394709 13.8359296031271,46.4807410183025 13.8363539373186,46.4809053929071 13.8367511875933,46.4810818163073 13.8373860583635,46.4813961486663 13.8382404587444,46.4818604381077 13.8390516507942,46.4822687711657 13.8396243051055,46.4825763414669 13.8398507713447,46.4824061670506 13.8401044504059,46.4822117964111 13.8403749235168,46.4820667189757 13.8408599914936,46.4818869285383 13.8415597834592,46.4816723337055 13.8427361415945,46.481671917633 13.8433261462162,46.4815855774866 13.8441849130993,46.4814342036279 13.8444435185305,46.4814244910682 13.8448645028008,46.4813240192169 13.8452054023442,46.4812228271535 13.8455025489674,46.4810780968857 13.8458361541891,46.4808967562213 13.846495153804,46.4805032194873 13.8467568774692,46.4803457128302 13.8473700304928,46.4800133379944 13.8480810958491,46.4796818561462 13.8483428091238,46.4795244357103 13.848560899511,46.4793295978975 13.8487437008392,46.4791097527074 13.8488988986022,46.4789389328242 13.8492870322969,46.4787089174093 13.8509557208835,46.4781776894457 13.8512778446315,46.4781193861346 13.8516790093521,46.4781110890682 13.85214396541,46.4780357735992 13.852806695091,46.4778822772203 13.853477885846,46.4777473956015 13.8536745538484,46.4777094204932 13.8540345467592,46.4775405562378 13.8543498752748,46.4773775413087 13.8547442470578,46.4772706485151 13.8551114065626,46.4771820157208 13.8558801121159,46.4770726579309 13.8564228094481,46.4771150635178 13.8568306291988,46.4772114498018 13.8571718298963,46.4775165286306 13.8578238457946,46.4778678065601 13.8579565360149,46.4779184351344 13.8583209929857,46.4779589616634 13.8587233126649,46.4778953199971 13.8591964710754,46.4778569453214 13.8595002308178,46.4778168794702 13.8597330249336,46.4777637794076 13.8601538241358,46.4776694573226 13.8613819458227,46.477749348536 13.8615694363899,46.4777327712582 13.861897705434,46.4778037857818 13.8622155810222,46.4779423532303 13.8623824102192,46.4780610635414 13.8641046284753,46.4783798507537 13.8643520586268,46.4784807349605 13.8645472522971,46.478519650667 13.8647880037792,46.4785159227544 13.8652624417933,46.4784097884487 13.8657821784467,46.4782733317791 13.8661669117198,46.4781970736855 13.8664964675509,46.4782065484304 13.8669045697232,46.4782905756813 13.8672495378031,46.4784171616452 13.8675839908876,46.4786175076172 13.8677667598376,46.4788285868754 13.8679898471932,46.4792433065851 13.8680834271973,46.4794597103696 13.8681703197193,46.4795652951341 13.868320352021,46.4796344371089 13.8684896260078,46.4796361120191 13.8688472880918,46.479578110841 13.8692425410855,46.4794280813005 13.8694676264769,46.479319463854 13.8696666515586,46.4791737007999 13.8698279621492,46.4791321995146 13.870103626535,46.4791595750722 13.8708592719076,46.4792470213181 13.871171761022,46.4792193365103 13.8715564937969,46.4791430602892 13.8720146141617,46.4789690797272 13.8727519572006,46.4786500295781 13.8730746947377,46.4785546933649 13.8734411992702,46.4784967649489 13.8738440188294,46.478414541251 13.8742650538264,46.4783078437261 13.8747764176561,46.4781404941182 13.8754235281893,46.4778697523472 13.875891113372,46.47766507965 13.8768102146072,46.4771754076312 13.8772326276982,46.4770009654714 13.8777600366069,46.4769199510614 13.8779828123959,46.4769160189766 13.8781869966225,46.4769549096397 13.8785586751679,46.4770817234985 13.8790162569324,46.4773632264807 13.8796662694185,46.4778252028248 13.8802712532289,46.4783051783614 13.8805273178879,46.4784246458433 13.8814492135197,46.4786614696288 13.8821075947692,46.4787229685735 13.8823311397891,46.4786881759118 13.8826259088828,46.4786540787164 13.8828220005628,46.4786497865128 13.8830093631844,46.4786392907752 13.883233284628,46.4785860562313 13.8835385444751,46.4784719860622 13.8838343179268,46.478388682112 13.8846747107176,46.4782489707981 13.8851216667179,46.4781855816057 13.8854171811512,46.4781083889776 13.8856337483339,46.4779750049909 13.8857973059177,46.4778226603569 13.8860496690322,46.4776772984627 13.8862928040608,46.4775564978539 13.8864195479712,46.4774530072658 13.8865201037003,46.4773309077351 13.8866217856504,46.4771471897999 13.8868306221666,46.4769583069023 13.8871374959207,46.4767642597064 13.8875333025705,46.4765771947488 13.8877859101531,46.4764257134358 13.8880841765594,46.4762191641518 13.8882392343832,46.4760359636912 13.8884857366182,46.4757428090569 13.8887304856667,46.475542035799 13.8888927691723,46.4754450956889 13.889072389919,46.4753728855104 13.8892332997306,46.4753497967553 13.8893223575347,46.4753506617017 13.8895003526465,46.4753647160752 13.8897044152576,46.4754097029418 13.8900682554,46.4754808919572 13.89027294253,46.4754952041774 13.8904693973207,46.4754724585879 13.8906133449246,46.4754061078069 13.89089163012,46.4753040821635 13.8914561802174,46.4751494096268 13.8918428567062,46.4749745670829 13.8922458634122,46.4748676286496 13.8929180493448,46.4746770138488 13.8932492149772,46.4746062640162 13.893642489436,46.4745423219987 13.8939565632718,46.4744345171599 13.8944417658874,46.4742359669297 13.8948814345999,46.4740800701693 13.8955259092519,46.473932267773 13.8959830413414,46.4738011871476 13.8964404138493,46.4736516632071 13.8969590372114,46.473564177585 13.8973430741265,46.4735185775484 13.897753184587,46.4735102051076 13.8980843303742,46.473433323132 13.8985584149694,46.4733392831619 13.8987993929855,46.4733230700046 13.8989866095264,46.4733187546046 13.8992193492414,46.4732654836659 13.8995786756526,46.4731212113227 13.8999473519999,46.4729522860921 13.9002166240463,46.4728501510407 13.9017958414456,46.4722986970035 13.9025909498942,46.4721892787662 13.9034371006876,46.4722095410602 13.9037316978868,46.4721815957278 13.9038752506695,46.4721336682606 13.9040379922259,46.472012059297 13.9042728195302,46.4718542531645 13.9045874689655,46.471709447033 13.9048731186752,46.4712380418409 13.9050083017526,46.4711592631231 13.9052704287732,46.4709709466311 13.9057278770676,46.4708151783203 13.9064480215432,46.4708192776176 13.9069324917156,46.4706078916132 13.9072666789806,46.4704620952218 13.9079303465555,46.4702037433901 13.9088566630311,46.469820946523 13.9101333563029,46.4695366698093 13.9116884672773,46.4691068483671 13.913288247732,46.4687408589725 13.9145317763888,46.4685831654349 13.9157717255294,46.4686053641135 13.9171301959696,46.4688296642543 13.9182303182378,46.4689563167156 13.9188726073358,46.4690046761959 13.9197629238679,46.4688964884133 13.9207317461752,46.4686833200555 13.921624560879,46.4684481939267 13.922426917835,46.4681381633588 13.9230471123292,46.4677418402307 13.9237151304786,46.4672506857402 13.9245399837627,46.4665704461447 13.925362107847,46.4660278287817 13.9264610560439,46.4654241957023 13.9272641719558,46.465071852379 13.9283556056864,46.4648490630023 13.9296920250109,46.4646285562686 13.9308426032129,46.4645228076551 13.9317786468253,46.4644149538002 13.9327303836337,46.4642967122635 13.9337707928258,46.4643379964157 13.9347635982059,46.4644635793195 13.9356797905447,46.4645988771235 13.9360159419369,46.4646337644007 13.9361843939447,46.4646352415178 13.9364146463259,46.4646056237612 13.9366604661413,46.4645655338433 13.9371831825518,46.4644539718419 13.9379055573323,46.4643124125354 13.9385661280687,46.4642020344232 13.9392271068315,46.4640705133601 13.939842336258,46.4639279479367 13.9403340386955,46.4638372269413 13.940887128131,46.4637364559088 13.94148603974,46.4636494218714 13.941962095196,46.4635797819392 13.9422686778528,46.4635614749934 13.9425674771885,46.4635484034815 13.9428360943566,46.4635139092692 13.9430830019924,46.4634103868384 13.9433613453711,46.4632701767054 13.9435645802642,46.463055046944 13.9438376967956,46.4627877498877 13.944031990483,46.4626308371928 13.9442570314838,46.462479516238 13.9444258565535,46.4624546234861 13.9445635047244,46.4624665103549 13.9447992773463,46.4625480394701 13.9449958586308,46.4626768905986 13.9452307119896,46.462806094377 13.9454890902957,46.4629037552226 13.9456718474048,46.4629530343059 13.9459083374323,46.4629975901186 13.9460767814436,46.4629992325321 13.9462459423345,46.4629637237436 13.9464768957836,46.4628971145663 13.9466237284157,46.4628244219053 13.9468327641722,46.4626993096432 13.9470334302596,46.4626165857199 13.947218329497,46.462554769253 13.9475878477934,46.4624523657355 13.9478184907165,46.4624016756577 13.9480953630243,46.462330177449 13.9483884388367,46.4622217599762 13.9486743144365,46.4620815161903 13.9489912138661,46.4619257221054 13.9494552419128,46.4616813988527 13.949863705066,46.4615369698992 13.9502566283221,46.4614084114847 13.9505869205709,46.4613479240508 13.9510318451909,46.4613045018079 13.9513762767077,46.4613076605296 13.9516815229547,46.4613581430669 13.9519553682752,46.4614506228761 13.9523963361004,46.4616134600232 13.9527763009568,46.4617598122009 13.9530887242498,46.4618368078408 13.9533329976474,46.4618761113324 13.9535848213924,46.4619154833874 13.9538436442318,46.4619972947276 13.9540478254313,46.462131418063 13.9542367471216,46.4622601832408 13.9544032672649,46.4623622021785 13.9545858259454,46.4624221716138 13.9548069625158,46.4624664787005 13.9551129276523,46.4624798910417 13.9553813290987,46.4624559818359 13.9556658012385,46.4623950611981 13.9559581237556,46.4623184667928 13.9562051317339,46.4622149169469 13.9564602955651,46.4620796816213 13.9567472906204,46.4618865255923 13.9569880001054,46.4617035631586 13.9572204503881,46.4615575924971 13.9576369761208,46.4613920663828 13.9579995941305,46.4612472804802 13.9584067195049,46.4611716357945 13.9589975415891,46.4611030601302 13.9593955018331,46.4611119901608 13.9597390249436,46.4611627994653 13.9599608648502,46.4611701253694 13.9601452704597,46.4611400428802 13.9604759529864,46.4610583875132 13.9608695535808,46.4608927312047 13.9613010913521,46.4607379445875 13.9618717107947,46.4605262983933 13.9624804670006,46.4603149053691 13.9631260807975,46.4601779784731 13.9637166869071,46.460119902946 13.9641692440647,46.4600711005579 13.9646439364091,46.4600701808223 13.965493042121,46.4601044059983 13.9658825143789,46.4601556124954 13.9662652081211,46.4601591623206 13.9666326441659,46.4601571748052 13.967024118736,46.4601025909131 13.9674237741812,46.4600215384279 13.9677854582651,46.4599243071278 13.9681544902726,46.4598377574283 13.9686549882508,46.459683565233 13.9690100867331,46.4595280601432 13.9693352616722,46.4593299984196 13.969714262971,46.459121804251 13.9701313299621,46.4589245680704 13.9705476971151,46.4587643016967 13.971079694032,46.4585680965558 13.9716489294178,46.4584198178762 13.9723340616988,46.458214367345 13.973033751577,46.458051419263 13.973626182685,46.4578875043248 13.9743499963813,46.4576665541523 13.9747203943811,46.4575058602864 13.9750376902354,46.4573235463736 13.9752015844974,46.4571504734967 13.97530532645,46.4569291773632 13.975315655134,46.4567810894346 13.9754103277601,46.4566337571865 13.9756902108836,46.4563982039256 13.9759225890057,46.4562521945266 13.9761231897297,46.4561693289625 13.9763458044165,46.4561343441634 13.9766135729458,46.4561420488787 13.9768117930115,46.456186198356 13.9769867094022,46.4562512819656 13.9771528261645,46.456369188925 13.9773267532576,46.4564871654839 13.9774632070543,46.456562430886 13.9775853591671,46.4565741394644 13.9777234953897,46.4565595396351 13.9777779811851,46.4565071243493 13.9777967069053,46.4563273518614 13.977892231645,46.4561271228468 13.9780392017006,46.4560438645556 13.9782316244228,46.4559873733742 13.978408323539,46.4559571925732 13.9786461954892,46.4559276478144 13.9788082949066,46.4558497419077 13.9792561209742,46.4556474388146 13.9798484103197,46.455488708599 13.9804245779526,46.4553775156553 13.9809929961393,46.4552768672114 13.9815299085603,46.45521813127 13.9819434516682,46.455206068672 13.9824713024493,46.455221382878 13.9828220968962,46.4552933305282 13.9833174242473,46.4554194644238 13.9836450843844,46.4554965121033 13.9838819677604,46.455519849992 13.9841270241969,46.4555167188595 13.9843567202742,46.4555135407579 13.984671907788,46.4554422942356 13.98505712801,46.455308149618 13.9854430330286,46.4551370321301 13.9857829919088,46.4549654159026 13.9861846114033,46.4547679841044 13.9864168580149,46.4546271704574 13.9866277646224,46.4544015954878 13.9868791605828,46.454049341244 13.9871084317559,46.4536545146213 13.9872959043485,46.4534497838033 13.9875371601343,46.4532297840931 13.9877301517396,46.4531415225533 13.9878910852989,46.453132420458 13.9880974744847,46.4531500815509 13.9883881357291,46.4531580512354 13.9886724255774,46.4531023550697 13.9889195272029,46.4529881188477 13.9890301667718,46.4527986305407 13.9890596321845,46.4524444093115 13.9890005405082,46.4519094652363 13.9889563179966,46.4514011037158 13.9890382949336,46.4511002490004 13.9892414999079,46.450874511041 13.9895728598752,46.4507504915544 13.9898800401936,46.4506950845895 13.9903710869629,46.4506359020027 13.9909681330812,46.4506307349153 13.9914653905569,46.4506510459406 13.9917858434598,46.4507015556278 13.9922661832359,46.4508063757902 13.9930825336178,46.4509512205464 13.9935558821723,46.451018906089 13.9939380282434,46.451048809709 13.9943434063453,46.4510682998901 13.995216662151,46.4510284715501 13.9962279384354,46.4509792316019 13.9972466969401,46.450940664776 13.9982953593593,46.450939418446 13.9996979117037,46.4508407619996 14.0002846656972,46.4507650097378 14.0007842948833,46.4506772470077 14.0011858803593,46.4505837674566 14.0015877765393,46.4504660872794 14.001919474659,46.4503575098193 14.0022518811517,46.4502100705387 14.0025916253481,46.4500384923569 14.002988652347,46.4498092019849 14.0033576517073,46.4495748975636 14.0035785305794,46.4493828469558 14.0039840769227,46.449071304779 14.0042690431442,46.4488264587524 14.0046951820137,46.44853443688 14.0051698924211,46.4482767546433 14.005615605462,46.4480673121375 14.0062221194802,46.4478834672777 14.0068067055732,46.4477528709575 14.0071937227963,46.447678587318 14.0074856878198,46.4476634874756 14.0081791275237,46.4476308164957 14.008906141038,46.4475985222495 14.0095815566489,46.4474830041061 14.0096797415427,46.4474662202677 14.0107246544445,46.4471507421599 14.0117923459562,46.446820156426 14.012847857753,46.4465434376022 14.0137119653562,46.4463422527412 14.0148999669379,46.4461516792209 14.0154393237913,46.4459863705584 14.0160814983736,46.4456983251642 14.0168933635203,46.4452959435836 14.0175031979268,46.4449380653117 14.0183837260698,46.4444435038618 14.018937297803,46.4441083472338 14.0197249349972,46.4438061442255 14.0202881593463,46.4435560854922 14.0205584362351,46.4434425191562 14.0209959145514,46.4433457685502 14.0214111374245,46.4432489158004 14.021670494676,46.4431198685087 14.022280687305,46.4427388454208 14.0227662350843,46.4424571606216 14.0231149851657,46.442328783921 14.0235748305949,46.4422323044725 14.0244726791078,46.4420159414226 14.0251788822758,46.4418906070597 14.0259516840774,46.4417890478857 14.026489313001,46.4417164314857 14.0266791622539,46.4417256949164 14.0267675967599,46.4417805195773 14.0268981888293,46.4419747966591 14.0269305236554,46.4420446186733 14.0290047483216,46.4416527952362 14.0294323089245,46.4414826025114 14.0301974623636,46.4411878739099 14.0311097528509,46.4407784154054 14.031999913957,46.4403611148324 14.0330028005038,46.4398829510787 14.0338357460149,46.4395423467165 14.0347920606329,46.4391719178409 14.035343570719,46.4389448082921 14.035917864713,46.4386947658325 14.0367065568906,46.438322907684 14.0370901849657,46.438109850293 14.0380947467469,46.4375389866208 14.0392791592928,46.4369000782108 14.0400461008042,46.4364894170265 14.040914152,46.4360486489571 14.0415551290492,46.4358145222283 14.0425659217738,46.4355217691335 14.0435880340369,46.4352136268962 14.0444429570085,46.4348808663337 14.0448239673048,46.4348145023953 14.0453496353136,46.4347880320365 14.0458296009218,46.4348152500196 14.0463644432438,46.4348969057201 14.0469205873607,46.4350406359266 14.047320341082,46.4351829707304 14.0477430137723,46.435294635212 14.0482890519029,46.4353764650935 14.0489471324223,46.4354360119062 14.0494391026319,46.4354168899607 14.0497748098006,46.4353888201291 14.05004377901,46.4353446301152 14.0503699096695,46.4352160722862 14.0510011176474,46.4349046170854 14.051665761086,46.4345856982269 14.0519024948981,46.4344640421115 14.0521946386112,46.4343737944944 14.0527220444911,46.4342390705305 14.0534156897705,46.4341830946213 14.0537962808108,46.4341475570883 14.0540544535928,46.4340724985077 14.0544595623749,46.4339058950823 14.0551003236091,46.4336794280497 14.0553708797779,46.4335426592978 14.0555984131904,46.4333050379237 14.0558247436465,46.4331369531117 14.0561292672014,46.43296951325 14.0564135388872,46.4326861138374 14.0565402251532,46.4324631332869 14.056632940807,46.4322707321409 14.0567051418258,46.4319701074852 14.0567790740562,46.4315690902946 14.0568840423061,46.431314980439 14.0570770559174,46.4311389708619 14.0574371132802,46.4309873702607 14.0578528444621,46.4308517920573 14.058267908865,46.4307548040746 14.0586034546858,46.4307266170257 14.0587601021992,46.4307125215337 14.0591388050718,46.4307850948809 14.0595377618572,46.4309738051478 14.0596805660519,46.431113983437 14.0598802464769,46.4311929095629 14.0600916454837,46.4312487193397 14.0604265287136,46.4312592086861 14.06060555665,46.4312452045726 14.0607402233249,46.4312154509287 14.0610216807318,46.4310864057708 14.0612589085451,46.4309338745109 14.0614305917125,46.4306957829767 14.0616943050388,46.4302963199782 14.0619225896722,46.4300200948548 14.0622501190081,46.4298064926749 14.0626104146419,46.4296472302499 14.0633179611511,46.4294290019224 14.0638772716276,46.4293871571086 14.0643586534936,46.4293293770582 14.0650652645829,46.4291652023736 14.0657721358632,46.4289855505654 14.0663551369589,46.4288589552609 14.0669940758429,46.4287329033438 14.0677351584482,46.4285149212744 14.0685650859832,46.4283285178613 14.0695754701619,46.4280354325374 14.0702490092747,46.4278400969284 14.0711459172797,46.4276542193198 14.0715608031214,46.4275649190569 14.0720659814727,46.4274145404205 14.072526928384,46.4272405885032 14.0728761206537,46.427073466201 14.0730797340548,46.4269206378241 14.0735182966065,46.426754237906 14.0738431443362,46.4267027971089 14.0742003790055,46.4267134271579 14.0745233957858,46.4267701138613 14.0748012691398,46.4268572942309 14.0749573797271,46.4268740320056 14.0751142755482,46.4268443512637 14.0753393436612,46.4267457645059 14.0757548682719,46.4266178569433 14.0760899882934,46.4266128274697 14.0764798753124,46.4266776963516 14.076714041286,46.4267027994974 14.0770949564293,46.4266440646772 14.0774538852755,46.4265542914228 14.0779054435207,46.4262720978167 14.0787864308357,46.4256997895198 14.0794674502448,46.4250641452902 14.0803498283648,46.4243992566221 14.0813085519943,46.4238507662093 14.0814370702095,46.4237825214619 14.0807556108749,46.4231695661751 14.0806844847791,46.4231904073484 14.0804054388912,46.4232818228506 14.0801725605515,46.423320166665 14.0800894061224,46.4232748725115 14.0800646253095,46.4232166423176 14.0800855075615,46.4231276497237 14.0801712340107,46.4230122775932 14.0812872945605,46.4222583908477 14.0814435918823,46.4221703958319 14.0815410471026,46.4221310518224 14.0816706130687,46.422100872658 14.0817935252539,46.4220795469839 14.0818844019519,46.4220445584062 14.0819367936239,46.4220003537401 14.0819769805601,46.4219159243085 14.0819713009421,46.4218667549151 14.0819724983978,46.4217954180574 14.0820061070611,46.42171534435 14.0821624001662,46.4216274382818 14.0824547624742,46.4215093141607 14.0825978035546,46.4214435238388 14.0826440642417,46.4213769570173 14.0831468989433,46.4210196687205 14.0839183635893,46.4204145928166 14.0841602691423,46.4202247136219 14.0843881011025,46.4201060677188 14.0844465645301,46.420079724635 14.0844794953914,46.420039861502 14.0844930446565,46.4199998431969 14.0844872686609,46.4199640787251 14.0844555319912,46.4199326049307 14.084404489142,46.419896478036 14.0843403443217,46.4198736517937 14.0842242591926,46.4198683136854 14.0841665445286,46.4198499473858 14.0841542634023,46.4198142207694 14.0841741866171,46.4197742535473 14.0842132492912,46.4197566622739 14.0843035226714,46.4197573851641 14.0844131022215,46.4197627610762 14.0845092831865,46.419799159364 14.0845990889961,46.4198355965092 14.0847017915308,46.4198632297433 14.0848438562649,46.4198553696928 14.0849796194192,46.4198431404671 14.085050586709,46.4198392097706 14.0851737715736,46.4198089755757 14.0852712402977,46.4197606314483 14.085356557043,46.4196765617829 14.085441873525,46.4195924920507 14.0856122267351,46.4194332572211 14.0857432005975,46.4193183326105 14.085913086796,46.4191947218573 14.0860823190624,46.4191024153108 14.0863687522703,46.4189485155261 14.0864406672658,46.4188955576882 14.0864998721204,46.418824684141 14.0865669221164,46.4186735296854 14.086613920708,46.4185623418204 14.0866737213153,46.4184557546993 14.0867603000194,46.418295849022 14.0868203989148,46.4181713600965 14.0868023390782,46.4180998693688 14.0867711233057,46.4180371806447 14.0865805217376,46.4182408808091 14.0863320358703,46.4184441181878 14.0860973198455,46.4185939326944 14.0858825241051,46.4187037791669 14.0856552245571,46.4187911226375 14.0854418252517,46.4188251344229 14.0852674310127,46.4188371451654 14.0850547228464,46.4188220379343 14.0847454620308,46.4187928419696 14.0843655353074,46.4187496737918 14.0841273727669,46.4187164569177 14.0839477258924,46.4186614856207 14.0837745459632,46.4185932502384 14.0836279057444,46.4184939175757 14.0834745207561,46.418401188474 14.0833030433004,46.4182392168806 14.0828655634353,46.4177805489466 14.0823905825444,46.417254640413 14.0819789474398,46.4167916778574 14.0816698432007,46.4163742524916 14.0811393144398,46.4156872053504 14.0803566531462,46.4146546211547 14.0796813177786,46.4137700868644 14.079390671955,46.4134018375477 14.079011420113,46.4129347161059 14.0785505210277,46.4123419665006 14.0781221320268,46.4117271643758 14.077818687545,46.4113632162947 14.0776929044842,46.4111703847825 14.0773713866263,46.4107215374904 14.0772135047457,46.4105194493936 14.0771130056189,46.4103624495622 14.0770510572095,46.4102102593116 14.077001910083,46.4100625809036 14.0769908422381,46.4099553366846 14.0770120260833,46.4098484427512 14.0770733408453,46.4096526219495 14.077146627521,46.4095104301866 14.0771945196418,46.4093546278408 14.0772447649843,46.4090515627022 14.077274653714,46.4088063642651 14.0772721395587,46.4085698114372 14.0772821024329,46.4083646690258 14.0773041133231,46.4082086577666 14.0773589241942,46.4080126943097 14.0774797215358,46.4077370094379 14.0777596362025,46.4072037624958 14.0781247966163,46.4065820412427 14.0783380182356,46.4061776328005 14.0785173316497,46.4058711985732 14.0787355472905,46.4055560804065 14.0789281817995,46.4052229415882 14.079095740927,46.4048494736101 14.0791181205116,46.404671152174 14.0791274202072,46.4044972239279 14.0790923483208,46.404278222962 14.0790436305488,46.4041127345596 14.0789683585041,46.4039872491204 14.0788737125136,46.4038615176002 14.0786766416815,46.40368592684 14.0784984236728,46.4035416174919 14.0782433383947,46.4033744655458 14.0779688233394,46.4032027478027 14.0776116958088,46.4029633349429 14.0773314367626,46.4027468539202 14.0770138166152,46.4024632224705 14.0767152203002,46.4021930593771 14.0762889129087,46.4018460186899 14.0758046379787,46.4014895108447 14.0750974753892,46.4009706907298 14.0746773121216,46.4006460063658 14.0743340700252,46.400348664418 14.0740481446056,46.4000920024423 14.0738704771494,46.3999165603784 14.0736808453677,46.39968739859 14.0735423064886,46.3994899602313 14.0734484359883,46.3993196049314 14.0733737878719,46.3991584023842 14.0731947413684,46.3986883840137 14.0729847359629,46.3981422690489 14.0727924665454,46.3976855484027 14.0727184275335,46.3974886319447 14.0726884494068,46.3973545124217 14.0726837633347,46.3972473192962 14.0726922289021,46.397131415689 14.0727075196667,46.3969887561506 14.0727238694654,46.3967835755405 14.072723037307,46.3964488776842 14.0727361885199,46.3960563520454 14.0727681313096,46.3956906100944 14.0728046074578,46.3954410571043 14.0728667521878,46.3951961207771 14.072975653665,46.3948623124772 14.0731293125668,46.3945422724888 14.0732953666639,46.3942580511229 14.0735215205016,46.3938493470542 14.073613617833,46.3937474365481 14.07385664941,46.3934860607037 14.0738833722614,46.3934283359538 14.0738841270866,46.3933837165621 14.073878230561,46.3933479504081 14.073846440665,46.3933208816468 14.073769383864,46.3933024433048 14.0736147437178,46.3932966920884 14.0732919322402,46.3933163892018 14.0729886433943,46.3933273365634 14.0727502191154,46.393316496362 14.0725958046005,46.3932974299217 14.0724546410562,46.3932560680335 14.0724101299672,46.3932200785476 14.0723792478264,46.3931394841256 14.0723742592607,46.3930501926414 14.0724012658868,46.3929834734562 14.0725124547952,46.3928906257966 14.0726360604507,46.3928246900207 14.0728829677081,46.3927107197879 14.0731431782155,46.3925789526624 14.0734044456545,46.3923846638067 14.0736527847201,46.3921858610485 14.0738431151041,46.3919955850104 14.0739680013782,46.3918537228045 14.0740800144999,46.3917118461939 14.0741589540473,46.3916188257527 14.074309333281,46.3914994823276 14.0744724512321,46.3913803317789 14.0745966327317,46.3912876772014 14.0746820187504,46.3911901200513 14.0747423188181,46.3910612299567 14.0747570747758,46.3909497855459 14.0747399657524,46.3908157705391 14.0746902379049,46.3907038043453 14.0746082684565,46.3905915772131 14.0744750431573,46.3904655295249 14.0741946316853,46.3902625346843 14.0739461434017,46.3900864290443 14.0737937752208,46.3899469098378 14.073724604694,46.3898391942935 14.0737074985055,46.3897051791275 14.073734953794,46.3896117418881 14.0737635464064,46.3895663582792 14.073748653685,46.389562818755 14.0733953394607,46.3894885194644 14.073190002828,46.3894289141669 14.0729911130117,46.3893648622208 14.0728124052294,46.3892607566066 14.072563092435,46.3891338552899 14.0722618676424,46.3890243464945 14.0719662370039,46.3889684149574 14.0717663666494,46.3889623841122 14.0715921412422,46.3889698768179 14.07136577505,46.3890081657182 14.0709512500746,46.389116452427 14.0705885640673,46.3892116633539 14.0703173109066,46.3892362696518 14.0701236374935,46.3892481005451 14.0699242768741,46.3892196678852 14.0697769267637,46.3891605280768 14.0695854517295,46.3890429978634 14.069342724114,46.3889116445516 14.0689265527193,46.3887342530697 14.0686000530801,46.3885977174976 14.068318361152,46.3884794502768 14.0680947277706,46.3883571569859 14.0678786582636,46.3881724851324 14.0676941472744,46.3880281971755 14.0676248913987,46.3879339728293 14.0675819840093,46.387804244856 14.0675587516803,46.3876567730986 14.0675434075942,46.3874202045201 14.0675258606939,46.3873129960899 14.0674765089882,46.3871876240847 14.0673823730396,46.3870351654575 14.0672941291945,46.3869184732493 14.0672693996036,46.386851333198 14.0672575181638,46.386793205061 14.0672718097192,46.3867174761787 14.0672665249746,46.3866460861579 14.0672423821798,46.386552139559 14.0671982599756,46.3864938383876 14.067096562499,46.3864037576215 14.0668920813973,46.3862950238399 14.0667259598369,46.386208915555 14.0665284370068,46.3860734265816 14.0663759688932,46.3859338965559 14.066293925014,46.3858350684101 14.0662072071495,46.3856291366592 14.0661326000029,46.385467839341 14.0660449704166,46.385315432699 14.065943884647,46.3851897274015 14.0658927342682,46.385162498237 14.0657836818238,46.3851303874359 14.0657132157427,46.3851074989276 14.0656357926185,46.3851113648609 14.0655130563765,46.3851192690152 14.0653965690313,46.3851495368985 14.0651899629613,46.3851657522754 14.0648660538704,46.385252354979 14.0646846529659,46.3852999954723 14.0644974168338,46.3853162780617 14.0643039083709,46.3853191933243 14.0641177390514,46.3852730442083 14.0639062332896,46.3851955574431 14.0637915750997,46.3851187732767 14.0637097885652,46.3849976325778 14.0636150576801,46.3848807943941 14.0634942824313,46.3847816470442 14.0633280939099,46.3847000317904 14.0631810693914,46.3846229818745 14.0630728600034,46.3845417512646 14.0629209936903,46.3843754101797 14.0626937679448,46.3840924786652 14.0624316252654,46.3835862224388 14.0623121534739,46.3834112389968 14.0622362621874,46.3833257740412 14.0621216857289,46.3832445802648 14.0619680148047,46.3831763813759 14.0617887364276,46.3831079721766 14.0616354244206,46.3830264600827 14.0614884067741,46.3829494080194 14.0613615225704,46.382827895442 14.0612664935528,46.3827289570354 14.0611991675443,46.3825231805536 14.0610963954593,46.3821252049197 14.0610989185358,46.3819780331358 14.0611325867119,46.3819023740804 14.0611723399107,46.381835762071 14.0612055695034,46.3817780935857 14.0611873489052,46.3817110055912 14.0611050908698,46.3816255775557 14.0610164109427,46.3815355981768 14.0607814069247,46.3813284443703 14.0605790234468,46.3810992452666 14.0605028309449,46.3810316808731 14.0604136174404,46.3809729165636 14.0602725690473,46.3809272218559 14.0601313696045,46.3808903428887 14.059918969237,46.3808662840852 14.0597514203405,46.3808649065011 14.0595963797014,46.380877037218 14.0593834962648,46.3808886919282 14.0592157400794,46.3808918104033 14.0590740051772,46.3808861456564 14.0589196306968,46.3808670610048 14.0586694685272,46.3807936549054 14.0584900721215,46.3807252395252 14.0583943605937,46.3806665101026 14.0582544670863,46.3805537940219 14.058127878718,46.3804233731046 14.0579503254938,46.3802479065676 14.0577279003641,46.3800586643148 14.0575301913363,46.3799365637654 14.0573773559289,46.379828238475 14.0572438108457,46.379724570572 14.0571417582276,46.3796567907073 14.0569691731703,46.3795706148266 14.0567706992015,46.379493132264 14.0566424498235,46.3794519472167 14.0565591503146,46.3794200400301 14.0564632137877,46.3793746228281 14.0564062423343,46.3793161214104 14.0563687914087,46.3792488739245 14.0563638298719,46.3791595817326 14.0563920003254,46.3790260272994 14.0564662978031,46.3788258250712 14.0564809103837,46.3787321958407 14.0564752560125,46.3786831149767 14.0564504423599,46.3786293774673 14.0563996871822,46.3785798344639 14.0563425616264,46.3785303288368 14.0562016779742,46.3784756333374 14.0560345445609,46.378443033783 14.0557193903647,46.3784003045895 14.0554425092325,46.3783846120811 14.0551264325204,46.3783954063945 14.0547587545893,46.3784057732883 14.0544175808382,46.3783718225166 14.0542668716067,46.3783517721959 14.0546027217994,46.3780539562053 14.0548540425085,46.377833175538 14.0550858679918,46.3776723338684 14.0551243709805,46.3775955468517 14.0551326228421,46.3774713650283 14.0550424074573,46.3773206377959 14.05482415708,46.3770489208301 14.0547217431726,46.3768895452506 14.0546740720963,46.3767819956294 14.0546505776252,46.3767046961992 14.0546328779124,46.376653176394 14.0546260016413,46.3763360615304 14.0546537284737,46.3761605772754 14.0547361031205,46.3760498740889 14.0548669629535,46.3759994923371 14.0549787182339,46.3759790028831 14.0550840683694,46.3759756448641 14.0551953068445,46.375985111293 14.0552939017067,46.3760116576292 14.055392349295,46.3760467499147 14.0554907241084,46.3760860701542 14.0556316400443,46.3761686578533 14.0557106721344,46.3762592816002 14.0557886146688,46.37640558838 14.0558852166612,46.3765478205281 14.0559886674131,46.376647192939 14.0560926918572,46.3767208382685 14.0562585825759,46.3767950840926 14.0563448318989,46.3768215276249 14.0565169064243,46.3768915054941 14.0566463646001,46.3769225339486 14.056376134515,46.3768003728372 14.0561126065435,46.3766438974641 14.0559786082295,46.3765143126136 14.0558761363728,46.3763506189661 14.0557983409875,46.3761957662088 14.055727449951,46.3760023728233 14.0556458547513,46.3757060540527 14.0555958587305,46.3753713986034 14.0555250822126,46.3748095744313 14.055533519764,46.3743126438327 14.0555378034394,46.3740641790535 14.0554965933374,46.3739438172211 14.0554423885479,46.3738533983765 14.0553399216026,46.3736897941807 14.0551220357638,46.3734052147488 14.054959113042,46.373159596791 14.0548030943512,46.3728755280223 14.0546779516361,46.3725874856456 14.0545909975889,46.3722482953831 14.054494230784,46.3717547234043 14.0544302716129,46.3715142415031 14.0544018545741,46.3713683432363 14.0544050328155,46.3711841985957 14.0544132851127,46.3710600166913 14.0544159478209,46.3709057381979 14.0543308919014,46.3708107450322 14.0542078350503,46.3707712196006 14.0540904438301,46.3707573826818 14.0540037432903,46.3707652126881 14.0538667317663,46.3708112239723 14.0536174573143,46.370907679526 14.0534742624021,46.3709579577771 14.0533191102386,46.370978086491 14.053189445692,46.3709599183908 14.05302974018,46.3708900378623 14.0528895818942,46.3707646268772 14.0527559771429,46.3706135382577 14.0526396972714,46.3705354696517 14.0525414837896,46.3704875110189 14.0524365696589,46.3704737757841 14.0523126443349,46.3704770673816 14.0522316817009,46.3705063567344 14.0521753364593,46.3705401687046 14.0521311699465,46.3705912660938 14.0521110294532,46.3706810702895 14.0520755045972,46.3709463706281 14.0520578212771,46.3712547350899 14.0520297931271,46.3714473108854 14.0519783508871,46.3715582686679 14.0519155257133,46.3716134399115 14.0518340411871,46.3716727750109 14.0517405822571,46.3717105076481 14.0515853526084,46.3717349519805 14.0514428218739,46.3717466355746 14.0511884879363,46.3717744858466 14.0508908568251,46.3718106134083 14.0506797248092,46.3718431397461 14.0504866382162,46.3719144131596 14.0503179476609,46.3720029833823 14.050111697876,46.3721212017379 14.0499680520362,46.3721971136182 14.0498622611716,46.3722262849723 14.0497627099714,46.3722554181104 14.0496635300584,46.3722631411185 14.049477645027,46.3722787805479 14.0492668636082,46.3722984413186 14.0489815199335,46.372330347459 14.0487892478911,46.3723544799053 14.0484912603154,46.3724033741551 14.0482302916715,46.3724612129938 14.047981445462,46.3725320180376 14.0477948163921,46.3725903848222 14.0476514083668,46.3726448826411 14.0474960806318,46.3726821864748 14.0473284998593,46.3727065221408 14.047136449554,46.3727177877837 14.0468828540315,46.3727028083746 14.0465861858448,46.3726831506572 14.0463511738915,46.3726684149876 14.0461472453438,46.3726452109321 14.0459378776284,46.3725835434578 14.0457660543789,46.3725006858196 14.0455827252814,46.3723620397539 14.0454607920958,46.3722581849329 14.0453749283742,46.3722103232485 14.0452887653824,46.3721796434876 14.0452023046081,46.3721660556912 14.0451031789778,46.3721780938115 14.045028316713,46.3722075189741 14.0449720215743,46.3722455564509 14.0449206380231,46.3723522829005 14.044875737369,46.3724375603759 14.0448305179686,46.3725485669137 14.0447980919396,46.3726340385312 14.044684697459,46.3727487041211 14.0445531632056,46.372837666226 14.044220351989,46.3731090268683 14.0440691103723,46.3732620630641 14.0439041019276,46.3734963178386 14.0437639893847,46.3737265519229 14.0435991274108,46.3739522602099 14.0434792646433,46.3740797363494 14.04342772719,46.374195008066 14.0434199933374,46.374280595862 14.0434305239663,46.3743921581578 14.0434652270433,46.3745337930682 14.0435175627533,46.3747227203162 14.0435342775733,46.3748300157104 14.0435258507074,46.3749627425622 14.0435043482895,46.3751296390221 14.0434769602047,46.375283710344 14.0434751647839,46.3753865322819 14.0434972406179,46.3755366987528 14.0435140325878,46.3756395861971 14.0435179511847,46.375772506268 14.0434914821131,46.3758664845811 14.0434652905793,46.3759520079267 14.0434084850508,46.3760115434317 14.0432772424926,46.3760832320193 14.0431462981545,46.3761378284463 14.0425361060476,46.3763469418494 14.0423682115692,46.3763884520881 14.042219503754,46.3763957538407 14.0420710948031,46.3763859633992 14.0418246965846,46.376315340989 14.041572116349,46.3762488948708 14.0413131665403,46.3761824847618 14.041084606592,46.3761548365432 14.0407632455358,46.3761264993794 14.0405839799832,46.3761121295379 14.0404606976768,46.3760853633488 14.0403933427109,46.3760419718826 14.040308152142,46.3759556044498 14.0401931557292,46.3758046574423 14.0400461754724,46.3757134525269 14.0398925620549,46.3756521520987 14.0397260949339,46.37561224661 14.0395838530504,46.3756067333684 14.0394286828902,46.375626843078 14.0390553280044,46.375739408903 14.0388938229577,46.3757723305151 14.0387509993146,46.3757925430795 14.0386272671204,46.3757915028603 14.0384912835361,46.3757774936232 14.0383432528634,46.375746288401 14.0381643651798,46.3757105048213 14.0380286619713,46.3756879501381 14.0379605574198,46.3756873771679 14.0378487966367,46.3757078499455 14.0377489310354,46.3757541544475 14.0375798321015,46.3758641155238 14.0374858284006,46.3759318822522 14.037317556807,46.3759947050521 14.0371565006453,46.3760019862289 14.0370018567341,46.3759920467325 14.036872488154,46.375956678161 14.0367559937509,46.3758914575217 14.0366706385821,46.3758221804925 14.0365983298941,46.3757058684672 14.0364843980819,46.3754950059341 14.0362209298137,46.3749914665895 14.0361184440837,46.3748320736406 14.0360636674734,46.374775919771 14.0359902091213,46.3747324742456 14.0358854621162,46.3747016307333 14.0357496879601,46.3746833013825 14.0355581020943,46.374660272502 14.0354160136635,46.3746462081105 14.0352927356753,46.374619526345 14.0352128147232,46.3745888016927 14.0351453897323,46.3745497251418 14.0350662232165,46.3744761805022 14.0349882089527,46.3743298588981 14.0349230285062,46.3741707796848 14.0348389827006,46.3740200884506 14.0347479429119,46.3739122543366 14.03460729132,46.3738167771981 14.034397934064,46.3737549987135 14.0341885756992,46.3736933098063 14.0339975238011,46.3736402324569 14.0337882424927,46.3735742248514 14.0336714553422,46.3735260930771 14.0335736311034,46.3734567083259 14.0335068133477,46.3733833569298 14.033459110825,46.3732801167136 14.0333399956719,46.3730177436417 14.0332559559577,46.3728670512609 14.0332519861642,46.3727384489355 14.0332784711667,46.3726444730655 14.0333173249712,46.3725419645252 14.0334517476008,46.3722902819371 14.0334920146781,46.3721149986159 14.0334768311469,46.3719220620925 14.0334122849525,46.3717200710656 14.0333971763848,46.3715229065074 14.0334682989352,46.3713521126454 14.033651627894,46.3711351221717 14.0339366268196,46.3707690984461 14.0340771501659,46.3705174665947 14.0341618981529,46.3702740006896 14.0342522046462,46.3700690893255 14.0343787934079,46.3699073105704 14.0345928912571,46.3696992156077 14.0348131508664,46.3694954008956 14.0349210024883,46.3693420106278 14.034997620013,46.3692056311311 14.0350558612129,46.369064687917 14.0350777637134,46.3688763830863 14.035074996962,46.3686792328353 14.0350286531664,46.368498899333 14.0349570355206,46.3683440842689 14.0348060900347,46.3681328174176 14.0346251427389,46.3678613762366 14.0345162642095,46.3677191121742 14.0344189786106,46.3676196822312 14.034258874347,46.3675669565521 14.0341294528656,46.3675358130102 14.0340057378979,46.3675348578905 14.0338752586924,46.3675637159301 14.033787826249,46.3676058034594 14.0336753253493,46.3676690922214 14.0336249825401,46.3677158116827 14.0335740351358,46.3677968050459 14.0335097599582,46.3679333779174 14.0334385675626,46.3681083999581 14.0333868625257,46.3682323030971 14.0333298826741,46.3683089267314 14.0332358868857,46.3683766901139 14.0330984865125,46.368444086396 14.0327308979884,46.3685780935863 14.0323509411007,46.36872054219 14.0308301190249,46.3693160472908 14.0303319571834,46.3694832189865 14.0300957290857,46.3695455448824 14.029853815955,46.369569224413 14.0296498085158,46.3695588561157 14.0293594449933,46.3695221126428 14.0290269983932,46.3694250902671 14.0287623695948,46.3693371002762 14.0285900717045,46.3692757158365 14.028423915474,46.3692271592324 14.0282075839387,46.3692082263491 14.0278547567567,46.3692052271956 14.0271240092182,46.369228972536 14.026869979071,46.369239676776 14.0266903596923,46.369246695248 14.0265226288671,46.3692795464167 14.0264166577743,46.3693257890894 14.0262611955396,46.369363062952 14.0260621542112,46.3694170599522 14.0258764262735,46.3694240251155 14.025659942947,46.3694136333832 14.0255303685726,46.3693911160489 14.0253946332721,46.3693642274378 14.0251904191896,46.369358258009 14.0249615905509,46.3693477597071 14.0246834781623,46.3693239747032 14.0245484067269,46.3692671303372 14.0244084942767,46.3691245019451 14.0243420769141,46.3690296454218 14.0243010897199,46.3689008167953 14.0243040644782,46.3687337656334 14.0243134529657,46.3685495846917 14.0243225132011,46.3683911327119 14.0242746800582,46.3682964347108 14.0242140434364,46.3682273591971 14.024066804206,46.3681533158787 14.0239196438978,46.3680748644531 14.0237856676481,46.3679494704441 14.0237133196319,46.3678374683678 14.0237096546358,46.367700320919 14.0237001558122,46.367533163235 14.0236725102537,46.3673486660946 14.0236265096737,46.367151236295 14.0235169751239,46.3670474638077 14.0233700462335,46.3669562377166 14.02311198086,46.366851196116 14.0228232405428,46.366724478631 14.0223745964452,46.3665492484333 14.0220305467768,46.3664049614978 14.0219205575171,46.3663269153545 14.021866263182,46.3662450269294 14.0218494390381,46.3661463644818 14.0218096079491,46.3659532153308 14.0217053791981,46.3655452936231 14.0215917567275,46.3653214626075 14.0214896894448,46.3651492838956 14.0213513247897,46.3649210122373 14.0212064715055,46.3647140980236 14.0209942939733,46.364463780878 14.0207685489315,46.364281905258 14.0205177564695,46.364112680523 14.0203029578645,46.3640165504105 14.0201618441044,46.3639424645089 14.0200082089389,46.363885455634 14.0198479768727,46.3638412558987 14.0197120807638,46.363831543642 14.0195879405503,46.3638475738424 14.0194571553995,46.3638935973379 14.0193070220484,46.3639822810774 14.0190314183086,46.3641684967957 14.0188874434591,46.3642615514376 14.0187313785866,46.3643329990056 14.0185448460423,46.3643785430303 14.0183710955035,46.3644070119674 14.0182474655095,46.3644017218964 14.0180934706593,46.3643575732586 14.018013804937,46.3643139728076 14.0179476333169,46.3642063386657 14.0179137714257,46.3640217866221 14.0179176098964,46.3638075979306 14.017883056713,46.3636616376162 14.0177924278947,46.3635409274048 14.0176341717693,46.3633939043334 14.017523452034,46.3633500367311 14.0174184060043,46.3633449054392 14.0172760687042,46.3633393635851 14.017164248344,46.3633641342827 14.0170893601561,46.363402088248 14.0170383941596,46.3634829841861 14.01696191541,46.3636023484243 14.0169114089569,46.3636576064329 14.0168177659031,46.363705025898 14.0166969495778,46.3637168528891 14.0165641205342,46.3637028446425 14.0163077272366,46.3636727480798 14.0160820235217,46.3636633385144 14.0158657767244,46.3636411440014 14.0157123020719,46.3635754934825 14.0155594848255,46.36346603239 14.015468785515,46.363349548373 14.0153168745404,46.3631897108198 14.015207208467,46.3630945663963 14.0151091950906,46.3630380299594 14.014992524576,46.3629855613692 14.0148197237947,46.362954112199 14.0146038609946,46.3629179730482 14.0143515537133,46.3628343743691 14.014204266336,46.3627645464964 14.0140697086917,46.3626734150221 14.0140221279855,46.3625659388704 14.0140238241065,46.3624716635486 14.0140505681924,46.3623648282817 14.014052417998,46.3622620070053 14.0140234441622,46.3621460540393 14.0139395262363,46.3619996668008 14.0138561732266,46.3618146866662 14.013845447928,46.3617246228302 14.0138729101988,46.3615706488041 14.0139189547383,46.3614167450494 14.013940541117,46.3612498544238 14.0139427001887,46.3611298512696 14.0138825457589,46.3610351325002 14.0138281148375,46.3609617862707 14.0137187649658,46.3608494585772 14.0136270955484,46.3607801096612 14.013534630151,46.3607622174169 14.0133983830269,46.360765270547 14.0134331447178,46.3605451406665 14.0134990455492,46.359699618569 14.0135119886807,46.3589804990779 14.0135334123137,46.3583461157392 14.0136087995219,46.3581141000894 14.0137050913233,46.3578541036558 14.0138112676696,46.3576152456915 14.0140415974587,46.3572577063112 14.0141290199425,46.3569270954209 14.0140526258262,46.3566373585681 14.0138927446594,46.356466743598 14.0137228583097,46.3562889343551 14.0134117114627,46.3560324406891 14.0127617108687,46.3556297864448 14.0124301235441,46.3554408620753 14.0118588673652,46.3550966444021 14.0116137986345,46.3547651407948 14.0117358101756,46.3546571500256 14.0119339626323,46.3543979453049 14.0121092012976,46.3537084786911 14.0121379787949,46.3532363771294 14.0122271821146,46.3527999763948 14.0123675631453,46.352349982073 14.0124956519112,46.3520196334347 14.0125312595439,46.3517379703081 14.0124441123322,46.351483408072 14.0123488562703,46.351318387328 14.0122178859743,46.3510442824267 14.0120599294062,46.3507608570721 14.0118604260541,46.3505334845784 14.0115783262406,46.3503689176356 14.0113163690309,46.3502114519693 14.0110032360718,46.3500747763381 14.0107199935842,46.3499666095206 14.0105525216905,46.3498870651393 14.0102478121439,46.349787798503 14.0099835147422,46.3496955388612 14.0097656150801,46.3495666121703 14.0094427603361,46.3493859419418 14.0091970355755,46.3491720199141 14.0089935236038,46.3489086189906 14.008708186065,46.3485934944534 14.0085826464986,46.3484084141847 14.0083952055036,46.3482121803097 14.0082864107973,46.3480280546637 14.0082208600394,46.3479313065065 14.0081576369072,46.3478639092284 14.0080301853532,46.3477847082658 14.0079183649448,46.3477392021774 14.0078004998333,46.3476831168532 14.0076266061463,46.3476287944284 14.0074027344704,46.3475721484814 14.0072553192481,46.3475121172267 14.0070705572068,46.347455360329 14.0069650248588,46.3474214242702 14.0068859275246,46.3473913165846 14.0067386469833,46.3473239081624 14.0066014895714,46.347278630535 14.0064641319014,46.3472444175053 14.006358601972,46.3472103909343 14.0062215772236,46.3471578263056 14.0061163133917,46.3471091364571 14.0060272303788,46.3470422329743 14.0059225670944,46.3469604386282 14.0059046617417,46.3468587950214 14.0057538174854,46.3467587846281 14.0056452922358,46.3465604432477 14.0055186781546,46.346242012308 14.0054213125273,46.3459943733561 14.0053007414982,46.3459087512144 14.005171828113,46.3457172497683 14.005073568897,46.3455189971276 14.0050243122375,46.3454268874519 14.0048934828143,46.3453410856307 14.0045473074345,46.3453451800619 14.0043337529378,46.3453291950872 14.0041308443683,46.3452921591115 14.0039080553335,46.3452266985008 14.0036856492889,46.3451401874369 14.0034029625922,46.3450107739132 14.0032822669911,46.3449251485385 14.0030910314377,46.3448035491848 14.0029410935963,46.3446471307394 14.00276986726,46.3445469386248 14.0025883821124,46.3444536745474 14.002375856176,46.3443813726504 14.0021429389671,46.3443088024288 14.0019395232544,46.3442999192438 14.0016134923555,46.3443182161979 14.0014503471806,46.3443309170722 14.0012975909382,46.3443295829131 14.0011057195686,46.3442432435427 14.000893713127,46.3441497101212 14.000762378568,46.3440921502221 14.0006411760209,46.3440346787289 14.000387741749,46.3439760511416 14.0000932658329,46.3439382074169 13.9995606528043,46.3439077265551 13.9966124964595,46.3419981564751 13.9974258325201,46.3414810262097 13.9981024569826,46.3408235060775 13.9984758084525,46.3407595681481 13.9994141313727,46.3406240086248 13.9994662833891,46.3406349916872 14.0005158536517,46.3408529955516 14.0008620529281,46.34092448976 14.0010133764603,46.3408827155607 14.001220390413,46.340800310593 14.0015614241081,46.3406846164811 14.0019627539054,46.340539217197 14.0022343520772,46.3404483769483 14.0024411550321,46.3403988075876 14.0030640143506,46.340279539365 14.0032861966811,46.3403414875075 14.0037668940799,46.340474876179 14.0039321365258,46.340517702793 14.0042225753631,46.3405552315888 14.004988410107,46.3406534898764 14.0053453385355,46.3406995119208 14.0053602379402,46.3407017108815 14.0058209112062,46.3408437339313 14.0059347870141,46.3408753143983 14.0062964257477,46.3409267727212 14.0064662141876,46.3409483118907 14.0065001337604,46.3409547247001 14.0065779030023,46.3409643975862 14.0097487629805,46.3415212066783 14.0098423923747,46.3416454586394 14.0100710789172,46.3419523527171 14.0114514867706,46.3423999384448 14.0116705941366,46.342453296365 14.0117793491852,46.3424810479243 14.012561093749,46.3426719737325 14.0125633235859,46.3426852188192 14.0125683354836,46.3430129387694 14.0125729218299,46.3432993580522 14.0125724939747,46.3435034999608 14.0125650869913,46.3438066403371 14.0125787416915,46.3438347394301 14.0127812132234,46.3441630847176 14.0128415006222,46.3442637436283 14.0125445945462,46.3445623148327 14.0125202838962,46.3445848676938 14.0124747881376,46.3446295505371 14.0125416103978,46.3450238433572 14.0125657952214,46.3451670170811 14.0140669335297,46.345278579908 14.0144257103497,46.3452166235692 14.0151589215506,46.3449224361844 14.0153033386806,46.344954180373 14.0155071735382,46.3449978623888 14.015887828227,46.3448749091507 14.0159678350654,46.3448471667134 14.0164415576478,46.3445331031437 14.0165361207837,46.3444687771097 14.0165541325031,46.344413419556 14.0166448183611,46.3441595798905 14.0166352603507,46.3440405552285 14.0165823357216,46.3439925950354 14.0165097955103,46.3439445560669 14.0164175203733,46.3439030951579 14.0163260360429,46.3438175548897 14.0163326654834,46.3437159440055 14.0163838233901,46.3435943826051 14.0164101278999,46.3434895220468 14.0164461831791,46.343391493229 14.0164868693415,46.3433105088673 14.0165530003755,46.34316532367 14.0165746806123,46.3430502564994 14.0165668825494,46.3429417736259 14.016617970593,46.342816792583 14.0166448283738,46.3426882741786 14.0166763726383,46.3425664539697 14.0166591285431,46.3424341373466 14.016606743337,46.3423489335348 14.0165693464741,46.3422537817909 14.0166004647928,46.3421557104416 14.0166752495661,46.3420784381872 14.0167943715942,46.3419845425109 14.0169324986305,46.34192472942 14.0170411494068,46.341871410634 14.0171638084503,46.3418555503873 14.017291040546,46.3418599729316 14.0174431067526,46.3418341983326 14.0175565717951,46.3417876683 14.0176557217022,46.3417207715479 14.0177402476862,46.3416434923124 14.0178097302828,46.3415865073516 14.0178990170432,46.3415262735333 14.0179634427488,46.3414759929156 14.0180192278306,46.3413713851521 14.0180653231948,46.3412565273495 14.0181034279902,46.341036514022 14.018125648409,46.3408910407396 14.0181568243348,46.3407895505184 14.0182179584303,46.3406545781601 14.0182252612788,46.3405223825335 14.0181884012049,46.3403898976618 14.0181608666996,46.3402879932482 14.0182169528968,46.3401664732815 14.0183226646635,46.3400012932514 14.018403402529,46.3398596512409 14.0184597308281,46.3397245475035 14.018486695866,46.3395824438014 14.0185039210788,46.3394401665104 14.0185056789593,46.3393419325331 14.0185508620543,46.3392779006625 14.018748596908,46.3391677630009 14.018852184194,46.3391211468947 14.0189416475872,46.3390507469567 14.0190212915827,46.338970095902 14.0191686732013,46.3389442788094 14.0193245754981,46.3389795354071 14.0194805483794,46.3390181213492 14.0196468672736,46.3390229664361 14.0198330335619,46.339007557854 14.0198920087523,46.3390003258403 14.0199934253919,46.3389878793304 14.0200690813867,46.3389485803365 14.0201690622273,46.3388274355771 14.0202343999298,46.3387330753521 14.0203242757333,46.3386321774627 14.0204601185959,46.33842316746 14.0205233251468,46.3383026070454 14.0205806782768,46.3382479457012 14.0206276389831,46.3382005729897 14.0206674607589,46.3381601569041 14.0207002686978,46.3381269684383 14.0208492210346,46.3380129903737 14.0209554428395,46.3379349947959 14.0209632101508,46.3379292131449 14.0210773271932,46.3378455268684 14.0210858899766,46.3378315645954 14.0211629307495,46.3377072534754 14.0212832442132,46.3375456145758 14.0213835824999,46.3374041381845 14.021517977089,46.3372831967873 14.0215590160919,46.3372472893876 14.0215865940012,46.337223233021 14.0216024281582,46.3372094229021 14.0216476668316,46.337141971339 14.0216734124872,46.3370676950618 14.0216701183877,46.3369829135292 14.0216002390812,46.336858784433 14.021511996882,46.3367883012281 14.0213520098025,46.3367055975427 14.0212011287756,46.3366367372573 14.0210622738882,46.3365636610954 14.0209196866588,46.3364886633976 14.0207554796563,46.3364023238676 14.0206492637427,46.3363200797013 14.020543231261,46.3362275802303 14.0205008962563,46.3361323873732 14.020478413301,46.3360820805172 14.0204560522302,46.3360322245591 14.0205228421312,46.3360818313245 14.02057577328,46.3361510231431 14.0206823990542,46.3362393889677 14.0207891550479,46.3363277558066 14.0209232406446,46.3363914344059 14.0210485898109,46.3364424420066 14.0211923435086,46.3364811909291 14.0213723896453,46.3364952381698 14.0215434935206,46.3365154166513 14.0217681804145,46.3365610654614 14.0220383793673,46.3365821809506 14.0220385092445,46.3365821820615 14.0220673644419,46.3365811692599 14.022182915099,46.3365771190911 14.0223545566469,46.336559872724 14.0225084978689,46.3365299687099 14.0226984164736,46.3365002820386 14.0228153412259,46.3365138774314 14.0229774842019,46.3365339771817 14.0231213339506,46.3365601284579 14.0232827898826,46.33661153206 14.0234439146038,46.3366815567484 14.0236234241937,46.336733114062 14.0237947328139,46.3367345768052 14.0239484528771,46.3367170850606 14.0241021533989,46.3366933848946 14.0242380411092,46.3366633244607 14.0243920741554,46.3366209126273 14.0245825666892,46.3365662155889 14.0247449133037,46.3365676004533 14.0248795769979,46.3366063571735 14.0250130029313,46.336707453573 14.0248991939836,46.3364527628221 14.0248052837026,46.3360433103701 14.0245926470571,46.3350788890987 14.0244403556606,46.3343735609616 14.024619237168,46.3339194701656 14.0249458283213,46.3330618558554 14.025147765853,46.3325377827734 14.0253238921073,46.3320845669674 14.0256883253627,46.331128033981 14.0260681522985,46.3299840395944 14.0263157159705,46.3292516182124 14.0260156133323,46.3291903105601 14.0258717766204,46.3291644329064 14.0258016066317,46.3291517788239 14.0249230329908,46.3289802709689 14.0244995646917,46.3288961340033 14.0236000248238,46.3286041447454 14.023347317377,46.3284635197631 14.0230046861997,46.3282600452929 14.0227480299179,46.3281079588089 14.0219558976113,46.3277370695109 14.0212213898874,46.3273835827135 14.0211274872916,46.3270051669327 14.0209858197907,46.326435961595 14.0204907467654,46.3260210897735 14.0199461022644,46.3262516090117 14.0184572045187,46.3262755454301 14.0179696906749,46.3268908155385 14.0173601425693,46.3270893647807 14.0164549246403,46.3276106159985 14.0165183448018,46.3277750002844 14.0166134619166,46.3283810590409 14.01653332371,46.3285841559815 14.016233058082,46.3289239156897 14.015836358003,46.3293973524486 14.0154552806966,46.3299769091322 14.0147784560926,46.3303175605056 14.0140811214632,46.3304908633726 14.0134595693061,46.3305955375936 14.0135927670642,46.330830163652 14.0114031784527,46.3319770172768 14.011358854189,46.3320004765503 14.0095881286202,46.3329350739765 14.0077006034788,46.3328840690842 14.007616346869,46.3328818082916 14.0072547373373,46.3331474148596 14.0067951824665,46.33348504664 14.0062581463349,46.3338690584051 14.0057442730517,46.3337988216342 14.0055302235666,46.3337696086742 14.0046320360159,46.3336548165253 14.0034541017501,46.332701651537 14.0029159694495,46.332266085026 14.0026514139657,46.3319003815166 14.0025440112735,46.3317496415388 14.0022150813786,46.3312744195013 14.0021823601831,46.331173905341 14.0020952713847,46.3309061988863 14.0019757793365,46.3307062282151 14.0019165391744,46.3306070120063 14.0018586633408,46.3299544808953 14.0018340133492,46.3296745432487 14.0016769992292,46.3294383458758 14.0013612933492,46.3295364472981 14.0010726270334,46.3294405348743 13.9996502717545,46.328951068467 13.9996080656026,46.3289365736067 13.9991810977616,46.3286619317461 13.9988722822312,46.3284962891201 13.9947981884744,46.3274444911935 13.9885684144903,46.3275874893482 13.9872912623408,46.3279931140231 13.9870487755287,46.3280286641949 13.986782367816,46.3280514058085 13.9866546728919,46.32808797235 13.986508851409,46.3281285167795 13.9863205421308,46.328177051726 13.986119921537,46.3282381632267 13.9859498161697,46.3282784916004 13.9856039923321,46.3283465916965 13.9854706319381,46.3283663718796 13.9853497373561,46.3283652091129 13.9852533803653,46.3283434804913 13.9851881334678,46.3282758723412 13.9851474276107,46.328187518535 13.9850941028662,46.3281283835364 13.9850158496469,46.3281109541182 13.9849370556213,46.3281227607085 13.9848697939266,46.3281640904425 13.984819962958,46.3282390444465 13.9847336456641,46.3283345479225 13.9846479722818,46.3283882201244 13.9845616777578,46.3284754462576 13.9844442488586,46.3286168287734 13.9842289383165,46.3288117746005 13.9841061024013,46.3289154105092 13.9841286286703,46.32900351318 13.9841327150084,46.3291125054267 13.9841130625041,46.3291918659486 13.9840759792438,46.3292376020511 13.9839478916464,46.3292951255219 13.9836683133256,46.3293764044958 13.9834498168888,46.3294205276638 13.9833047646705,46.3294192379217 13.9829793103025,46.3293618204976 13.9827368147873,46.3293973614437 13.9822885206556,46.3294435763175 13.9818340202522,46.3295022402563 13.981591989272,46.3295126807589 13.9814171473816,46.3294859311518 13.9812485881743,46.3294425924609 13.9812005760123,46.3294052761856 13.9811229477428,46.3292632386301 13.9809804328288,46.3290903921808 13.980866727837,46.328932827654 13.9807667582155,46.328825949651 13.9806801719818,46.3287747035263 13.9804772914084,46.3287123435526 13.9802746938438,46.3286347804933 13.9800795544344,46.3285472967243 13.9799357318244,46.3284450652154 13.9798693946247,46.3283735755071 13.9798250117565,46.3282808683424 13.9797542585758,46.3282233747779 13.9796214845444,46.3281277194324 13.9794609155257,46.3280112122759 13.9793785205873,46.327923294033 13.9793207287159,46.3278323563771 13.9792962049079,46.327775275208 13.9792715512954,46.3277181928742 13.9792466293001,46.327682521451 13.9792007301177,46.3276714050098 13.9791236587971,46.327681333565 13.9789043190493,46.3277500028543 13.9786125522472,46.327872097846 13.9785001240673,46.3278906173407 13.9784054147095,46.327906146029 13.9782480388769,46.3279042898941 13.9780792349531,46.3278814579188 13.977895108304,46.3278584887167 13.9777777925251,46.3278326076612 13.9778019088823,46.3277650744311 13.9776684089496,46.327652855486 13.977313940559,46.3274806282324 13.9764247787605,46.3267444388692 13.9763849259029,46.3267434522787 13.9763067733834,46.3267417628784 13.9759669658892,46.3268422775973 13.975555670339,46.3268484000537 13.975084698077,46.3266285164606 13.9739969264303,46.3266189402709 13.9732945548728,46.32684188372 13.9730614630627,46.3269373199235 13.9727680031577,46.3268649554938 13.9727229599884,46.3269469650781 13.9716460729955,46.3265364594478 13.9713257430057,46.3264358683579 13.9709993432597,46.3263335122741 13.9702571529002,46.3262210232289 13.970131831207,46.3261722993093 13.9700837413981,46.3261535118556 13.9700252870248,46.3263547923385 13.9696082907163,46.3265470839392 13.9692292928049,46.3266453360374 13.9690818131952,46.3266907017887 13.9687832038049,46.3264573209033 13.9686074255717,46.3264950531085 13.9680997665456,46.3262870459324 13.9679382978651,46.3262337646841 13.9677070034875,46.3261573598078 13.9677113190653,46.3262317155932 13.9674788345051,46.3264187373423 13.9672850515263,46.3266195140063 13.9672083878389,46.3268078525521 13.96719388262,46.3270609925021 13.9672245774648,46.3275002427809 13.9672987673012,46.3278712373147 13.9674071600765,46.3280397439945 13.9674132187398,46.3280490658188 13.9673642670261,46.3280691373089 13.9672745559821,46.3281570393358 13.9672082679473,46.3282839307667 13.9671447273302,46.3283821459379 13.9670360621983,46.3285040658723 13.966922769725,46.3285751097658 13.9668094521257,46.3286405750613 13.9666805786801,46.328683766569 13.9665440972489,46.3287102443623 13.9664321610506,46.328709232534 13.9646817203256,46.3296145277472 13.9638377629972,46.3308726969026 13.9634677520122,46.3314899690304 13.9632653039542,46.3315358186034 13.9631324795457,46.3315676338172 13.9621894005044,46.3317932742384 13.9621614632615,46.3319312174273 13.9620438419578,46.3322166200926 13.9619207821922,46.3324324250069 13.9618176037532,46.3326134112594 13.9616073964375,46.3327944151219 13.961517668839,46.3328891502833 13.9614638550383,46.3329461535018 13.9612547716051,46.333047091977 13.961193948057,46.3330764100277 13.9608459097681,46.3333061844648 13.9605842905024,46.3332593603196 13.9605194310649,46.3333782532723 13.9603227113054,46.3336490792947 13.9602156141479,46.3337965589147 13.9596029510782,46.3340757464841 13.9585914973174,46.3337878955441 13.9585298180136,46.3338963795941 13.9580726920525,46.3339874049787 13.9579854990406,46.3340166609591 13.9578898422158,46.3341017122369 13.9578497331317,46.3341891591629 13.9576866270046,46.334392268301 13.9574088398889,46.3347175929172 13.9571633763363,46.334736317789 13.9571084804477,46.3347405855875 13.9571263687696,46.3345990431299 13.9571012928065,46.3344285877129 13.9570373613942,46.3343069024741 13.956972627973,46.3342342445278 13.9568796381733,46.3341516117981 13.9567915170882,46.3340656944562 13.9566570583061,46.3339302295898 13.9565138609069,46.3337488891437 13.956440519498,46.3336303566609 13.9563540804802,46.333456101977 13.9562894842778,46.3333148863393 13.9562265398816,46.3332029265909 13.9561525151424,46.3331203764122 13.9560547283031,46.3330442671429 13.9559609954678,46.3330008545888 13.9558154413753,46.3329504007598 13.9556412651253,46.3329160601862 13.9553774703399,46.332867854667 13.9551750407984,46.3328234483115 13.9548735241893,46.3327781358976 13.9546136585507,46.3327691922583 13.9543206820102,46.3327665131557 13.9541598514946,46.3327748490658 13.9539702728734,46.3328058645664 13.9538367527903,46.3328669034671 13.9537550737743,46.3328930576643 13.9523610956413,46.3322001060803 13.9523079582624,46.332173617308 13.9519648211236,46.3320024050647 13.9509490426625,46.3315032827015 13.9500075013124,46.3309130617071 13.9488126503767,46.3301632333685 13.9479287884275,46.3296086144142 13.9475973573829,46.3294042070691 13.9475765655306,46.3293912396749 13.9471019191237,46.3290968002171 13.9467240562556,46.3288622719857 13.9450667270356,46.326859871956 13.9446471176966,46.326352696396 13.9440847183096,46.3256803616491 13.9431681509924,46.3245845816804 13.9423041685134,46.3235451532225 13.9411295455067,46.3235307718656 13.9363296361294,46.3234932357174 13.9362710735479,46.3234928708243 13.9362330278701,46.3234926068221 13.9359454209063,46.3234902004545 13.9355074456219,46.3234869332991 13.9347755030597,46.3234811059403 13.934357915042,46.3234779343513 13.9313764027899,46.3234335514374 13.9313508273343,46.3234331324474 13.9301852285946,46.3234157538942 13.9301480971931,46.3234152265055 13.930117328067,46.3234147586405 13.9296102183641,46.3234072230547 13.9291150543282,46.3233997971072 13.9289732823895,46.3233976593833 13.9288344950806,46.323395639418 13.9283279052009,46.3233881030133 13.9279166468628,46.3245566728926 13.927505664162,46.3257567338597 13.927108437847,46.3269165247892 13.9269756191002,46.3272596910905 13.926799574876,46.3277144665906 13.9267347379889,46.3278819256124 13.9266857731079,46.3280081464899 13.9265912421022,46.3282527925225 13.9256323932844,46.3284963377697 13.9252902400442,46.3285786854613 13.9246492315963,46.3293769176305 13.9244876428128,46.3295633491121 13.9246362102544,46.3293454849223 13.9239742554314,46.3298200670898 13.9234084646335,46.330390741238 13.9229207755286,46.3306279026108 13.9220568154217,46.330587100653 13.9217494632052,46.3306490722865 13.9215550928813,46.3312206301631 13.9216120368541,46.3319314955468 13.9219005679156,46.3328408634429 13.9205562630689,46.3333471375391 13.919690253125,46.3339162178233 13.9189521787264,46.3342013803394 13.9189562461773,46.3341597618168 13.9189740796342,46.3339930325909 13.9190157517675,46.3337305287411 13.9190636005552,46.3335236858884 13.9190769333308,46.3334403180227 13.9191681475602,46.3332804905271 13.9191695671775,46.3332084364597 13.9191384723955,46.3331582980799 13.9190593494367,46.3331131939201 13.9190290405069,46.3330297733371 13.9190386000432,46.3329467296826 13.9190805639106,46.3328473475797 13.9191474262031,46.3327038446897 13.9191818839876,46.3325766802409 13.9192019160523,46.3323774018889 13.9191893078415,46.3321998580992 13.9191717235413,46.3318727339415 13.9191683884685,46.331639855093 13.9190951623906,46.3312955600769 13.9190123580648,46.3310287302374 13.9189357499498,46.3308561595251 13.9188513090847,46.3306724481416 13.9186894962611,46.3303550264494 13.9185490882406,46.3301707855048 13.9184476948288,46.330036757907 13.9184098834851,46.3299255547849 13.9183680845447,46.329792630685 13.9183182888706,46.3297029973919 13.9182008145672,46.3295743956864 13.9180040040591,46.3294118434376 13.9177197009098,46.3292206613412 13.91747441008,46.3290797823476 13.9171751218862,46.3288386125341 13.9168820280383,46.3286917012561 13.9165254631361,46.3285165663661 13.9162245403981,46.3283585126486 13.9159316506289,46.3281949560366 13.9156222628033,46.3280645318284 13.9154233849532,46.3280072226934 13.9152554642125,46.3280001413713 13.9151202751822,46.3279600807567 13.914913347406,46.3279026943488 13.91479380333,46.3278793366696 13.9146663170631,46.3278504151818 13.9145400569926,46.3277660824509 13.9143984627782,46.3276428260559 13.9142086052417,46.3275301777045 13.9141058012897,46.327468200351 13.9140029975703,46.3274062229065 13.9138222893304,46.3272382380644 13.9136880898718,46.3271483406647 13.9135617030703,46.3270640056364 13.9134030457717,46.3269959186279 13.9132597206079,46.3269668450345 13.9132050525367,46.3268942578297 13.9131186801313,46.3268158809207 13.9129046954617,46.3267085792862 13.9126983448995,46.3266289712539 13.912554891231,46.3265998955518 13.9124028379174,46.326598449243 13.9122828573434,46.3265973078626 13.9121475651976,46.3265627310295 13.9120048807522,46.3264948840205 13.9119019706485,46.3264384819249 13.9118709073029,46.3263938300938 13.9117899304569,46.3264429938588 13.9116286382876,46.3265079478987 13.9113957185605,46.3265500866297 13.9112186737244,46.3266038235463 13.9110816220969,46.3266579410939 13.9108873196425,46.3267043153723 13.910720859224,46.3268267110087 13.9106301623772,46.3268878375932 13.9104495535457,46.3270621018407 13.9101431534251,46.3271810936194 13.9098857677671,46.3272451291651 13.9096767759798,46.3272985590867 13.9095312287975,46.327374816838 13.9094164349123,46.3275177670843 13.9093349034941,46.3275946351882 13.9091413117824,46.327670344145 13.9090449097485,46.3276916474115 13.9089649211942,46.3276908841425 13.9088849326431,46.3276901208176 13.909040558403,46.3274663160177 13.9091943147112,46.3272972861101 13.9092659421358,46.3271306215354 13.9093826439955,46.3269896690154 13.9095453043663,46.3268364686598 13.909776257977,46.3266777112313 13.9098509274597,46.3265931297543 13.9098803903293,46.3264829250473 13.9099021480555,46.3263094865147 13.9099329920174,46.3261297465896 13.910009033413,46.325969511616 13.9100618508102,46.3258342473611 13.910092007272,46.3256956180393 13.9100722274285,46.3255406776021 13.9101065531038,46.3254209821399 13.9101859477456,46.3253207003662 13.9103152780108,46.3252367295505 13.9103535205731,46.3251486515221 13.9103284417635,46.3250316288109 13.9102132158397,46.3248631825889 13.9101420617425,46.3247709128155 13.9101299948955,46.324691892314 13.9101872927278,46.3245598197038 13.9104486726564,46.3240192396129 13.9104604585321,46.3238834941357 13.9104631535976,46.3237477519954 13.9104289861996,46.3236306426678 13.9104357864178,46.323517072769 13.9104832414613,46.3234227844213 13.9105724155,46.3232941643691 13.9107267819193,46.3230935579146 13.9094283022559,46.3230783005065 13.9091196415532,46.3231356371807 13.9090631442649,46.3230902020502 13.9089839340117,46.3231747397297 13.9088596518946,46.3232335650667 13.9087452178812,46.3232608140993 13.9085936060508,46.3233225273149 13.908450392119,46.32341904972 13.9083911844337,46.3234184844401 13.9083504694872,46.3234022606178 13.9083337312061,46.3233231953029 13.9083099136921,46.3231430237637 13.9080258674239,46.3225245423951 13.9078386463716,46.322287477141 13.9076652441211,46.3221913498996 13.9075600138096,46.3220890359156 13.9075237483904,46.3219537312737 13.9076481261281,46.3215768569702 13.9077796869566,46.3213283513328 13.9078904286677,46.3211471257411 13.9080196991315,46.3210201502357 13.9081385646158,46.3209200668448 13.9082861032087,46.3208539066861 13.9083097052332,46.3207315000801 13.9083116236494,46.320543656651 13.9083842168601,46.3203215788481 13.9082022945196,46.320157891956 13.9080569714393,46.3200279339745 13.9078659193975,46.3199250704628 13.9075942142875,46.3198684914577 13.9072634133531,46.3198450865502 13.9068833924579,46.3198414538336 13.9063466329432,46.3198834660485 13.9061224545631,46.3203808465892 13.9060900408547,46.3203782871616 13.9049137626146,46.3203726049271 13.9044389927975,46.3205485405799 13.904000283969,46.3204727181039 13.9036800767193,46.3204194436696 13.9036713764933,46.3204259282074 13.9033090911709,46.3205158447268 13.9032512946095,46.3205942858292 13.9027701451609,46.3206407734613 13.9025757812998,46.3207169138253 13.902294223852,46.32083486352 13.9018608196632,46.3208184653566 13.895898421776,46.3198570920413 13.8959337686488,46.3200882118892 13.8959005363409,46.3201199210465 13.8956666322256,46.3202246388525 13.8953577623896,46.3202666411106 13.8952950715012,46.3202586576759 13.8953725834588,46.3200851305856 13.895106104424,46.3198985626535 13.8949772824219,46.3198277691942 13.8946091594804,46.3198201619179 13.8945024462302,46.3194834440979 13.8860459007638,46.3125480902993 13.8858158688722,46.3127825657858 13.8857196269771,46.3128671914447 13.8855652255417,46.3129513400962 13.8853953931214,46.3130856325886 13.8852336185781,46.3131747473549 13.885123754568,46.3132139836462 13.8850072620747,46.3132279629595 13.8848550074368,46.3132063242246 13.8845515220897,46.3131126716772 13.884269642076,46.3130293060594 13.8841128083167,46.3128816604962 13.8838134211093,46.3125865981009 13.8836071075548,46.3123629820291 13.8833942433152,46.3121040324701 13.8832257173554,46.3118101565059 13.8830348704575,46.3115413444194 13.8828509873427,46.3112877153887 13.8827811613334,46.3111460465146 13.8827755320861,46.3110653763425 13.8828577234841,46.3109502951862 13.8830209282006,46.310790749425 13.8833014390556,46.3105769263324 13.8835300653919,46.3104180188157 13.8836555902515,46.3103235140284 13.8837294851604,46.3102587357075 13.8837824168622,46.3101585735058 13.8837838506786,46.3100880492258 13.8837348091793,46.3099968783409 13.8835126352734,46.3098386069709 13.8833336700872,46.3097008210198 13.8832703985972,46.309594395595 13.8832427561731,46.3095235873036 13.8832664062874,46.3094332162027 13.8834616527864,46.3091278677172 13.8837603766459,46.308732927101 13.8838583294455,46.308557537671 13.8838250543385,46.3084061492927 13.8838361123687,46.3082198345995 13.8840165042773,46.3079295454106 13.8842127373603,46.3075687822461 13.8846556959254,46.3068729396976 13.8848607224742,46.306436774348 13.8848851869142,46.306306103198 13.8848423855599,46.3059077380018 13.8848175780922,46.3056909325606 13.884878489879,46.3055554884802 13.8850262163641,46.3054410448569 13.8851370857026,46.3053515238722 13.8851992957822,46.3052863606923 13.8852214588891,46.3051474795206 13.8852251386123,46.3049662210763 13.8851481478572,46.3048194451811 13.8851494498566,46.3047489195365 13.8851508798207,46.3046784851112 13.8851165823892,46.3045773816004 13.8850105930304,46.3044202459091 13.8848757622603,46.3042577903542 13.8848000010095,46.3040505647551 13.8847962837158,46.3038692341363 13.8848199688009,46.3034061073524 13.8848291789992,46.3033105565337 13.884860400732,46.3032050535315 13.8848564786608,46.3030337978004 13.8847723914714,46.3025142866785 13.8847958055815,46.302428861339 13.8848557912248,46.3023388442326 13.8850100337957,46.3022546948629 13.8851432126864,46.302140199127 13.8855876307691,46.3017214816649 13.8858494188994,46.3013463289252 13.8860230961458,46.3010206116585 13.8860562242512,46.3008145376881 13.8860752265144,46.3005880822719 13.8860193300577,46.3004766916008 13.8859336446675,46.3004003697937 13.8859067185048,46.3002942998184 13.8859709620368,46.2999877599178 13.8860129941852,46.2997010674 13.8859613589406,46.2993732444814 13.8858505615405,46.2990951395896 13.8856610439757,46.2987558957997 13.8855194681609,46.2985681828041 13.8854068345161,46.2983807517921 13.885401507218,46.2982850591182 13.8854321114883,46.2982097806048 13.8855203187649,46.2981552174553 13.8857172607175,46.2981219578736 13.8859425322777,46.2981191147923 13.8861680357572,46.298111235068 13.8863428694598,46.2980927844196 13.8865184923631,46.2980289950632 13.8866219761275,46.2979443490949 13.8866969719705,46.2978242463847 13.8867369841539,46.2976433414675 13.8867634540896,46.297406881617 13.886808691483,46.2973267967255 13.8869050823317,46.2972269660512 13.8870227929331,46.2971575736007 13.8872361768759,46.2970237022758 13.8873536825429,46.2969643844071 13.8874432105166,46.2968444226179 13.8874897728067,46.2966988503686 13.8875746850281,46.2964478436015 13.8875776139858,46.2962968082764 13.8875876341034,46.2961609573257 13.8876933272204,46.2959605372502 13.8879029049717,46.2956553199732 13.8881484816192,46.2953606192953 13.8885431731836,46.2948809447795 13.8886637005525,46.2946655525988 13.8886880482867,46.2945399177135 13.8886823096965,46.2944642850101 13.8887060179801,46.2943638362086 13.8887887087575,46.2942286015009 13.8888932728797,46.294083592363 13.8889179994707,46.2939327687896 13.8888908666928,46.2938367743194 13.8888120470212,46.2937806751534 13.8886391641547,46.2937034177652 13.8885387473843,46.2936370315381 13.8884747701997,46.2935658710732 13.8884470267973,46.293500101328 13.8884277440607,46.2933690037988 13.8884323007621,46.2933490741981 13.8868545950963,46.2924418257137 13.8869068435814,46.2923421949654 13.8869242801109,46.2922182925665 13.8868975741111,46.292063009827 13.8868554220631,46.2919333988129 13.8867976144052,46.2918398043134 13.886703846048,46.2916889969416 13.8866029452721,46.291512297899 13.8864814270107,46.2912578415903 13.8863587316298,46.2910551079083 13.8862350943391,46.2908988807366 13.8861028046348,46.2908045602358 13.8859711446739,46.2906792051741 13.8858839378799,46.2905698484257 13.8858638186567,46.2904611454165 13.8859100293505,46.2903840393708 13.8859857954593,46.2903279150006 13.886071001011,46.2903119203569 13.885860782004,46.2902460813283 13.8854641121511,46.2901776146384 13.8832022965936,46.290190811526 13.8827292100741,46.2901275270238 13.8822050310805,46.2900812856832 13.8802878810505,46.2898041236956 13.8801489932702,46.2895502102147 13.8798673991745,46.2892362362906 13.879735632151,46.2890469923894 13.8796820789138,46.288764583386 13.8794940749525,46.2880110195751 13.8794911080449,46.2879974046281 13.879681827175,46.2879367427431 13.8803298329597,46.2877200488236 13.8806871685646,46.2876413129326 13.8809254266599,46.2875849832215 13.8810966700259,46.2874927278807 13.8813715331383,46.2872957683564 13.8815970921161,46.2870279672392 13.8816862304408,46.2868057970176 13.8817558731076,46.2867125467858 13.8819100046445,46.2866319092566 13.8820976336311,46.2865632955175 13.8822862173037,46.2864477250773 13.8823738111656,46.2863076842386 13.8824291897706,46.2860733969585 13.8824325323073,46.2859090495778 13.8825380555562,46.2857105216883 13.8826088898355,46.2855585304164 13.8825453253687,46.285346653297 13.8823964509934,46.2851690315435 13.8823484541981,46.2850276651183 13.882352620315,46.2848164499956 13.8823226859943,46.2846165079678 13.882157770633,46.2843918532853 13.8819070679092,46.2842250215797 13.8817570032661,46.2841061394832 13.8817085312181,46.2839882509864 13.8817618890692,46.28385966209 13.8818846471858,46.2836495168907 13.8819888647031,46.2835214252893 13.881956434004,46.2834506595092 13.8817915235599,46.283226004298 13.8813767456883,46.2827875583399 13.8810591526552,46.2825731044429 13.8808413682552,46.2824535582808 13.8807073506962,46.2823817976147 13.8806056320101,46.2823808016877 13.8803683510848,46.2823902645464 13.8799612784961,46.2824214564843 13.8797749671464,46.2824196310262 13.8796227572117,46.2824064430108 13.8795223658972,46.2823467069407 13.8794895690426,46.2822877232815 13.8796656095714,46.2820931280703 13.8802174719151,46.2817449419849 13.8803934534316,46.2816422072202 13.8805677980582,46.2816198018055 13.8808607489962,46.2814699862143 13.8810977025846,46.2812150735089 13.8815671508714,46.2809304047508 13.8818953578959,46.2807567287343 13.8822124079142,46.2805509123883 13.8823896549039,46.2803919539412 13.8826711155213,46.2802259162374 13.8830444868572,46.2801090012496 13.8834524636831,46.2800004305983 13.8837428202833,46.2799711457446 13.8839301736263,46.279876524123 13.8840621109676,46.2796607977847 13.8841823691538,46.2794450472695 13.884219912481,46.2793087450691 13.8843734722013,46.2791655674851 13.884618324277,46.2790956185152 13.884883952803,46.2791464351819 13.8849994801984,46.2791636671092 13.8852906471269,46.2790941684013 13.8857493244418,46.2787691595457 13.8860088134094,46.2785466664614 13.8861163776012,46.278386933196 13.8861883577129,46.2782670709784 13.8862824187765,46.2782037467827 13.8866775604108,46.2781512725476 13.8871069799182,46.278123333311 13.8874887841818,46.2781591696756 13.8872533751035,46.2777630677478 13.8871419150003,46.277545058432 13.8869869426762,46.2771818591667 13.8869004972309,46.276875649867 13.8868035174632,46.2765130149365 13.8866444798135,46.2763507748016 13.8865658406979,46.2762294453729 13.8865682823484,46.2761089055917 13.886628418867,46.275997025257 13.8867117440589,46.2758933782854 13.8867363004272,46.2758212792752 13.8867142196005,46.2757647412715 13.8865769406112,46.2756750510494 13.8865325811842,46.2755781681529 13.8865119638674,46.2754493961893 13.8865605216244,46.275345410683 13.8866669372742,46.2752419886193 13.8867491568525,46.2751864663009 13.8867738425652,46.2751143685338 13.8868108862996,46.2750022632151 13.8869868338575,46.2748995178783 13.8870812483559,46.2748119937451 13.8871057713743,46.2747479019001 13.8870838508414,46.2746834479089 13.8870039108297,46.2746264366559 13.8868776933485,46.2745608772115 13.8867285472773,46.2744870867685 13.8866838623954,46.2744063058787 13.8866743023295,46.2743017543179 13.8867353806234,46.2741496652078 13.8867831567167,46.2740777922769 13.8868879428858,46.274054699866 13.8870154614309,46.274055941393 13.8870742944141,46.2740082887043 13.887029285219,46.2739435199515 13.8868804648217,46.2738537177026 13.8868013746861,46.273748399157 13.8868036516668,46.2736359552734 13.8867716529972,46.2734989749331 13.8866691450827,46.2734096233657 13.8865541174808,46.2733682852441 13.8863921593581,46.2733506925645 13.8861713701926,46.2733806619609 13.8860552019706,46.273395635228 13.885938709197,46.2734266203815 13.885868527188,46.2734580567488 13.8857639040211,46.273473142232 13.8856600958763,46.2734480177001 13.8854882229461,46.2733498913677 13.8854106007403,46.2731723379573 13.8853240076567,46.2728741333905 13.8852818029107,46.2726648048916 13.8853069781698,46.2725685994561 13.8853901707982,46.2724649520974 13.8854960960414,46.2723855490502 13.8855672542851,46.2723058969667 13.8855682316893,46.2722576810377 13.8855001682055,46.2721846793359 13.8853740859962,46.2721192094897 13.8852831297227,46.2720298793082 13.8852387754072,46.2719329958955 13.8852560221975,46.2716519088609 13.8853186003204,46.2714194892816 13.8853694381682,46.2712029703664 13.8853486627123,46.2710822041391 13.8852586839717,46.2709447479572 13.8851578139671,46.2707749751971 13.8850203874974,46.270693289167 13.8848257614796,46.2705788347235 13.8847814417784,46.270473943858 13.8847489589993,46.2703611608597 13.8846696809404,46.2702719440851 13.8844983087648,46.2701497083499 13.884374059427,46.2699878043055 13.8842296572442,46.2696810269969 13.8842213750082,46.2695201645724 13.8842698019212,46.2694161786587 13.8843419363821,46.2692883113453 13.8844143972142,46.2691443420166 13.8843827318098,46.2689913489692 13.8841127832366,46.268586895256 13.8839420693548,46.2684325447371 13.8838519376707,46.2683030035046 13.8837505854737,46.2681574274305 13.8835477237645,46.2678741011099 13.8833433935061,46.2676631882872 13.8832535896744,46.2675176345824 13.8831533842773,46.2673157460956 13.8830869617581,46.2671624130769 13.8829066703191,46.2669115163912 13.8827808006837,46.266829940532 13.8825384509509,46.2667793463697 13.8824466577548,46.2667382311632 13.8823672570414,46.2666491015037 13.8823242193948,46.2664878990705 13.8821665310479,46.266261334919 13.8820183940291,46.2661393225601 13.8818584196199,46.2660252917953 13.8818025323144,46.2659282941403 13.8817926552713,46.2658398440739 13.8815756539007,46.2656849472014 13.8811861560492,46.2654642111498 13.8805090333348,46.2651361089324 13.8800162471356,46.2648660418679 13.879673883961,46.2646055444585 13.8794224933376,46.2644262836514 13.8792387880936,46.2643441369243 13.8789620211998,46.2642770925587 13.8788124220577,46.2642273999472 13.8786860730704,46.2641699275946 13.8785616908825,46.2640160233374 13.8784598706292,46.2638944606494 13.8782993847898,46.2638125401944 13.8781967452328,46.2637311871623 13.8781189963361,46.263561634836 13.8780532474301,46.2633761850248 13.8779967142654,46.2633112994853 13.8778356091789,46.2632534850595 13.8776868344643,46.2631635811175 13.8775613079677,46.2630659876169 13.8775043173385,46.2630172025085 13.8773785961685,46.2629355321175 13.8772517594655,46.2629021661434 13.8770204830265,46.2628757817503 13.8766850601552,46.2628483735872 13.8764427337527,46.2627977666759 13.8762697598075,46.2627559385568 13.8761318757249,46.2626982600013 13.8760526546632,46.262601120048 13.8759625152048,46.2624796699398 13.8758488672513,46.2623659961918 13.8757460703548,46.2622926469866 13.8756309087491,46.2622593940238 13.8755622122501,46.2622185903801 13.8755180482614,46.2621136073132 13.8754859183928,46.2619847198013 13.8754060427927,46.2619196933227 13.8752454035548,46.2618457746353 13.875118736286,46.2618043103783 13.8750384979397,46.261763392846 13.874936525831,46.2616498330697 13.8746841776007,46.2615187778561 13.8742505761945,46.2611930351372 13.873977284693,46.2609573133954 13.8738072822714,46.2607707441508 13.87374188085,46.2605691900028 13.8736226218603,46.2601661953139 13.8735232865922,46.2599241786776 13.8733757157501,46.2597699501756 13.8731352159077,46.2596310006527 13.8730510134638,46.2592203432471 13.8728986540732,46.2587365854566 13.8729480804279,46.2585843884174 13.8730431103547,46.2584728588953 13.873069818028,46.2582962350713 13.8729024590309,46.2579812088586 13.8725657719602,46.2574474974252 13.8724774611067,46.257237618914 13.8725399114581,46.2570132120821 13.8725672419228,46.2568125716506 13.8724932727724,46.2564662553657 13.8725728631883,46.2559687691387 13.8724575391489,46.255381006883 13.8722147805106,46.2547838897568 13.8719545535167,46.2544759533581 13.8711679208007,46.2538493530765 13.8689008428738,46.2519705276687 13.8687544252823,46.2517681687131 13.8687231437179,46.2515990694297 13.8686246717442,46.2513168386749 13.8684450299707,46.2510337144294 13.8682523249272,46.2508308966163 13.8682090440373,46.2506777835754 13.8682487542427,46.2504370484856 13.8681142128044,46.2502187909923 13.8673555258308,46.2493674175631 13.8673124151877,46.2492062082369 13.8673736824624,46.2490461230619 13.8675751429112,46.2488230958175 13.8677646952761,46.2486240631009 13.8678141261788,46.2484718680629 13.8677823531068,46.2483268763886 13.8675315361944,46.2481314893117 13.8671288951099,46.2479909204739 13.8666226718787,46.2478171128816 13.8663352905,46.2477098043599 13.8658425645097,46.2474476834249 13.8655782660697,46.2473406019979 13.8648859409153,46.2472051578061 13.8642393743716,46.2471022845057 13.8638486215218,46.2469457169685 13.8635732877274,46.2468144083739 13.8633427135229,46.2467638903121 13.8627800495331,46.2465172558859 13.8624824726657,46.2463455053127 13.8616653743229,46.2460802280962 13.8612512259701,46.245939433918 13.8609439822857,46.2456712216125 13.8606108735261,46.2455312325559 13.8603358881063,46.2453838143687 13.8602930945881,46.2452146877775 13.8602875470869,46.2449252782914 13.8603149514943,46.244716633461 13.8602018353346,46.2445868438345 13.859824445106,46.2443500495015 13.8596777471995,46.2441637810441 13.8594039363867,46.2439601389576 13.8590491338172,46.2437475902818 13.8588449861739,46.2435366344761 13.8587328739445,46.2433587176488 13.858632135217,46.2431889218909 13.8582580963614,46.2427913734009 13.8579293447191,46.2424425917997 13.8577581182391,46.2423203167326 13.8574244989307,46.2422125236489 13.8567768743825,46.2421578231336 13.8565227865713,46.2421230713585 13.8563844721027,46.2420895672497 13.8561310891105,46.2420146935328 13.8559435256106,46.2419362492374 13.8555208639295,46.2416021761287 13.855290376712,46.241243393836 13.8549008657588,46.2407872865376 13.8542248031931,46.2404613767861 13.8530900684752,46.2400564541256 13.8521978780156,46.2397922448537 13.8518100768086,46.2396288275512 13.851035241812,46.2392593492942 13.8507007674529,46.2391070810397 13.8502804743693,46.2386559567369 13.8498686651534,46.2382211114236 13.8492285716668,46.237188612467 13.8487898229592,46.236765638364 13.8477920030976,46.2360940105304 13.8475757743176,46.2352682137124 13.8475783166823,46.2351467751436 13.8476580740429,46.2350530170354 13.847660616207,46.2349315784584 13.8474139275809,46.2346319989976 13.8470518575383,46.2342638651818 13.8465545336109,46.2338537874875 13.8461740103735,46.2334448865833 13.8456371524689,46.2330226192547 13.8455045069357,46.2331653272929 13.8452677844669,46.2333248886235 13.8451721399723,46.2335578535639 13.8449716605593,46.2338437433123 13.8449553004671,46.2340055303149 13.8448087460179,46.2341929937631 13.8446398520268,46.2342092815894 13.8446638897052,46.2342994980328 13.8446090175665,46.2344429010385 13.8441979143184,46.2348796153193 13.8442052111024,46.2351496095595 13.8440183782928,46.2354087334724 13.8438202125902,46.2355776789961 13.8434944336335,46.235655359712 13.8430031579407,46.2355874070223 13.8426527754594,46.235601854883 13.8422518646913,46.2355528085032 13.8420980103771,46.2354702740596 13.8418265425911,46.2354315346073 13.8414874200639,46.2355270691109 13.8411890794337,46.2355330425413 13.8404559454092,46.2358675075744 13.8400698935173,46.2357286307805 13.8396718957377,46.2361565543273 13.8394189560018,46.2364688937795 13.8392321581728,46.236718922867 13.8388178996837,46.236687723612 13.8387243094663,46.2368217331041 13.8385157563257,46.236873598378 13.8383988958704,46.2368814083083 13.8381893928641,46.2369782500678 13.8376943737109,46.2370811861173 13.8373956444355,46.237105140392 13.83717241522,46.2372378300713 13.8369516558869,46.2372535789397 13.8368593907882,46.2373246189545 13.8366637975544,46.2373766127131 13.8365711516065,46.2374656433107 13.8364668728824,46.2374915740077 13.8363481072277,46.2375894258833 13.8361008485064,46.237631895395 13.8358646504569,46.2377644504683 13.8357195772459,46.2378799384955 13.8353276229962,46.2380199033308 13.8353390639208,46.2380919986573 13.8350883752938,46.2382963832455 13.8348254827465,46.2384646535086 13.8345379943309,46.2385696909926 13.8340558571733,46.2386817399506 13.8337064062271,46.2386511831711 13.8330164641126,46.2387791021113 13.8323623551717,46.239051430385 13.8320626587163,46.2391203475647 13.8315303749196,46.2391508974147 13.8312309293235,46.2392018202892 13.8310627805002,46.2391821062947 13.8308932942716,46.2392253597846 13.8304142027024,46.2391934670182 13.8301541596989,46.2392267955171 13.8298199666204,46.2390884148659 13.8297702149281,46.23898893478 13.8296928143075,46.2389701477175 13.8296554529528,46.2388977864611 13.8295126594342,46.2389053218022 13.8290739940184,46.2388018585774 13.8288172061305,46.2386822625096 13.8286875682955,46.2386809342575 13.8281593090894,46.2385225653894 13.8279516976561,46.2385294343093 13.8274167967173,46.2386769036598 13.8264447055583,46.2386579309018 13.8260815263345,46.2386632892239 13.8258590314655,46.2387599749567 13.825508049443,46.2388013561448 13.8250144650663,46.2388412705955 13.8248300908546,46.2389743355255 13.8246609847385,46.2389995889947 13.8244253300637,46.2391051339737 13.8239067756104,46.2390998001267 13.8235830636913,46.2390784745447 13.8231533331928,46.2391640247939 13.8228534326748,46.2392419130766 13.8225562254662,46.2391938654794 13.8224129158188,46.2392193813253 13.8222192275924,46.239181396533 13.8217399495766,46.239158462823 13.8215449138285,46.2391834444168 13.8212479007957,46.2391263980717 13.8210799468198,46.2390977640228 13.820461537917,46.2389114377817 13.8203591770943,46.2388474001118 13.8201507924242,46.2388902362672 13.820049010544,46.2387992122555 13.8198293979795,46.2387609558131 13.8197887707082,46.2388415124892 13.8192988487061,46.2387104904875 13.8188356286669,46.2385437528984 13.81875707422,46.2385789305836 13.8186398215858,46.2386047109536 13.8183194222598,46.2390332720162 13.8182279029594,46.2390683153152 13.8180957535433,46.2391839145833 13.8176573014843,46.2390714123855 13.8171902153305,46.2390846650499 13.8169851143218,46.2389745745224 13.8167525395185,46.2389361780226 13.8165987147636,46.23885360958 13.816430185795,46.238851864808 13.8163017088852,46.2387965504453 13.8156829968407,46.2386191925292 13.8153985697048,46.2385802560558 13.8145692807377,46.2385536646633 13.8142186798259,46.2385770204447 13.8141151641133,46.2385669492773 13.8140259689208,46.2384940451558 13.813976052594,46.2384035537998 13.8139112343495,46.2384028812811 13.8138305445735,46.2385370042515 13.813519416283,46.2385337754237 13.8134671737349,46.238551227873 13.8132992277227,46.2385224924909 13.8131819727637,46.2385482672394 13.8130279605432,46.2384746893813 13.8127953907659,46.2384362848733 13.8124978090408,46.238406201907 13.8120229615158,46.238779246732 13.8116810492835,46.2390006266646 13.8114983909227,46.2390527118236 13.8113155379464,46.2391137920137 13.8111841512461,46.2391934018445 13.8110784328563,46.2392912731835 13.8104267411599,46.239446445641 13.8101126910085,46.2395781373364 13.8098342243201,46.2398631535314 13.809301728444,46.2399025950005 13.8090440060669,46.2398279314921 13.8088621212556,46.2398440311088 13.8086796522122,46.2398871163862 13.8082789377305,46.2398289555637 13.8081489085608,46.2398455946287 13.8078745221307,46.2399417043188 13.8077427388018,46.2400393007438 13.8075339504403,46.2401001043787 13.8074406684226,46.2402160967657 13.8073357864682,46.24026898663 13.8072806162247,46.2404213658892 13.806651123164,46.2407476979802 13.806202146428,46.2411208986173 13.8060813701368,46.2413085815045 13.8058830021532,46.2414864564233 13.8057368788507,46.2416469721022 13.8056820931645,46.2417813598893 13.8054976628392,46.2419143930252 13.8051301666553,46.2421174912567 13.8048296393281,46.2422223177157 13.8046311982452,46.2424091870191 13.8045992119011,46.2426877701626 13.8045029880512,46.2429386894811 13.8043291703605,46.2431797998003 13.8042366581291,46.2432598082069 13.8041783486422,46.2435561105263 13.8040946951848,46.2438251556449 13.8040290868432,46.2438605485984 13.8040135804503,46.2439773517975 13.8037260057646,46.2440823108448 13.8033124970978,46.2440150014411 13.8031932695546,46.2441307186874 13.802894097367,46.2441725728376 13.8028923361954,46.2442535304587 13.8028009942709,46.2442795659055 13.8029029529549,46.2443616097213 13.8029102431076,46.2446226089244 13.8026491803336,46.2447008508629 13.8020357093052,46.2448833677461 13.8018153022944,46.244881057769 13.8016736654555,46.2448345864206 13.8014373546429,46.2449670690928 13.8012285407381,46.2450278609115 13.8010210983615,46.2450256853575 13.8008637523866,46.2451050109939 13.8006812598084,46.2451480832358 13.8005777344819,46.245137999725 13.8003160776964,46.2452432221173 13.8001436053493,46.2454214487182 13.7997909933724,46.2455347125342 13.7994943623755,46.2454596190571 13.7991548437766,46.2455730184138 13.7988719641312,46.2454620784184 13.7985617803995,46.2454138321339 13.7979486812632,46.2455783363047 13.7975929188937,46.2458355176347 13.7973819349869,46.2459952503223 13.7972511016812,46.24604785788 13.7969267707698,46.2460534423466 13.7966252229821,46.2462032231449 13.7964786685785,46.246381627057 13.7963317196681,46.2465780212983 13.796042739268,46.2467459275521 13.7957950142142,46.2468063895919 13.7956009248785,46.2467863501922 13.7954054572004,46.2468292773015 13.7953156830913,46.2467833445812 13.7949903627811,46.2468338998171 13.7946658300858,46.2468484730813 13.7945082727841,46.2469367850647 13.7944277201475,46.2470618983025 13.7942717387716,46.2470782478791 13.794152682772,46.2471849601281 13.794062120557,46.2471750074611 13.7940092722826,46.2472194366239 13.7938792216152,46.247236059224 13.7937470016536,46.2473516294934 13.7934863077349,46.2474118597052 13.7933546783297,46.2475004437409 13.7932864961204,46.2476526787501 13.7931680288638,46.2477324041711 13.7930069147596,46.2479826285789 13.7928082831097,46.2481694752118 13.7925852297714,46.2482930822014 13.7923626361079,46.2483897915765 13.792116086565,46.2483961840662 13.7919445673162,46.2485293316502 13.7918636114431,46.2486724334635 13.7915087886067,46.248884619016 13.790818427054,46.249021276073 13.7905325809669,46.2490452441473 13.7904926941032,46.2490898088065 13.7904017339584,46.2490978437036 13.7903616491828,46.2491514035574 13.7902577228485,46.2491593011359 13.7902176378877,46.2492128609368 13.7899441631486,46.2492639504674 13.789864388087,46.2493530793446 13.7896818730948,46.2493961337734 13.7896419852879,46.2494406981239 13.7895244984603,46.2494754434608 13.7892618104972,46.2496256162548 13.7890097113919,46.2498838686222 13.7888148218232,46.2498997985732 13.78862913333,46.2500868650075 13.7882908213732,46.2501372634962 13.7879505271215,46.2502776133002 13.7879617099304,46.2503587078675 13.7879078627871,46.250448110267 13.7877913637224,46.2504378776268 13.7876174489538,46.2506789612778 13.787200342445,46.2507735075099 13.7871492699183,46.250736976326 13.7871398729873,46.2505749246344 13.7870355469132,46.2506008097084 13.7869322124363,46.2505817185445 13.7865115341939,46.2508381763541 13.7860309129066,46.2508780600772 13.7858368131291,46.2508580040069 13.7851491941753,46.250868693276 13.7849642866414,46.2510196827343 13.7847169299553,46.251062040021 13.7845856752338,46.2511326232402 13.7844683804285,46.2511583680843 13.7843624619319,46.2512562124448 13.7837989332986,46.2515202283894 13.7837211337258,46.2515194006529 13.7834987125571,46.2516070072656 13.7833818141022,46.2516147605476 13.7830811942543,46.2517195287429 13.7828075017053,46.2517795962039 13.782677835189,46.2517782154832 13.7825332113714,46.2518666486381 13.7826201960731,46.252038524299 13.7825655423477,46.2521639049008 13.7824879409764,46.2521540811051 13.7823658647309,46.2523957088121 13.7821512272254,46.2527173262999 13.7820570735789,46.2528692778215 13.7820411193609,46.2530040677935 13.7820770329335,46.2531394103739 13.7819467657338,46.2531650144167 13.7816824438962,46.25338722093 13.7817207473434,46.253414621131 13.7816656917055,46.2535579916518 13.7814562261211,46.2536457323446 13.7813872060972,46.2538339405177 13.7812950412145,46.2538959392989 13.781174749472,46.254056608738 13.7810967470719,46.2540647743844 13.7810035151518,46.2541807455223 13.7808590816471,46.2542601812318 13.7807028767786,46.2542855072349 13.7805065735677,46.2543643892416 13.7801953595905,46.2543610688602 13.7797518792126,46.2544733011153 13.7795837038155,46.2544535111692 13.7794007649131,46.2545145392942 13.7793213643519,46.2545856700972 13.779319567853,46.2546666268662 13.7791485970825,46.2547727690224 13.7790707930448,46.2547719380768 13.779003760046,46.2548701927288 13.7782512536264,46.2548801474563 13.7778326987165,46.2550377152608 13.7776110536381,46.2550893293706 13.7774660131549,46.255195746278 13.777322571648,46.2552302014831 13.7770600231294,46.2553713503021 13.7768778784996,46.2553963935726 13.7766526301534,46.2556099191563 13.7763374074602,46.2557864919133 13.7762959032856,46.255903012882 13.7762043296226,46.2559380218936 13.776215295943,46.256028112556 13.7761199192728,46.2562340299846 13.7760624442459,46.2564853397605 13.7758272233889,46.2565637970302 13.7756931411397,46.2567603022692 13.7755345239699,46.2568935632731 13.7752334579458,46.2570163906145 13.7751511734039,46.2572224474717 13.7751980374084,46.2574478827033 13.7751419590055,46.2576362256653 13.7750350097179,46.257779036875 13.7749420296803,46.2578770110639 13.7747929691405,46.258163327929 13.7747636264274,46.2583159679339 13.7745592837479,46.2587546464348 13.7744144280707,46.2588520640763 13.7741027884253,46.2588667172093 13.7737664153589,46.2588271202535 13.7735962232517,46.2588972731128 13.7733751605772,46.258921893272 13.773229499836,46.2590552900616 13.7730471386776,46.2590894121951 13.7730327656571,46.2591522391843 13.7728376384205,46.259177136668 13.7728256735963,46.2591320216169 13.7725012644473,46.2591375359817 13.7723296642928,46.2592706530886 13.7722119449634,46.2593143754231 13.7719974214876,46.2596269774461 13.7716063589708,46.2597127491479 13.7713802685637,46.2599622444549 13.7708181991989,46.2601541432817 13.7703858120651,46.2603474343055 13.770190880615,46.2603633320552 13.7701365208555,46.2604797124119 13.7697689722215,46.2606736986355 13.7696518515876,46.2606904328093 13.7696370697542,46.2607713395719 13.7695442762748,46.2608603140209 13.7693230027488,46.2608939213928 13.7691132884333,46.2609906340385 13.7689657997355,46.261204981556 13.7688480736305,46.2612487003444 13.7687455314196,46.2611936120362 13.7685507979664,46.2612005118021 13.7684356902302,46.2611272932157 13.7681629427851,46.261142349148 13.76753640939,46.2613155425174 13.7674310459693,46.2613863850883 13.7673404656941,46.2613764110912 13.7669990407647,46.2615616727568 13.7669583189911,46.2616422094048 13.7662705638316,46.2616527837174 13.7661678216946,46.2616066882602 13.765963952686,46.2614425359468 13.7654370762755,46.2612209114801 13.7650109241189,46.2611353325705 13.7648938011516,46.2611520618437 13.7648032217631,46.2611420858441 13.7645953172996,46.2611578338765 13.7641043232451,46.2610715508271 13.7640023926822,46.2609894729077 13.7637438268761,46.260950687702 13.7635006570573,46.2608041005911 13.7634897107991,46.2607140089803 13.7630518109718,46.2605743117538 13.7628086446716,46.2604277231961 13.7625881785961,46.2604253369847 13.7620201928918,46.2603022222561 13.7616317437632,46.2602710229501 13.7613093533834,46.2601865541982 13.761152920556,46.2602208483295 13.760584737602,46.2601067216425 13.7604153340297,46.2601409641087 13.7601450231037,46.2600480594556 13.7598214193727,46.2600175572766 13.7594826157278,46.2600858597878 13.7589900159009,46.2600715158918 13.7582739057825,46.2601897021169 13.7581160493157,46.2602869578872 13.7576868685084,46.2603362785743 13.7572027637151,46.2605199603893 13.7568916418456,46.260694724562 13.7564239158737,46.2611233083293 13.7561732378133,46.2613095248338 13.7559730069255,46.2615593609974 13.7558287218276,46.2616297693177 13.7554011572161,46.2616071204438 13.7550388443907,46.2615671859703 13.7549211067305,46.2616108902942 13.7547089206505,46.261815517449 13.7543311931614,46.2618833806647 13.7540460072468,46.2624471039097 13.7536745162689,46.262811944472 13.7536578775832,46.2629737148159 13.7534726393682,46.2631336468402 13.7532717776976,46.2634104632892 13.7533665593262,46.2638073789327 13.7531689598935,46.2639401836917 13.7530615334272,46.2641009636791 13.7529691595234,46.2647477628791 13.7527526693062,46.2651412829989 13.7525756973662,46.2655082419682 13.7521821144057,46.2657018874631 13.751920881199,46.2657800115335 13.7512255126895,46.2661234028544 13.7507779973181,46.2664064274885 13.7505674122805,46.2665390858023 13.7505262539149,46.2666376064092 13.7504076841265,46.26671728622 13.750323935317,46.2669772928379 13.7498945771325,46.2676024103623 13.7499038661132,46.2677644635674 13.7498750623243,46.2678901109589 13.7499325513759,46.2682146428528 13.7498798497799,46.2682501457663 13.7496449511328,46.2683105579702 13.7496420124181,46.2684454855017 13.7495621441514,46.2685345850218 13.7495728642765,46.2686336727054 13.7494812526759,46.2686686598483 13.7493245839499,46.2687119324989 13.7491403368299,46.2688268816642 13.749190581749,46.2688994099191 13.7491477818961,46.2690698905195 13.7491840332492,46.2691872522094 13.7490961814905,46.2696271591344 13.7488835330045,46.2698497648052 13.7487845492638,46.2702085738338 13.7486511556936,46.2703690653148 13.7486093766615,46.2704945703057 13.7486328615547,46.2706027950844 13.7487706284299,46.2708202384469 13.7488317964491,46.2709829494404 13.7488159594191,46.2711087384166 13.7486691831374,46.2712870780397 13.7485460957551,46.271564647175 13.7482813477917,46.2717956786175 13.7478959636981,46.2721963370182 13.7477969689837,46.2725551449399 13.7474401833029,46.2728391500477 13.7472705275698,46.272882367541 13.7463026397381,46.2732226519734 13.7462717731311,46.273438248775 13.7461266236763,46.2735446244833 13.7459431743846,46.2736235879559 13.7457980238057,46.2737299632323 13.7454875644149,46.2742573976422 13.7450504583741,46.2746485713871 13.745047172642,46.274792492161 13.7449541102679,46.2748904408423 13.7445863770613,46.2750843437472 13.7439256293794,46.2750410964906 13.7435988635584,46.2751454733162 13.7428625588442,46.2755692492011 13.742533728082,46.275763663258 13.741997754325,46.2759377125043 13.7417607552699,46.2760880583615 13.7415412578771,46.2760406557657 13.7414609533933,46.2761477393332 13.7411329403563,46.2763060791742 13.7410637527378,46.2764942605825 13.7406476095102,46.2765346635491 13.7404888503556,46.2766678740336 13.7404861708091,46.2767848094166 13.7403144381607,46.2769178767174 13.7401939737201,46.2770785906231 13.7398278590852,46.2772005176133 13.7393883170038,46.2771236931621 13.7394552419902,46.2770344581345 13.7391319638567,46.2769859065277 13.7390516532945,46.2770929883238 13.7388305032125,46.2771175407026 13.7387790263693,46.2770989781965 13.7387543199864,46.2770447218203 13.7388086863127,46.2769373540121 13.7387845991657,46.2768561125712 13.7389553034249,46.2767680227235 13.7388949821261,46.2765694166908 13.738457640668,46.2764026399113 13.7383170107382,46.2763111149172 13.7376158913106,46.2763303667364 13.737294065507,46.2762188448463 13.7372154057544,46.2762539651897 13.7373035248777,46.276371903455 13.7371600037313,46.2764063073205 13.7370098684431,46.2767285515689 13.7368484127056,46.2769786921169 13.736543224946,46.277272230486 13.7361877985209,46.2774932342452 13.736051072056,46.277418214691 13.7318946074183,46.2782309760666 13.7297649447096,46.2787495997348 13.7269449038337,46.2795316763187 13.7258591016299,46.2799940072003 13.7231087895531,46.2805735172713 13.7211696214797,46.2798746145782 13.7197491228655,46.2792943147305 13.7174521338748,46.2785688476869 13.7161935909786,46.2780353968148 13.7147757011836,46.2773422379922 13.7143837883403,46.2773829976955 13.71425248965,46.2774266875046 13.7139902880774,46.2774915778644 13.7138625572514,46.2773772247423 13.7137033231701,46.2772173505432 13.7134149032852,46.2770109457842 13.7130968396369,46.2766686172068 13.7128750034366,46.27639512091 13.7121000474431,46.2760929907928 13.7116098033345,46.2761552163844 13.7114096785876,46.2763562998584 13.7113352902499,46.2767619595711 13.7110994253432,46.277098138997 13.7106744217697,46.2771610961233 13.7102209633455,46.2770431547361 13.709538925225,46.2769452147213 13.7092421692512,46.2771000370665 13.7089758529398,46.2773454453681 13.7087125849452,46.2774554780487 13.7082560766743,46.2774729038483 13.7077375000891,46.2773542167851 13.7069624320731,46.2770519606244 13.695681028058,46.2801774962123 13.6870811904919,46.2792745133822 13.6877456023001,46.2795232698619 13.688163774771,46.2797538116581 13.6886135627059,46.280029971026 13.6890857276568,46.2802984675854 13.6895204713901,46.281124275957 13.6897082680895,46.2815368854812 13.6899765019552,46.281895982792 13.6900864662426,46.282253176058 13.6900957463319,46.2826913609035 13.691072453695,46.2835933707163 13.6915483391356,46.2842414954545 13.6919331159918,46.2846995424962 13.6926068429264,46.2850567943988 13.6920447854345,46.2852420974841 13.6916182282078,46.2855520316757 13.6912284321689,46.2857023232609 13.6908301696099,46.2858483778021 13.6902600301789,46.2857460260189 13.6894720530926,46.2856685261284 13.6889397263647,46.2856350706359 13.6883505249079,46.2855051389267 13.6879573565226,46.2854321577776 13.6874866130315,46.2853035810912 13.6871704972423,46.2853136271673 13.6868338775231,46.2853507886238 13.6865167787657,46.2854019392419 13.6862805254723,46.2853718727524 13.6860225901706,46.2854236119008 13.6858633852526,46.2854765754241 13.6855883470031,46.2854186198983 13.6850965779527,46.2853445851447 13.6842341904144,46.2850745508104 13.6836864147737,46.2848629264941 13.6830801398773,46.2846231839031 13.682597112829,46.2841795401129 13.6822109814597,46.2838192465432 13.6819592871449,46.2836109365635 13.6814745030047,46.2835116843029 13.6734838147659,46.2883859297436 13.6712536002855,46.2874794642019 13.6702167659513,46.2867881123817 13.6689592049503,46.2862199634983 13.6676980082856,46.2858028229617 13.6658970683106,46.2851781013056 13.6637771834823,46.2842224817198 13.6628524152771,46.2834065001489 13.6626652842757,46.2836624437688 13.6625773303227,46.2838264253317 13.6624074304566,46.2839021742065 13.6621829052378,46.2839188910944 13.6619702603306,46.2840232903396 13.6619385865814,46.284178213034 13.6617492360896,46.2844770462748 13.6615636694496,46.2846204501356 13.6612959204688,46.2846853346063 13.6610575075956,46.2847019766272 13.6608325052508,46.2847381194445 13.6606069197927,46.284803496214 13.6604936419102,46.2848507543739 13.6603757634923,46.2850920302796 13.6603441894825,46.2852373265674 13.6602158462396,46.2853329033492 13.6599337362802,46.2854170504846 13.6595810942026,46.2855197141259 13.6593385225471,46.2857013142739 13.6591524691879,46.2858642326319 13.65895145651,46.2860657535579 13.6588226346767,46.2861807573175 13.6584987191852,46.2862546933533 13.6582886676384,46.2862522282466 13.6580070268051,46.286316851988 13.6586116655912,46.2867900083599 13.6596060333882,46.2873648125942 13.6611388961042,46.2876837348365 13.6621425255738,46.287879929175 13.6632388186947,46.2883005111318 13.6640091879474,46.2888726573394 13.6642684585567,46.2891572123406 13.6645126445934,46.2894804588247 13.6649691512632,46.2897188207582 13.6654404891478,46.289918485693 13.6657582856496,46.290097012587 13.6660972769712,46.2905573111444 13.6661144623417,46.2910041371815 13.6660774789339,46.2913726845218 13.6660227115577,46.2918963175236 13.6660142259189,46.2922457631791 13.6692634052045,46.292264107285 13.671242445362,46.2932531658466 13.6716736840474,46.2933795507747 13.6719387507188,46.2934214986514 13.6724150719863,46.2934173140398 13.6729348433025,46.293355329422 13.6734170245706,46.293108461884 13.6738994360322,46.2928518779065 13.6741697855017,46.292680286311 13.6744785331516,46.2926547154001 13.6748842055151,46.2926788525271 13.6753308551475,46.2927422413448 13.6759329312269,46.2927492162458 13.6762979679827,46.2927145752842 13.6768185798965,46.2923747465319 13.6759365201392,46.2983296421001 13.6767986264918,46.298742161937 13.6774416440014,46.2992025255953 13.6776832804313,46.2997337307971 13.6777697922398,46.3006910517587 13.6773971109,46.3010894587397 13.6775328963564,46.3014937475306 13.6774512629114,46.3018702387594 13.6770083167862,46.3021672420142 13.6762778200285,46.3023350425496 13.6762349395386,46.3026113920822 13.6762629172108,46.3029640491809 13.6766416860534,46.3038491771103 13.6762332398592,46.3042220637265 13.6761076252488,46.3049252752072 13.6766077717842,46.3052833090134 13.6769222370414,46.3058153583086 13.6768037719398,46.3062167048661 13.6767960202002,46.3065437557282 13.6768865091662,46.3073249558783 13.6765143803178,46.3076982636195 13.6762149331964,46.3080723217883 13.6755599436054,46.3081152102077 13.6748681348141,46.3081827704686 13.6741755864345,46.3082755103029 13.6737498088548,46.3078427517969 13.6729591805836,46.3074814241147 13.6722392934803,46.307196309635 13.671439554354,46.307212300861 13.6702332602975,46.3075256864569 13.6693525553308,46.3078930541796 13.6683713547342,46.3079069116976 13.6677139196156,46.3080504060625 13.6669583225872,46.3077396498224 13.6663832194761,46.307481378925 13.6657705561745,46.3072730514585 13.6651519131537,46.3073162144448 13.6647445885115,46.3076386882953 13.6637785625545,46.3085335158855 13.6628240168244,46.3089503548882 13.6615509571497,46.3090111244435 13.6610679738755,46.3094585710444 13.6605794591894,46.3101324118802 13.6601763849365,46.3102787527441 13.6598041232018,46.3106520044655 13.6586605448674,46.3113685405437 13.6572561413428,46.3123589376556 13.6561755886675,46.313478906265 13.6556108462894,46.3143028934112 13.6547614790267,46.3148718756015 13.652498985047,46.3167833294169 13.6513994355022,46.317173261111 13.650659514589,46.3177183113333 13.6501000857135,46.3183157827011 13.6492499815687,46.3189098173017 13.6485547791894,46.3191030497767 13.6476847725441,46.3190174549828 13.6471368230203,46.3191368436486 13.6469491319556,46.3193863655334 13.6469732064321,46.3198899566674 13.647222073933,46.3201193625268 13.6481217593155,46.3204821571323 13.6483609781248,46.3211141632367 13.6479539426131,46.3214113878298 13.6470439586293,46.3214762892568 13.6460243011109,46.3215649869233 13.6453235928572,46.3219846851941 13.6453429433826,46.322689578873 13.6451029896555,46.3235927580252 13.6453626508929,46.3248792919325 13.6452365882613,46.3255824622025 13.6443572922923,46.3258741665004 13.6434662975515,46.3266439285917 13.6432590443614,46.3276985549842 13.6437857127725,46.328459672244 13.6438727797286,46.329366726874 13.6433869822027,46.3299147432569 13.6427220115989,46.3303599514746 13.6422330814955,46.3310337070342 13.6424862066468,46.3310870074674 13.6430264558074,46.331294689246 13.6433103413268,46.3315748133229 13.6437341904778,46.3320831474892 13.6442677441023,46.3325675887549 13.6444723465812,46.3331236144835 13.6446732217213,46.3338306590971 13.6448729895367,46.3345879846536 13.6451097424441,46.33532064581 13.6455330168908,46.3358540683947 13.6459205583907,46.3363619638853 13.6458659539782,46.3371162743343 13.6459627432871,46.3376208154077 13.6463812050269,46.3383555354749 13.6469837132987,46.3389917532423 13.6483452586384,46.3398129296763 13.6491350713552,46.3402248001837 13.6508376694023,46.3404711848622 13.6518202027411,46.3404323008652 13.6526978415021,46.340216006796 13.6536452426191,46.3401263086669 13.6542569865561,46.3403850732771 13.6547990935615,46.3405172341527 13.6553799047463,46.3405491687871 13.656002013515,46.3403802282097 13.6567282801202,46.340413775838 13.6573090915531,46.3404457006719 13.6582201265147,46.340355537532 13.6588379177481,46.340362696381 13.6589821399011,46.340414772543 13.6594800311484,46.3408735313858 13.6595818743112,46.3411766720577 13.6600543489289,46.3411821205046 13.6608581408023,46.3410152827167 13.6617309724005,46.3410002207298 13.6625304637889,46.3410093963697 13.6633646078739,46.341094548166 13.664416068248,46.3412073349804 13.6655730829723,46.3414723174434 13.6663696521813,46.3416073031475 13.6672759287903,46.3417184599638 13.6682505337316,46.3420064809985 13.6695594990909,46.3419963486494 13.670689818755,46.341858343288 13.6719278790749,46.3417718727605 13.6731344418336,46.341483665638 13.6739006202231,46.3413665940594 13.6747346593425,46.3414516616262 13.6753174492152,46.3414079412561 13.6758667801719,46.3412380493611 13.6763838644181,46.3408916160514 13.6770124617582,46.3404457920093 13.6781098766586,46.3401563592454 13.6793145553132,46.339943551722 13.6806598356527,46.3399337117799 13.6814188473807,46.3401185436049 13.682139816976,46.3403784185044 13.6826456301071,46.3405100288696 13.6831567542167,46.3404151483243 13.6833729956933,46.3404931254027 13.6836227132871,46.340697268558 13.6837639425043,46.340875059999 13.6840445949243,46.3413060181908 13.6842532520345,46.3417111348861 13.6846078485569,46.3420926481665 13.6848920034129,46.3423726712824 13.6852490217588,46.3426535316005 13.6854211972124,46.3430582265284 13.6854124113091,46.3434355584309 13.685652629621,46.3440423028454 13.686148968462,46.3445765036669 13.6866120960385,46.3449843598743 13.687258613491,46.3453188334385 13.6880494032331,46.3457053432893 13.6888706879927,46.3463437591765 13.6892879859233,46.3471538835863 13.6897433406446,46.3478888660028 13.690602719325,46.3484522192039 13.6913167647377,46.3490139923964 13.6931042798256,46.3503176194234 13.6938440856636,46.3513326798773 13.6946595289558,46.3522227281815 13.6963774726208,46.3533997280702 13.6972323514176,46.3541643365784 13.6975471580839,46.3546963282094 13.6980115176081,46.3550539470852 13.6985498293273,46.3553619316377 13.6990471228493,46.3558708939526 13.6996827629553,46.3566833731487 13.7005118409798,46.3569946548751 13.701962495887,46.3571619263181 13.7036329404012,46.3574648299602 13.703940605634,46.3575658474777 13.7043319602651,46.358205484309 13.7047042703943,46.3584911347378 13.7052567032668,46.3587104452404 13.7061243367078,46.3589765069781 13.706853975404,46.3588843531474 13.7075921909507,46.3587975999487 13.7081057467011,46.3589137093731 13.7083366315411,46.3593288387519 13.7087070057678,46.3597530107726 13.7090289858021,46.3603009761644 13.709370786543,46.3607194250142 13.710030225178,46.3611756462479 13.711483193583,46.3620021358501 13.7121812952103,46.362219185455 13.7127634831334,46.3621262327172 13.7131990766628,46.3619225814578 13.7139019023387,46.361706009812 13.7144062800638,46.3617497402629 13.714575883788,46.3620041979232 13.7146600454831,46.3623609824 13.7147659030382,46.3626682562979 13.7148529020323,46.362904150456 13.7151857989191,46.3631783468612 13.7160808785778,46.3636702902354 13.7172440351951,46.3639701757726 13.7178877705326,46.3641410547516 13.7183456574748,46.3643454757636 13.7187258370374,46.3647496610747 13.7190866004051,46.365061766454 13.7195275750381,46.3652340532608 13.7202558288009,46.3653206621529 13.7210125947965,46.365499896314 13.7212871949785,46.3656454828969 13.7213912201672,46.3658938884674 13.7215069563434,46.3663478302463 13.7218161507283,46.3667545402882 13.7220544705899,46.3671130422409 13.722345432229,46.3673879184501 13.7226781048248,46.367490514292 13.7230147198959,46.367429584706 13.72345527287,46.3670076786526 13.7238705630171,46.3667773085329 13.7244978716119,46.366734913884 13.7249303738376,46.3668034378852 13.7252375515937,46.3668567074057 13.7256345603952,46.3670319892674 13.7261856786307,46.3672088967994 13.7265990921199,46.3673440507528 13.7268575214774,46.3675713179941 13.7268297095676,46.3680578449303 13.726658717412,46.368530991058 13.7267012432007,46.3689158235044 13.7268066850061,46.3692444044825 13.7270367309946,46.3695245284043 13.7272483871288,46.3696676002979 13.7277234016735,46.3697983973989 13.7282528562097,46.3699525608793 13.7286632105939,46.370332665965 13.7291106804181,46.3706314878818 13.7295554343433,46.3706440781704 13.7302815388324,46.3706140859078 13.7312842462204,46.3703759952646 13.7319654128702,46.3705071726359 13.7325924108554,46.3707157508842 13.7331391004658,46.3710754878891 13.7338031303176,46.3715887536895 13.7344664296509,46.372128549106 13.7350097067006,46.3724007869131 13.7354826565662,46.3726228499674 13.7360445982645,46.3727964104938 13.7366372504328,46.3728333708662 13.7377644542841,46.372800114673 13.7383568018026,46.372844710348 13.7387085161574,46.3730488674359 13.7388570676534,46.3732925295346 13.7389626809449,46.373741392829 13.7390540485683,46.3740694470511 13.7393160051549,46.3743842669916 13.7398688463236,46.3747174077628 13.7404082489949,46.3749173299062 13.7408466603612,46.3752074584643 13.7411533020466,46.3754960446649 13.7417015794215,46.3757911582637 13.7422254552127,46.375949064153 13.7426225787054,46.3761245578014 13.7431260866143,46.3763715772623 13.7436869692416,46.3765770282861 13.7440990471493,46.3766846626411 13.7444552183819,46.3767304110279 13.7448056267318,46.3767837426167 13.7448774022049,46.3771346095969 13.7448725088549,46.3773481481854 13.7448381147163,46.377952738847 13.7449629529174,46.378557907724 13.7448758081336,46.3787584872286 13.7448040758178,46.3790125889317 13.7447779288303,46.379194853977 13.7445865238292,46.3795088222785 13.7441225240546,46.3800090963735 13.7434771628474,46.3803507353672 13.7430629171235,46.3806479465072 13.7425561571807,46.3809428791525 13.7418635005755,46.3811862798923 13.7408307500886,46.3814069476699 13.7398478437652,46.3816419210947 13.7391640547748,46.3818549928583 13.7383555691157,46.3821308342957 13.7373830567813,46.382376337894 13.7362665720093,46.3826238409171 13.7354618120858,46.3828160296393 13.7349195538887,46.3829735093221 13.7345080308998,46.3830600064718 13.7340723086327,46.3832259488887 13.733304521235,46.3835164206531 13.7326604021795,46.383794042575 13.7320955883144,46.3842005696001 13.7313821323314,46.3848048213165 13.730291676552,46.3857038576078 13.7198218878084,46.3927050178432 13.7145870115879,46.3895858231191 13.7098978743,46.3860311456108 13.6991713150044,46.3786070782879 13.6934290605436,46.3770326909958 13.6906359911971,46.3751359883271 13.6851633650094,46.3734931940761 13.683295425798,46.3724894775208 13.6777733241445,46.3695076093282 13.6704435991539,46.3693040271985 13.6707368839439,46.3704479188039 13.6707112274636,46.3714999295339 13.6703187617227,46.3724339506071 13.669685420278,46.3731378094234 13.6685837714539,46.3745188272479 13.6673225153963,46.375698956705 13.6689167750181,46.377707880057 13.670441568384,46.3792040343597 13.6692763268172,46.3798165007352 13.6686832648515,46.3805491630679 13.6686247844469,46.3812595273283 13.6686841145901,46.3821987113405 13.6683402100364,46.3828204585017 13.667252167493,46.3836328200669 13.6675265233845,46.3841762966274 13.6678454164133,46.3845780464422 13.6686545500122,46.3850991387092 13.669459422785,46.3857908515073 13.6704259790096,46.3865981627069 13.670650333301,46.3875107427192 13.6706343240345,46.3881647389929 13.6703685412549,46.3889579857531 13.669823375998,46.3894068102753 13.6695177503368,46.3901427294544 13.6695353321722,46.391109946745 13.6699664599698,46.3919679813672 13.6700586102676,46.3932488061385 13.671065563848,46.3940850116023 13.6719090483156,46.3948908784864 13.6732914303398,46.3955037966614 13.6729008947477,46.3963525525935 13.6722296709539,46.3969137386338 13.6719673142666,46.397564873109 13.6715739832643,46.3985273154942 13.6716040255662,46.3989826493076 13.6717203737928,46.3992684001721 13.6722427317537,46.3997577927776 13.6733355823032,46.4004527300451 13.6733030582841,46.4017889655006 13.6733659285509,46.4025860303134 13.6730081540104,46.4037764265593 13.6721879193956,46.4053881853817 13.6686973333246,46.4070402251331 13.6696418807105,46.408398266781 13.6706227191693,46.4090997530377 13.6729526075684,46.4110001955335 13.675014321092,46.4122071345206 13.6770174004864,46.4138736494921 13.6786888596563,46.4155034577948 13.6793079042161,46.4174172750324 13.6795492093013,46.4192282085907 13.6802069770099,46.4212330675888 13.6787741748623,46.4221118217912 13.6784050851573,46.4225799038354 13.6783967159391,46.4229261951203 13.6778178993322,46.4231894164854 13.6775145033239,46.423361351199 13.6774087924343,46.4236976093982 13.6778664694197,46.4244091737311 13.6789222782576,46.4254109663463 13.6793973412082,46.4259427834489 13.6797045225975,46.4261532636768 13.679967461423,46.4268490749425 13.6801569299552,46.4270851862239 13.6801900906058,46.4273284902493 13.6805926703196,46.4276300399245 13.6818095601356,46.428971144276 13.6819175237244,46.4296201786427 13.680414173433,46.4304486552187 13.6805962752627,46.4309905812823 13.6806876608802,46.4309781400784 13.6806811409324,46.4315178895443 13.6807617828913,46.4319506796574 13.6809275265429,46.4323619587161 13.6813661453642,46.4322500555879 13.6822891468695,46.4333718344789 13.6827549858517,46.4337505802632 13.6834855729468,46.4342133461639 13.6836145897593,46.4345297290328 13.6836385699214,46.4354252137618 13.6836567910964,46.4357493180801 13.6840260767608,46.4366262843603 13.6838879855946,46.4369620851752 13.6838495042306,46.4372090616601 13.6840721996078,46.4374185572157 13.6835422782791,46.4375321187007 13.6832077027419,46.4378126637135 13.6829665403754,46.4378154382233 13.6830281298284,46.4378551311901 13.6831294794404,46.4378562983939 13.6834289553908,46.4377525017667 13.6835416216093,46.4375485757757 13.683854529311,46.4374921672727 13.6840211387283,46.4374745611591 13.6842366760755,46.4376246833278 13.6847262891437,46.437915253138 13.6847215530501,46.4381120544959 13.6847888353796,46.4382039686629 13.6848105723174,46.4383768723853 13.684890617591,46.4385495469959 13.6848857521222,46.4387517450911 13.6849169256604,46.4389543576517 13.6849499650312,46.4390794369484 13.6849991395417,46.4391992135744 13.6850116273572,46.4393346730447</coordinates></LinearRing></outerBoundaryIs></Polygon></MultiGeometry>
  </Placemark>
</Folder>
</Document></kml>
