<?xml version="1.0" encoding="utf-8" ?>
<kml xmlns="http://www.opengis.net/kml/2.2">
<Document id="root_doc">
<Schema name="pregledovalniklovisca" id="pregledovalniklovisca">
	<SimpleField name="lov" type="string"></SimpleField>
	<SimpleField name="lov_naziv" type="string"></SimpleField>
	<SimpleField name="luo" type="string"></SimpleField>
	<SimpleField name="luo_naziv" type="string"></SimpleField>
	<SimpleField name="povrsina" type="float"></SimpleField>
</Schema>
<Folder><name>pregledovalniklovisca</name>
  <Placemark id="pregledovalniklovisca.1">
	<Style><LineStyle><color>ff0000ff</color></LineStyle><PolyStyle><fill>0</fill></PolyStyle></Style>
	<ExtendedData><SchemaData schemaUrl="#pregledovalniklovisca">
		<SimpleData name="lov">0399</SimpleData>
		<SimpleData name="lov_naziv">LPN KOČEVSKO</SimpleData>
		<SimpleData name="luo">03</SimpleData>
		<SimpleData name="luo_naziv">Kočevsko Belokranjsko</SimpleData>
		<SimpleData name="povrsina">68575.74</SimpleData>
	</SchemaData></ExtendedData>
      <MultiGeometry><Polygon><outerBoundaryIs><LinearRing><coordinates>14.9128419141105,45.51713170539 14.9120054119396,45.5178135033162 14.9116390304753,45.5172718763055 14.9108711091542,45.5168250486547 14.9104698229182,45.5167546372451 14.9099692197327,45.5165191153718 14.9098029223055,45.5163779791126 14.9094043821862,45.5164336338379 14.9087639270563,45.5164111679893 14.9084050321976,45.5166444794802 14.9083023867811,45.5167973700794 14.908135749682,45.5169457099345 14.9076362821354,45.5171162769341 14.9070083396285,45.517574686277 14.9068670590535,45.517867019414 14.9068535242493,45.5183124295073 14.9065585806773,45.518640630446 14.9064553600242,45.5191354582615 14.9061983853909,45.5197966302651 14.9039158059985,45.5222153032765 14.902737706126,45.5224573530515 14.9016489733376,45.5227578672557 14.9007397935192,45.5229325496431 14.8998817246308,45.5231567607892 14.8994588477699,45.5234038453374 14.8990998686779,45.5237094743533 14.8983563771369,45.524275714251 14.897523227677,45.5248598656499 14.8964603830597,45.5250343759601 14.8955511505745,45.5252090169349 14.8936816486731,45.5254592473236 14.8917094334926,45.5257903353334 14.8900312290222,45.5263961236996 14.8864324951459,45.5270990664527 14.8844607974952,45.5271285835984 14.8839615292203,45.5271235783338 14.8822578794939,45.5275942506383 14.8786456483774,45.5285398005814 14.8756838109922,45.5302911215714 14.8749281819155,45.5307585728129 14.8737219790042,45.5315807780941 14.8730003092238,45.5340674012069 14.8720001372981,45.5343864472889 14.8695301423641,45.5343486492282 14.8677917411386,45.5343696863715 14.8671738099286,45.5343810273677 14.8658367150947,45.5344384942017 14.8649196766744,45.534508410717 14.86322987532,45.5344434113742 14.8625632012218,45.5345956736888 14.8600414393934,45.534727677563 14.85987465185,45.5348125977734 14.8595791134299,45.5351323972344 14.8591945538573,45.5352079601798 14.8590024811292,45.5351627313682 14.8588827860763,45.5352055958227 14.8587147726296,45.535216366169 14.8585981473397,45.535158182316 14.8583980342086,45.534898781087 14.8583314222199,45.534758683697 14.8581980963718,45.5345703621326 14.8579477074313,45.5344990538167 14.8577966921097,45.5345228016187 14.857613148142,45.5344986372937 14.8575463620494,45.5344284566403 14.8573478114696,45.5341110159257 14.8574307811757,45.5339580570336 14.8572813828238,45.533899830916 14.8571136388935,45.5338055881287 14.8569802609684,45.5336403009048 14.8569976165905,45.5335112858287 14.8570977403921,45.5333593384574 14.8570153690082,45.5332761803103 14.8568815434485,45.5332879805732 14.8567801581362,45.533381886607 14.8566132859869,45.5334997360498 14.8564295677264,45.5335455770159 14.8563627840037,45.5334754856454 14.8562964491652,45.5332292064637 14.8561799222198,45.5331350267126 14.8560295202255,45.5329697169243 14.8558790779559,45.5327703929921 14.8554130764465,45.5324056395169 14.8551114191417,45.5323112241895 14.8548781077644,45.5322759243137 14.8547939700375,45.5323337669901 14.8546440038509,45.5324986966157 14.8537058557274,45.5330138262777 14.8533724068829,45.5331314575445 14.8532713885782,45.5331313278348 14.852938368491,45.5330838380531 14.8527539685982,45.5328015011905 14.8524546481464,45.5324018566783 14.852454985552,45.5322728202816 14.8522215795563,45.5322254570221 14.8519865187175,45.532272214244 14.851568992454,45.5324237451835 14.851368362676,45.5323764227656 14.8513188350753,45.5322713471669 14.8513688872045,45.5321772891987 14.8517043940401,45.5318606221557 14.8519053278318,45.5317427340291 14.8520397379337,45.5315558317679 14.8520060472258,45.5313677218618 14.8518057913754,45.531179305993 14.8508219766024,45.5306607082087 14.8505545487476,45.5305553474812 14.8502699722643,45.5304959454091 14.8497192891709,45.5304131569858 14.8494686466648,45.5304478307023 14.8488660607655,45.5305761619101 14.8485656761003,45.5305877319521 14.8480294453346,45.5304159604903 14.8477803181009,45.5304105896941 14.8475963461347,45.5305514391109 14.847312639617,45.5306921549635 14.847010815958,45.5307146970253 14.8466934673385,45.5306552421494 14.8460262505866,45.5304903041634 14.8455412530646,45.5303135509664 14.8447574461858,45.5300893284449 14.8444233022277,45.5299477791292 14.8438387739369,45.5297479371992 14.8432709857407,45.5296530364533 14.8429709331438,45.5295466233635 14.8427534916914,45.5293821936375 14.8424534751751,45.5292637213913 14.8422186818001,45.5292163357539 14.8417673958307,45.5292157115356 14.8410327534113,45.5292738109839 14.8405990595387,45.5290730824474 14.8404031907728,45.5288436199745 14.840315361938,45.5287094212206 14.8398986964968,45.5285557753899 14.8394632680989,45.5284730989706 14.8393297864339,45.5283668202784 14.8378969039059,45.5276263879252 14.8377962376874,45.5275071963026 14.8374640071694,45.5272015885858 14.8372723284182,45.5270352053645 14.8369526482836,45.5268186081225 14.8368249006991,45.5266803003756 14.8365955263228,45.5262257335762 14.8364811192215,45.5259464396703 14.8363535109556,45.525761159953 14.8361614164169,45.5257408181816 14.8359192237429,45.5257795235932 14.8358040146032,45.5257773784049 14.835740105628,45.5256991804571 14.8357530819279,45.5256391798204 14.8358304096771,45.5255052148893 14.8358178321489,45.5254281705482 14.8357155565912,45.5253369597429 14.8352421837869,45.525107178821 14.8350262844875,45.5244724802739 14.8349112253395,45.524376211168 14.8347705286567,45.5242919627169 14.8341431135264,45.5241680453893 14.8339653376086,45.5241127169412 14.8338118828059,45.5240145012445 14.8337353406128,45.5239243159017 14.8337099210682,45.5238621899554 14.83360869583,45.5234168018074 14.833493888909,45.5232365765617 14.8332509365201,45.5231021460282 14.8327644033279,45.523003352231 14.8324440089941,45.5230408559712 14.831958224447,45.5231642303145 14.8319199046005,45.5231361889165 14.8314856290459,45.5226852691942 14.8313453124558,45.5224769291227 14.8313330046779,45.5223118802893 14.8313464663936,45.5220907194785 14.8314369949581,45.5218246803989 14.8314504977908,45.5215895720952 14.8314252161685,45.5214824538099 14.8312593760266,45.5212491503464 14.8312853602533,45.5211210514793 14.8314011927079,45.5209541221655 14.831632981177,45.5205352284432 14.8316461337321,45.5204171887765 14.8315993351768,45.5203571004447 14.8316081742448,45.5202690191039 14.8315187718728,45.5201588368015 14.8313653651283,45.5200495497833 14.8312888171468,45.5199644018357 14.8311739350159,45.5198141387239 14.8311173537915,45.5196869976163 14.8307499732038,45.5197334255557 14.8304652486576,45.5197910430525 14.8302401155948,45.5198678250304 14.8299297848208,45.5198843704117 14.8295793538837,45.5199548455576 14.8292277144486,45.5200013820661 14.8288276675183,45.5200127511896 14.8279998999631,45.5197914068457 14.8280759700544,45.5196114632842 14.8280139347286,45.5193862298113 14.8280624412851,45.5188840118387 14.8279461345116,45.5187427417134 14.8277288361435,45.5186013192073 14.8274786270719,45.518506908251 14.8271457806118,45.5179781086094 14.8271632733263,45.5178249821835 14.8272134230254,45.5177079887673 14.8274989163991,45.5174382880399 14.8275648455557,45.5173092604217 14.8276997141212,45.5169452983309 14.8277840736896,45.5168162983729 14.8283036687336,45.516334855767 14.8285381799615,45.515947916434 14.828606976799,45.5153366676352 14.8285413553103,45.5149023058041 14.8285141261536,45.5145120937664 14.8284263051279,45.5143498104943 14.8285277519081,45.5142399122279 14.8287596766964,45.513773962342 14.8290427601857,45.5133611791684 14.8292099085676,45.5131513162134 14.8279838066559,45.5124280734912 14.8278654267561,45.512047622091 14.8272325443223,45.5114593399651 14.8268499018833,45.5109064377033 14.8259657552099,45.5101296103478 14.8256842009421,45.5095889159002 14.8254683769712,45.5089422297644 14.8251353516378,45.5084953987271 14.8242355594126,45.5077075556199 14.822435576617,45.5067302424942 14.8206339317837,45.5058929137422 14.8194932416508,45.5057964534811 14.8173834694825,45.5052513948435 14.814117924458,45.5059489947947 14.8119641764257,45.5070567753643 14.8102048431136,45.5088661482213 14.8093430245032,45.5101578761147 14.8081240685285,45.5110790729182 14.806724563072,45.5123886828241 14.8056327515663,45.5135287292164 14.8036078592446,45.5142938204069 14.8020680941572,45.5153619738807 14.8006035401209,45.5168990548514 14.7998446908708,45.5179334445358 14.7990992443735,45.5187906739488 14.7971486713525,45.5201693818402 14.7954797774688,45.5215044685894 14.7929526384128,45.522974843953 14.7893835853079,45.525715530023 14.788853282348,45.5271678817015 14.7882865540697,45.5280846687834 14.7844772558867,45.5299268044765 14.7830404115412,45.5306934467412 14.7803728030907,45.5318807252929 14.7792689293667,45.5325984684393 14.7771895371365,45.5338992871385 14.7728639611204,45.5365768748242 14.7689857136718,45.5393587742782 14.7661283344573,45.5398505701351 14.7647574973891,45.5400214239827 14.7636432922364,45.5400938105498 14.762722773979,45.5397517637205 14.7620189554993,45.5396451086469 14.7612769848567,45.5394770905851 14.7597285355229,45.5392578831911 14.7583435669663,45.5397372745848 14.7570492671429,45.5400008810654 14.7560886333716,45.5400618225722 14.7553590154971,45.5400008730998 14.7553308686607,45.540585797029 14.7555328426402,45.5412566081394 14.7557233800002,45.541612451394 14.7559276707102,45.5417793579199 14.7559525220011,45.5419548792343 14.7558878142139,45.5421122124497 14.7558741132056,45.5423191456734 14.7558350934398,45.5424585370046 14.7559381501963,45.5427904371162 14.7564328663225,45.5434046418273 14.7564064973545,45.5435800537704 14.7562001483395,45.5439171423195 14.7560314945414,45.5444206907812 14.7560945508544,45.5446457845834 14.7563108122255,45.5449791856536 14.7565533678932,45.545155170948 14.7566550975745,45.5453218574519 14.7566924093504,45.5455783903189 14.7567684813881,45.5457855146966 14.7569851581965,45.5460244324897 14.7570613364027,45.5461775667015 14.7570477549369,45.546357505083 14.7569043262072,45.5469510918861 14.7568248685064,45.5475584021687 14.756862221286,45.5478059366058 14.7568482120103,45.548084855967 14.7568088995795,45.548291734568 14.7566673464105,45.54844890443 14.7564618557345,45.5485834419216 14.7562565585371,45.548672987656 14.7555644180483,45.5488334791975 14.7548589279979,45.5490884206631 14.7544610135864,45.5492945283159 14.7542943863135,45.5493256642952 14.7538976654876,45.5492574125978 14.7535268351215,45.5491261368912 14.753322003635,45.5491076980434 14.7527838778553,45.5491605248982 14.7525022446392,45.5491329199883 14.7520037059107,45.5489203773406 14.7517476285331,45.5489063235852 14.751504179692,45.5489327893437 14.7511836513272,45.549013076875 14.7506319305218,45.5492728262327 14.7504524345692,45.5493174260536 14.7503116579588,45.5492946225406 14.7502223283396,45.5492224403839 14.750198009947,45.5489299405431 14.7501222852876,45.5486778208651 14.7499952745623,45.5484390864361 14.7497528967381,45.5481956000052 14.7492162849576,45.5479379699416 14.7489863866922,45.5477979904107 14.748769649072,45.5475500590227 14.7486045881817,45.547230254055 14.7484897313968,45.5471400176123 14.7482466903616,45.5470764937138 14.7477219565786,45.5470303442705 14.7470691728897,45.5469524146992 14.7466847589606,45.5470010538969 14.7464795734351,45.5470635872471 14.7464024921874,45.5471174063269 14.7462087963453,45.5474724114523 14.7460793335579,45.5477825672182 14.7458604863909,45.5480340346563 14.7455005809523,45.5483256801122 14.7450503588445,45.5487926808804 14.7446517996668,45.5491337283237 14.744420643704,45.5492726859476 14.7442153861886,45.5493487125836 14.743830994372,45.5493883438499 14.7435618440833,45.549432731759 14.7433181025023,45.549522167921 14.7431765906645,45.5496613244116 14.7431372474691,45.5498636990062 14.743085527347,45.5499715629909 14.7429569439529,45.5500837532018 14.7424304145669,45.5503975097261 14.7421729799421,45.5507073722921 14.7419545976927,45.5508509428797 14.7418519953693,45.5508822053108 14.7417239020091,45.5508864149505 14.7415833106244,45.5508231085031 14.7413529862803,45.5507775954585 14.7410967173196,45.5508040100016 14.7408784357491,45.550924992884 14.7406980786445,45.5511540417084 14.7405310036146,45.5512796393203 14.7403128847479,45.5513646280601 14.7400052586186,45.5514179184574 14.739928434998,45.5514132444053 14.73972374513,45.5513632872606 14.7395827600329,45.5513854618362 14.7392100349106,45.5516680597252 14.7388893933689,45.5517933042395 14.7384661831388,45.5519138138943 14.7380683980779,45.5520748728744 14.7378182185367,45.5522499468306 14.7376632266199,45.5523365151003 14.7371417939369,45.5524252999917 14.7369474733618,45.5524310615512 14.7367138112894,45.552359166303 14.7365548979128,45.5523525910669 14.7362979913105,45.5525133387894 14.7361028718867,45.5526897058509 14.7358947190262,45.5528319386834 14.734957364497,45.5528208593457 14.7349140425105,45.5528820376084 14.734386891296,45.5533127340494 14.7341556293158,45.5534651680848 14.7339749395977,45.5537571938836 14.7337819069337,45.5539502987364 14.7336148294866,45.5540713869918 14.7334096676286,45.5541203993198 14.7331022755792,45.554119681543 14.7324621743886,45.5540551957594 14.7318727502883,45.5541078039137 14.7315908882434,45.554152133746 14.7312707738328,45.554133384445 14.7309126650811,45.5540245612421 14.7306051016462,45.5540598297471 14.7304381031116,45.5541629168383 14.7303346061741,45.5543786329909 14.7302701999888,45.5544549669151 14.7299746231063,45.5546612306816 14.7295387153467,45.554750182964 14.7292312119288,45.5547719503828 14.7283982052473,45.5548690447174 14.7281801627428,45.5549315145465 14.7278845974473,45.5551332737414 14.7276528734863,45.5554026720061 14.7275753498473,45.5555419615669 14.727599140542,45.5559199489456 14.7274300646339,45.5564504481785 14.7271330514956,45.5569491473731 14.7270811199895,45.557092996862 14.7270805101512,45.5572189722555 14.7271311352217,45.5573450700406 14.7274121876236,45.5574987129173 14.7276551194453,45.5575892758022 14.7277061155485,45.5576388882709 14.727769594233,45.5577561080392 14.7278439494145,45.5582736900519 14.7280080106055,45.5588094822807 14.7252783399469,45.5598140941746 14.7264745823343,45.5613516317965 14.7263370113913,45.5614031327506 14.7265197181979,45.5616063028897 14.7263197193929,45.5619569391102 14.726748629784,45.5623726992949 14.7267681479411,45.5625215784931 14.7270841060425,45.5626939320777 14.7274093684065,45.5629823855372 14.7275612631253,45.5633074078891 14.7277674597621,45.5635560735806 14.7279255752381,45.5638138926704 14.7284370029135,45.5648959896011 14.7289757747688,45.5653042637508 14.7298911393938,45.5663916307106 14.7295459953984,45.5693051030926 14.7313530658056,45.5686880325134 14.7317122765239,45.5690964109679 14.732978396534,45.5691059462622 14.7338898833973,45.5691989562923 14.7349850731265,45.5693775995236 14.7357827500917,45.5693447137175 14.7368359298564,45.5693305878459 14.7377706722542,45.5692187285691 14.7385438474149,45.5690813866377 14.7389571328574,45.5690569565076 14.7394417186327,45.5691839494158 14.739889665538,45.5694497010317 14.7402844476229,45.5695765758249 14.7406439276015,45.5695520172548 14.7409145725508,45.5692875406822 14.7410963215446,45.5687959241927 14.7412595070125,45.5684682148737 14.7414042217371,45.5682287370984 14.7417451210991,45.5683428872244 14.7421582845131,45.5683436405546 14.7424268534413,45.568558586608 14.7425331685099,45.5688994129862 14.7426043045068,45.5690887181368 14.7428729936379,45.5692784680678 14.7432315510038,45.5694557317516 14.7437335696462,45.569696304507 14.7442903309662,45.5697603604533 14.7445953019805,45.5698618239565 14.7446845967378,45.5699755824384 14.7446300449865,45.5701394100006 14.7448091071006,45.5702911619825 14.7449525121508,45.5703670681768 14.7449693066497,45.5706194187093 14.744770834701,45.5708208978602 14.7445916128254,45.5707323137158 14.7445212689071,45.5703663745051 14.7442527981369,45.5701261483696 14.7437683655884,45.569961293284 14.7429600533591,45.5699093567045 14.7420433612201,45.5699961038788 14.7415937802663,45.5700835413395 14.7413953559821,45.5702724170976 14.7412494773823,45.5707642051727 14.7406550001768,45.5711269293166 14.7402228817054,45.5713426271254 14.7397180198244,45.5717454126827 14.7394469492434,45.5720981588835 14.7394455607466,45.5724261445698 14.7396594530551,45.5728302069586 14.7397120525646,45.5731204326982 14.7394597876727,45.5732839870081 14.7389925309382,45.5733083856235 14.7386330262911,45.5733329389262 14.7383989290693,45.5734460518746 14.7383794214607,45.573811788921 14.7379820436509,45.5742652033286 14.7372430931735,45.5747684917072 14.7363066738426,45.5752461243244 14.7358914496714,45.5756742048805 14.7359078599429,45.5760275167376 14.7362299710532,45.5763308743166 14.7364627374789,45.5765331537745 14.7363178525817,45.5767725345684 14.7362446223968,45.5770877564595 14.7360108003363,45.5771377868901 14.735651921041,45.5770235782266 14.7355266279758,45.5769098194721 14.7354028758087,45.5764680755432 14.7352076743073,45.5761801270481 14.7348292389408,45.5761390267617 14.7345739696934,45.5763088620454 14.7343812649183,45.5764163939309 14.7342009055296,45.5766229356873 14.7340844414728,45.5768926141092 14.7339673382783,45.5772702706877 14.7339401606819,45.5775986458678 14.7340027828735,45.57790473437 14.7341543994656,45.5783595021234 14.7341403544795,45.5786204205058 14.7338943888569,45.5791507482258 14.7337528215914,45.5792808938862 14.733033270307,45.5796976360607 14.7328535568462,45.5797647032677 14.7325331256003,45.5798089450344 14.7316347636252,45.5800992832264 14.7314038988034,45.5801437321971 14.7310322308125,45.5801563551856 14.7308402800084,45.580101913221 14.7303163530041,45.579799234169 14.7300732781672,45.5797176752777 14.7297531054092,45.5796809250605 14.7294710287748,45.5797162506557 14.7290733677178,45.579805291355 14.728829450026,45.5798991948762 14.728790770187,45.579948593761 14.7287385831231,45.5801419335238 14.7287377381844,45.5803173985627 14.7286732133453,45.5804117275796 14.7285188602272,45.5805328380482 14.7284929069511,45.5806002636892 14.7284922544297,45.5807622317058 14.7284277286671,45.5808565605746 14.728260603105,45.5809686420118 14.7280425461961,45.5810131146491 14.7274785947842,45.5810387656181 14.7274016230042,45.5810565785876 14.7273369208569,45.5811868996488 14.7273102906843,45.5813937971767 14.7273477750807,45.5815918494246 14.727537333714,45.5821411984451 14.7275872203913,45.5824247640809 14.7275350703912,45.5826091049925 14.7274188039312,45.5828022912103 14.7272255403712,45.5830177892407 14.7271992357465,45.5831572001634 14.7272994871611,45.5836253513839 14.7273117791057,45.5837333603809 14.7272858203381,45.5838277806101 14.7271959209738,45.5838680583312 14.7270035905673,45.5838900946362 14.7267988162308,45.5838356152716 14.7266072501135,45.5837001824095 14.7264159253015,45.5835152591243 14.7262880627515,45.5834564638561 14.7261342430358,45.5834650935065 14.7259802481713,45.5835097157492 14.7258644562517,45.5836039201422 14.7257484667859,45.5837386163126 14.7257606681565,45.5838646218659 14.7259001854327,45.5841619007419 14.7259893420092,45.5842745934252 14.7258988279478,45.5844408448972 14.7257831873016,45.5845035554942 14.7255652682132,45.5845165296459 14.7254756735287,45.5844938186175 14.7251436058875,45.5842635634024 14.7250293704897,45.5840383308967 14.724889176886,45.58388052304 14.7246080661127,45.5837133770802 14.7244039111435,45.5835329186471 14.7240991136025,45.5829697888384 14.723691718476,45.5824244066644 14.7234367774536,45.5821493413894 14.7231559228576,45.5819327017339 14.7230152751354,45.5818693726473 14.7228360299121,45.581837443824 14.7224655459894,45.5816070875019 14.7221720829143,45.5813500123696 14.7219299016552,45.5810884721732 14.7218021826262,45.5810026772809 14.7216487913604,45.580925818003 14.721418271369,45.580898261156 14.7211875511875,45.5809111957458 14.7209822585005,45.5809646843683 14.7208666418535,45.5810228909305 14.7205572955028,45.5813865661352 14.7204411639903,45.5815482515466 14.7202226965004,45.5816736930198 14.7200174448486,45.5817181816942 14.7197869448114,45.5816861224543 14.7193901287895,45.5815996644871 14.7189294674176,45.5814680565311 14.7184433822532,45.5812958916679 14.7180081961996,45.5811958368551 14.7174063531795,45.5811358606264 14.7170734796705,45.5810765476892 14.7166255515783,45.580962958583 14.7164846419215,45.580953610649 14.7163563198482,45.5809892853412 14.7162022334119,45.5810518908126 14.7161121718851,45.581123653509 14.7161117637486,45.5812046372732 14.7162642870166,45.5814524696865 14.7164425307227,45.5816823691152 14.716542758045,45.5821370323845 14.7164775539868,45.5823618282497 14.7163484357237,45.5825549713148 14.7160392105691,45.5828871404203 14.7158844150706,45.58308921742 14.7157679941931,45.5833048871466 14.7156650457292,45.5833901148559 14.7154725534491,45.5834436254141 14.7149087459666,45.5834602163742 14.7146778315324,45.5835091305472 14.7144851554665,45.5835986322013 14.7142403297701,45.5838634700312 14.714073167128,45.5839755305638 14.7138678794206,45.5840245072342 14.7136886783405,45.5839835658765 14.7135225439987,45.5838931663317 14.7133568910148,45.5837082855527 14.7131399346308,45.5835322740165 14.7130249006266,45.5834734961148 14.7128455413582,45.5834640471009 14.7126916278542,45.5834906550253 14.7123833179591,45.5836383512376 14.7122038203482,45.5836558957828 14.7118706843479,45.5836460577278 14.71169107141,45.5836860969385 14.7114856213876,45.5837665629872 14.7112542645344,45.5839009530134 14.7109451405134,45.5842061135985 14.7107399774207,45.5842550849615 14.710586176363,45.5842591945706 14.7105087786539,45.5843579798039 14.7105340152771,45.5844345293353 14.7107510593755,45.5845925494086 14.7108656775455,45.5847323132651 14.7107995237243,45.585137069439 14.7106962870808,45.5852762817286 14.7103357299656,45.5856128043836 14.7098982309105,45.5859581288171 14.7090406937237,45.5862922144232 14.7085775211413,45.5866927179291 14.7085481670032,45.5870654426036 14.7087458423345,45.5872276461973 14.7091025503571,45.5873920541796 14.7092571021269,45.5875669246443 14.7090224078739,45.5878719093059 14.7086170465485,45.5881437944599 14.7082902342209,45.588219445932 14.7077608780211,45.5884038178383 14.7071997101736,45.588740806855 14.7067781300805,45.5891217932078 14.7065273969415,45.5895249028996 14.7061809395645,45.590440578662 14.7058169023855,45.5906957332289 14.7049191401459,45.5909833428227 14.7041876457248,45.591189041628 14.7035499399516,45.5912531660688 14.7032547640892,45.5912307138132 14.7029987020624,45.5910337956033 14.7026038133025,45.5913513978282 14.7026025325451,45.5915938984811 14.7030502175754,45.591764230965 14.7032802892021,45.5918836062363 14.7037409561549,45.5920233755304 14.7039714418704,45.5920644653407 14.704137523388,45.5921665762875 14.7041111146928,45.5923140798684 14.7039553988257,45.5926781072277 14.7038653409326,45.5927426615027 14.7034670122733,45.5929332918247 14.7030802877824,45.5933534073044 14.7030285551273,45.593441456071 14.7030134885503,45.5938679358116 14.7029486534525,45.5940099402029 14.7024588240205,45.594559360698 14.7023920038308,45.5950764981823 14.7023137204434,45.5953372445317 14.7023378756242,45.5956171541788 14.70224703549,45.5958283771675 14.7020016321547,45.5961813699008 14.7018857311973,45.5962836479575 14.7018211525569,45.5963761617517 14.7017303950555,45.5965711876051 14.7016012697724,45.5967499162551 14.701369634768,45.5969463733974 14.7011123013468,45.5971301652331 14.7008807930574,45.5972780309722 14.7005981606415,45.5973978675829 14.6997378894218,45.5976727568235 14.6995709065846,45.5977380052723 14.6993779223874,45.5978715720041 14.6988883004961,45.598345391803 14.6987585843118,45.5986320950061 14.6986293803486,45.5988468131506 14.6979994187903,45.5991942828206 14.6978192924134,45.5993188825959 14.6974971972097,45.5996230718412 14.6972391904209,45.5999274300306 14.6971487743482,45.600054965936 14.6970966679242,45.6002095981882 14.6971213171615,45.6003932284306 14.697235551062,45.6006040909561 14.6973755487532,45.6007916260892 14.6975925171025,45.6009685668901 14.6981292487553,45.6012777275297 14.6985518655351,45.6013535291933 14.6986926545637,45.6013943928609 14.6988457377897,45.6015333699835 14.6989598649556,45.6017658263239 14.69902142339,45.6022401976753 14.6989423346118,45.6026467113256 14.6987991955426,45.6030683531029 14.6986684514628,45.6035449168348 14.6986550059864,45.6036618589251 14.6986674012972,45.6037410764274 14.6987310255525,45.6038294273119 14.6990629650773,45.6040849533399 14.6991645241606,45.6042714850731 14.6991643029261,45.604312876544 14.6995092684709,45.604530642812 14.6999049340902,45.6048574203122 14.7001720250154,45.6052558452109 14.700453294702,45.6053996555804 14.7006835742972,45.6054893420436 14.7009652294094,45.6055610760104 14.7010931393552,45.6056154003806 14.7011696417831,45.605693885475 14.7013595213044,45.6061496944651 14.7012685122418,45.6063888104803 14.7012283091364,45.606717142158 14.7010204942114,45.6072241007962 14.7002839711734,45.6083316571625 14.6999098218236,45.6087733896159 14.6994848555002,45.6091268041493 14.6988410049638,45.6096533067652 14.6980562330454,45.6101812329793 14.6978637097266,45.6102203163222 14.6975167956165,45.6103597711956 14.6972211532592,45.610501160566 14.6968487638561,45.6106090519633 14.6966306208568,45.6106435661058 14.6963877243848,45.6105133458423 14.6961699604317,45.610477673664 14.6957207222006,45.6105709597529 14.6954253469795,45.610661954913 14.6951429622688,45.6107214900564 14.6948223828139,45.6107314320321 14.6945021549758,45.6106765865589 14.6942461491673,45.6106003162606 14.6940291147659,45.6104306578216 14.6934426927578,45.6098172037792 14.6931608793582,45.6097723557042 14.6925470825815,45.6094791616839 14.6920745538523,45.6091431535446 14.6917683262773,45.6088750792421 14.6910774812501,45.6086077643374 14.6907193818221,45.6084484259357 14.6908879783941,45.608097050039 14.6907883928082,45.6075550848582 14.6905204421976,45.6073231038038 14.690405947738,45.6071617245791 14.6902012137818,45.6070909830654 14.690086175654,45.6070285829916 14.6899969016419,45.6069437570473 14.6899461670645,45.6068446384074 14.6898693366377,45.6068282329747 14.6897537488192,45.606865711853 14.6896251721661,45.6069337494385 14.6893419011056,45.6071561365272 14.6892643599777,45.607268403989 14.6892379398136,45.6074096049272 14.6891218582981,45.6075361646686 14.6888131944932,45.6077359856516 14.6887742065761,45.607831261074 14.6885039171858,45.6080230873093 14.6880925333103,45.6082271253293 14.6877841432114,45.6083531584728 14.6874373607533,45.6084664881724 14.6867960696949,45.6085142222443 14.686526983256,45.6084882890434 14.6863175655632,45.6088208300099 14.6859443289105,45.6089179756317 14.6855234561086,45.6092112410724 14.6851029449759,45.6094390885616 14.6837967076114,45.6097466404817 14.6831437860219,45.6098758461212 14.6820939986995,45.610151335876 14.6819078625628,45.6101018671909 14.6817016856629,45.6094475690311 14.6810526176211,45.6088740089656 14.6806332613936,45.6088730173526 14.6799095415044,45.6091655050609 14.6795626756329,45.6091547245333 14.6792338082529,45.6091802564992 14.6787433061928,45.6094243508621 14.6783225794352,45.6096848364803 14.6776923241214,45.6099285327052 14.6772243931104,45.6103033389795 14.6767092246527,45.6107760907075 14.6763582580118,45.6110531432643 14.6760996499069,45.6114774882238 14.6755847777512,45.6119175719392 14.6752795852235,45.6123254058468 14.6750691425397,45.6124883958494 14.6747674830716,45.6125499853686 14.6739757844658,45.6121915775785 14.6731698148721,45.6119741261995 14.6728125631133,45.6118945487564 14.6726522979303,45.6113874875242 14.6725850530989,45.6109133563523 14.6721193466151,45.6106570998888 14.6712353882232,45.6106485305712 14.6706524779929,45.611229579033 14.6700080442033,45.6118054077364 14.6693500674938,45.6125017702365 14.6689880152134,45.6130424169856 14.6686402919235,45.6133041580842 14.6684328696179,45.6136904813696 14.6679568022155,45.6139725437766 14.6676852326929,45.6143640781497 14.6674485930935,45.6153531977386 14.6663029325156,45.6161327951552 14.6660425340347,45.6167988048407 14.6658503990097,45.6167649494747 14.6655434745153,45.616628177688 14.6650838592407,45.6162938957716 14.6647538526693,45.6157278374307 14.6645748605253,45.6156409287752 14.6635106897869,45.6156297008305 14.6631766197117,45.6157456936689 14.6626751289805,45.6159835675605 14.6621471779338,45.6163779306135 14.662220339584,45.6170062250566 14.6619745920218,45.6173592194952 14.6615222653106,45.6179472657197 14.6614169238812,45.6184058643724 14.6608727337741,45.6193616640306 14.6606250788233,45.6200276988287 14.6604824675847,45.6202856147873 14.6602825478336,45.6215393760842 14.6602908802461,45.6223042517171 14.6600932598129,45.623175593747 14.6601290551107,45.6236185037847 14.6600252306471,45.6238224549609 14.6602268561737,45.6244115398301 14.6603666858027,45.6246162157001 14.660698816828,45.6248313607629 14.6608896307699,45.6250883771862 14.6609272458744,45.6252306610316 14.6609388006374,45.6254412541412 14.6608609713446,45.6255876944283 14.660539389245,45.6257487076279 14.6603467031974,45.6258228202957 14.6602305838522,45.6259385522834 14.66017840061,45.6260850683651 14.6600877984955,45.6262224718759 14.6595966612812,45.6268509761419 14.6591426949154,45.6276927573614 14.6588976674459,45.6279160820981 14.6587174498646,45.6280262221617 14.6586907053757,45.62822770274 14.6568184714366,45.630293577292 14.6563530470289,45.6309211546064 14.6557599887897,45.6314241698545 14.6554632428729,45.631710408822 14.6549995679976,45.6320275468358 14.6545670146468,45.6324765111286 14.6543301068625,45.63314607257 14.6530682250197,45.6337148946163 14.6526006112197,45.6339588552424 14.6528295517527,45.6345212204733 14.6530354428617,45.6347455418568 14.653210364356,45.6348131097558 14.6538634401823,45.6349046226888 14.6540379501283,45.635039314829 14.6540530292725,45.6351735240228 14.6540200499095,45.6353635566323 14.6540983256378,45.6355874895137 14.6540493130563,45.6357774735714 14.6537123373918,45.6361343119783 14.6534238898028,45.6363795386746 14.6533286798944,45.6365723516523 14.653378716187,45.6367785627673 14.6537203112053,45.6374428575978 14.6538456756505,45.6377899389666 14.6539598064342,45.6382326372272 14.6539846662768,45.638528484001 14.6541110667157,45.6387078413499 14.6543648242564,45.6389322151025 14.6543320500432,45.6390886849432 14.6542353957525,45.6392449614494 14.653866252991,45.6396353560685 14.6538336836482,45.6397582630173 14.6538646002667,45.6399037678844 14.654007588793,45.6399936433039 14.6541027312808,45.6400833736872 14.6540378772463,45.6402621518373 14.6536522696359,45.6407418481183 14.6534298439541,45.6409899742381 14.6531708911094,45.641232500116 14.6528351201491,45.6413880491946 14.6525796303534,45.6414431514298 14.6524035828772,45.6415544637282 14.6523867729449,45.6416382759398 14.6523065037449,45.6417778639218 14.6522739987481,45.6418896127908 14.6520496856281,45.6420679042916 14.6517143916388,45.642145167049 14.6515548711058,45.6421558384003 14.6512675626777,45.6422109306238 14.6510276273925,45.6423219557661 14.6507715644188,45.6424889899707 14.6504669673487,45.6427452273668 14.6503222966189,45.6429461646426 14.6501595017803,45.6434824995659 14.6499508742048,45.6436943082755 14.6497740480253,45.6439286196372 14.6496604895814,45.6442414091825 14.6496910495176,45.6444427928567 14.649546511317,45.6446213239553 14.649258002404,45.6448664496059 14.6491847973954,45.6449616058514 14.6491129143756,45.6451121050945 14.6491434612235,45.6453358943842 14.6491421350073,45.6455483380138 14.6492046373934,45.645749819868 14.6492990839639,45.645951399747 14.6493449817385,45.6462646782529 14.6494071364958,45.6465221277503 14.6493579585263,45.6467345144611 14.649198285244,45.6467674975981 14.6489911777058,45.6467333881253 14.6485338377723,45.6466887906534 14.6483922405056,45.6467648396999 14.6481470643411,45.6469917394722 14.6479911319253,45.6473079959605 14.6480018132298,45.6476509504758 14.6480388863628,45.647876919639 14.6482271559132,45.6485640624815 14.648392052206,45.6488660099164 14.6488260277044,45.6492236735758 14.6488302094283,45.6495399732406 14.6489072848531,45.6499763529711 14.6491924007513,45.6502792084627 14.6491427298167,45.650569877772 14.6494593087329,45.650951023545 14.6494906272554,45.6510518094923 14.6494899295936,45.6511636549724 14.6494248390692,45.6513759027354 14.6491995711138,45.6516995963113 14.6491347581037,45.6518671236958 14.6490858541523,45.6520346999065 14.6491010651405,45.6521465942294 14.6490362507515,45.6523142115227 14.6489237892125,45.652448029104 14.648649270281,45.6528701904114 14.6484946244904,45.6529785928816 14.6483266126476,45.6531724368626 14.6481840071144,45.6534068507142 14.6480541788985,45.6536700979674 14.6480139961184,45.6539399200311 14.6480251808195,45.6542027017824 14.6479473171234,45.6543428337006 14.6476844840732,45.654453871011 14.6471116160369,45.6545298473107 14.6458375676425,45.6545388621915 14.6453583041619,45.6544208488253 14.6451744875306,45.6542907940449 14.6448985010545,45.6541474951126 14.6441249926156,45.654136719893 14.6443930528805,45.6543562107311 14.6445325854801,45.6546103940497 14.644753452343,45.6562064606563 14.6448009369519,45.6568139862039 14.6447337989418,45.657285282615 14.6443034575821,45.6583746140645 14.6440820446273,45.6589111162976 14.6434729955409,45.6598477281028 14.6429949471656,45.6603600316308 14.6426691015811,45.6611518429595 14.642576733567,45.6615510733659 14.6425725710461,45.6622052282274 14.6424552742277,45.6624883039233 14.6422868462121,45.662739725764 14.6419483967887,45.663491813271 14.6420092819766,45.664026585934 14.6419574799139,45.6641002086686 14.6415957860953,45.6644706993407 14.6412595928015,45.6648664638199 14.6409626421627,45.6651453743097 14.6408470284356,45.6651630072673 14.6406767142006,45.66570686144 14.640160019119,45.6662701406704 14.640155742092,45.6669176358969 14.639953093419,45.6675986091268 14.6395439125013,45.6681236220087 14.6392023821249,45.6687451274858 14.6385942783895,45.6693658788851 14.6377915591814,45.6699913190508 14.6378944578343,45.670434535151 14.6381411820331,45.6707466535375 14.639172012413,45.6706752291165 14.6393662015808,45.6708750617268 14.6389212557394,45.6716680145907 14.6389766495328,45.6725945509084 14.6393402657761,45.673414352455 14.6391583078056,45.6743457177253 14.6380589618464,45.6756370757246 14.6377867269657,45.6760528277831 14.6377442168372,45.6761956737667 14.6371888280705,45.6765098367676 14.6372424718119,45.6768492377252 14.636997403737,45.6770320217612 14.6364049657062,45.6772972931626 14.6359320464018,45.6775399071276 14.635664265729,45.6777401623102 14.6357035701587,45.6780132017689 14.6361512096796,45.6785029582613 14.6362715402605,45.6788910719814 14.6361865374945,45.6793504271176 14.6355836338664,45.6806697945808 14.6352058973702,45.6820043647743 14.6347908720179,45.6827928964845 14.6342320314869,45.6836241573512 14.6335932051412,45.6841391439236 14.6332398902993,45.6843778108792 14.6330768758904,45.6845898236869 14.6329757563462,45.6848580935659 14.6329302722798,45.6852957072586 14.6331271153996,45.6855848200903 14.6333095784005,45.6859137481969 14.6334584960323,45.6863077149394 14.6335991032996,45.6872079803382 14.6338777627858,45.6880246452704 14.6342150572118,45.6885530167617 14.6345117419858,45.688772891033 14.6348520246443,45.6888436247299 14.6353206990454,45.6888152478802 14.635675492045,45.6888462536596 14.6359582559744,45.6890361159627 14.6360690559874,45.6895903944419 14.637197337479,45.6898306340223 14.6374541894969,45.6898197518084 14.6384054392426,45.6896401042629 14.6386110103901,45.6896173595511 14.6404187128114,45.6896767954517 14.6425990091761,45.6896818037931 14.6432788576346,45.6897249224402 14.64365264569,45.6897440862728 14.6441053064543,45.6895895776865 14.6445219601122,45.6893907520561 14.6451049323087,45.6892458244946 14.6454281389528,45.6892865479796 14.6458773704689,45.6894171024814 14.6462108648577,45.6894506393685 14.6467824017995,45.689558917836 14.6475617710359,45.6895005865529 14.6479723316157,45.6894276723634 14.6481706532517,45.6893158704217 14.6482367604637,45.6891481670901 14.6482576364254,45.6890679609711 14.6483301224035,45.6890402128679 14.6484646563788,45.6890248197536 14.6486821143131,45.6889877547372 14.6491744390763,45.688846178301 14.6496041359544,45.6886736125466 14.649993550233,45.6884704423236 14.6501817042278,45.6883230107652 14.6506688100005,45.688279261342 14.6513646753901,45.6884348146916 14.6525058946291,45.688838279176 14.6534540112224,45.6892028530143 14.6536488535315,45.6893632647504 14.6539202410335,45.6894313180753 14.654553478538,45.6895382588469 14.654894452579,45.6896549212737 14.6552006333503,45.6896549212737 14.6552493439277,45.6900486551679 14.6549083698867,45.6905784902311 14.6547378828663,45.6906890744392 14.6546973461548,45.6909028257436 14.6545369432468,45.6911803832472 14.6542029448626,45.6913128151731 14.6546565639306,45.6922303773958 14.6575668724456,45.6950158711422 14.6589518845666,45.6953016554713 14.6537554738962,45.6988474839172 14.6529884648766,45.7003640399983 14.6508829753843,45.7044076787611 14.6484592775576,45.7079643993126 14.6478119859117,45.7087812337434 14.6482197225322,45.7092997911562 14.6484373816121,45.7094084384245 14.6486809537114,45.7094811725313 14.648974350931,45.7098015071631 14.6496784900329,45.7101635926879 14.6504734804793,45.7103549878132 14.6511649605482,45.7106900310936 14.6517636372728,45.7114926887839 14.651878784586,45.7115650245313 14.6524699911665,45.7115037477038 14.6524704367472,45.7114318542053 14.6527038262568,45.7110771387635 14.6527537528933,45.7113111512625 14.6529319504511,45.7115726377561 14.6539970438059,45.7117288360928 14.6540226204851,45.711746909756 14.6545480824606,45.7119329609019 14.6554242328129,45.711485701515 14.6559893326358,45.7114919034983 14.6569108385396,45.7120255625899 14.6574374946702,45.7120181448022 14.6583892063262,45.7118140380263 14.6584663792404,45.7117962725418 14.6586326375508,45.711913744772 14.6586709501789,45.7119498516536 14.6587728806952,45.7120850377008 14.6588876277621,45.712224850953 14.6592560021363,45.7129008078865 14.65967849323,45.7131270197015 14.6598969535564,45.7131096740251 14.6601291851312,45.7129394011686 14.6603993481386,45.7128682197125 14.6608746897301,45.7128516354379 14.6611567439072,45.71293795427 14.6614511541586,45.7131052919336 14.6617328305153,45.7132545949295 14.6619510194795,45.713282235029 14.6620926384375,45.7132061701083 14.6625168222506,45.7131534352803 14.6629784831854,45.7132762724129 14.6632741165099,45.7132411516994 14.6634537195192,45.7132776733009 14.6639899422153,45.7138190476578 14.664476923725,45.7140049398857 14.6647971728694,45.7141498495229 14.6649622147806,45.7144742652108 14.6652155856379,45.7150643834124 14.6652155050447,45.7150778803238 14.665175923285,45.7152532272479 14.6656493520523,45.71556054903 14.6657766731335,45.7157498816068 14.6657102061989,45.7160396958177 14.672772242741,45.7169747970516 14.6732039348939,45.7166287961473 14.6732374915699,45.7164692659046 14.673206372728,45.7162105716133 14.6731217581761,45.7158300699891 14.6728838155382,45.7156849695136 14.6727869988287,45.7155249760436 14.6728209561293,45.7152968815341 14.6728224646941,45.7150383704961 14.6727807806862,45.7147416737912 14.6727276025881,45.71454374326 14.6725655779023,45.71439876955 14.6722515593737,45.7142610080702 14.6720569955954,45.7141235886673 14.6720146046614,45.7139485439193 14.6721026335628,45.7137434599486 14.6721800997963,45.7134775184349 14.672171311337,45.7131352954354 14.6721953742186,45.7127323395068 14.6722840673633,45.712413161321 14.6725033078997,45.7120411785466 14.6731478698568,45.711350980211 14.6731815126038,45.7111761533064 14.6730313491829,45.7108487325351 14.6730539421563,45.7106966392351 14.6731526132448,45.7105372051882 14.6732618060332,45.710423511519 14.6735662123029,45.7103559060861 14.6740665517912,45.7099454012621 14.6743069630479,45.7096397013288 14.6745032928047,45.7101128413861 14.6745540632101,45.7105932149172 14.676902380104,45.7109363191982 14.6859548793907,45.7113528884226 14.6865107350111,45.7107155495694 14.6865499450291,45.7105941827338 14.6866536494814,45.7104235032062 14.6899105410302,45.7113363388186 14.6911832461203,45.7088655768824 14.6931503083321,45.7061264534166 14.6933225763125,45.7051551197888 14.6934398793147,45.7048405006221 14.6941367755723,45.7042169994889 14.6946519327434,45.7039484340265 14.694555614806,45.7027694233303 14.6948803322807,45.7020954321672 14.6952024456806,45.7018992331711 14.6966122694204,45.7024130889569 14.6967273783923,45.7024997764988 14.6980042223672,45.701456677551 14.7000491921842,45.7008708882694 14.7010529054732,45.7004829106111 14.7011053064464,45.7002886883024 14.7037491395707,45.6981189285453 14.7040075081023,45.697825359536 14.7044839236029,45.6975782445744 14.7050493819596,45.6974906243489 14.7058998284942,45.6969276444593 14.706505861421,45.6964460035089 14.7072661320448,45.695933261157 14.7077165816775,45.6957103610485 14.7097510939746,45.6921216943658 14.7148496839825,45.6893207265526 14.7147891987962,45.6885908265295 14.7132666422555,45.6875612274799 14.716318467492,45.6857638187029 14.7192801198591,45.6839633169022 14.7200287840823,45.6831463226247 14.7202994455555,45.6829310300298 14.7205062320892,45.6826525935016 14.72066175724,45.6823560349637 14.7207911364806,45.6821538928719 14.7210230329038,45.6819879936042 14.7214990559999,45.6817776984812 14.7216018642566,45.6817554536763 14.7217952009139,45.6815984570112 14.722079086092,45.6813022089889 14.722658622328,45.6808987005244 14.7230318021741,45.680715143727 14.7241371863486,45.6804297873144 14.7247800621266,45.6802198812288 14.7247193202421,45.6795178789678 14.7244512759996,45.6792067964958 14.7241323793781,45.6787958010651 14.7241709504945,45.6787832967784 14.7278677489023,45.6788100685578 14.7287986892238,45.6773949827553 14.7290440949473,45.6770806295496 14.7294049347134,45.6767845455802 14.7298687018969,45.6765446724125 14.7302224364272,45.6767105344686 14.7304657982983,45.6768463511823 14.7306584611464,45.6768746098619 14.7311204350143,45.6771422234666 14.7313182144079,45.6773086147811 14.7315082676074,45.6775072009912 14.7321844671214,45.6782637333994 14.7323670289966,45.6784194693683 14.7326107696995,45.6785592415464 14.7327784918601,45.6786238807928 14.7329080650663,45.6786937395234 14.7328822904111,45.6784183357283 14.7328998916679,45.6782262662684 14.7329753183076,45.678075183593 14.7330757024183,45.6779124615742 14.7332095351082,45.6776799918859 14.7332687333208,45.6774590454107 14.7332279089165,45.6773250575212 14.7332040301973,45.6771096758674 14.7332717745858,45.6768189236243 14.7334314904749,45.6764061009899 14.7333825440602,45.676225573701 14.7331679172619,45.6759574673878 14.7330197818944,45.6756894260784 14.7329710586736,45.6754623786269 14.7330798744762,45.675253065769 14.7332132206907,45.6751486386518 14.7334041863896,45.6751549332361 14.7334949502321,45.675259883581 14.7337761842512,45.675475865237 14.7340248102448,45.6755578776719 14.7343406139099,45.6754946355368 14.734590533923,45.6753031056964 14.734749713313,45.6750008672558 14.7348426228873,45.6746519542983 14.7348606279428,45.674372693165 14.7348046825113,45.6739069984298 14.7346982223172,45.6735925354316 14.7344664644227,45.6734464967209 14.7340768532314,45.6733233954639 14.7338283748171,45.6732123193861 14.7337791265308,45.6730957684042 14.7339042339427,45.6729680159994 14.734128582497,45.672916169006 14.7344363313932,45.6727888409074 14.734586528804,45.6726204743658 14.7347288412335,45.6723821735764 14.73478820204,45.6720971595535 14.7347314343084,45.6718061170798 14.7346664257047,45.6715208142502 14.7346673606777,45.671322946752 14.7356160332774,45.6715033997377 14.7356801837409,45.6715084971652 14.7357179922194,45.6716836889367 14.7392104563352,45.6725786636529 14.7396324260287,45.6728938419817 14.7399050327299,45.6731737659171 14.7401108264308,45.6735524270277 14.7404097014459,45.6740929962462 14.7423574844352,45.6736737719163 14.7510229905346,45.6761451638654 14.7513461084203,45.6756731043216 14.7557822514842,45.6768361471679 14.7576925109842,45.6773738952963 14.7605006653828,45.6780725846241 14.7605162973697,45.6774473355621 14.7607361606604,45.6770608755023 14.7612912148423,45.6763017822789 14.7614851291282,45.6759782535887 14.7620947135018,45.6759766451897 14.7625432762347,45.676049743616 14.7630503233173,45.6761952168016 14.7634983022929,45.6764076017468 14.7638510924214,45.6764857156654 14.7641747273582,45.6765070799239 14.7645375074513,45.6764378225223 14.7652215936083,45.6761791836124 14.7656096610284,45.676108984968 14.7662338872843,45.6760747212078 14.7667910813704,45.6758926574478 14.7670524974175,45.6759049783572 14.7672123205691,45.6759939359817 14.7674732417451,45.6760948867777 14.7677762226201,45.6762373140026 14.7680449585021,45.6764978167067 14.76827203384,45.6766518760565 14.7686403712123,45.6767593407073 14.7689996285302,45.6768901810172 14.7692429502706,45.6769963110996 14.7694512915849,45.6771187467218 14.7696129284584,45.6773305294608 14.7696122944392,45.6774850265207 14.7697862526699,45.6775097621902 14.7699720637121,45.6774612764715 14.7702278409157,45.6773478745184 14.7708244203763,45.6772653899409 14.7711538351909,45.6771301781 14.7714324582773,45.6770479528253 14.7716684415827,45.6770660610866 14.7720642433142,45.6772086623859 14.7724095362425,45.6773038314023 14.7727890675337,45.6772809216816 14.773032883594,45.6771717187903 14.7730848825726,45.6770098552653 14.7730599015646,45.6768388406682 14.7729329244239,45.6764966583999 14.7730207941867,45.6762885256608 14.7731811052277,45.6762593300874 14.773357945219,45.6763009825817 14.7735344844499,45.6764490824094 14.7737269348832,45.6768217174929 14.7738011765628,45.6772237221803 14.7738001052371,45.6774896155696 14.7736803540852,45.6779326275476 14.7736710006419,45.6781512641834 14.7737549301286,45.6782519398087 14.7739402488051,45.6782936081766 14.7741512450938,45.6782703603313 14.7749001776402,45.6788009298619 14.7754777836703,45.6791316688119 14.7760266198568,45.6796932410172 14.778462836868,45.6803946279671 14.7779977112694,45.6811522691886 14.7779715069682,45.6812862906992 14.7779568973813,45.6817343701463 14.7779945795751,45.6819441002454 14.7781215577882,45.6823293776888 14.7781079308546,45.6825291101079 14.7779790060567,45.6826683309263 14.7776702290393,45.6828395950696 14.7774132708406,45.6828921838006 14.7770281882997,45.6828815349405 14.7769125373242,45.6829101032426 14.7767581020283,45.683006981567 14.7766678068731,45.6831156826715 14.776628567619,45.6832982683385 14.7766796454851,45.6833667541057 14.7767180112377,45.6834037214934 14.7768718038384,45.6834688086108 14.777436180503,45.6835895848003 14.777897769926,45.6837326537876 14.7781159022154,45.6837600720746 14.7783722348593,45.6838667477383 14.7785263288986,45.6838562487844 14.7786806641485,45.6837845626988 14.7788348678187,45.6837461692888 14.7791042872769,45.6837898816231 14.7792966319473,45.683846041859 14.7794247676451,45.6839074767094 14.7794885669305,45.6840065794679 14.7794241134576,45.6840739411375 14.7792440746761,45.6841527770771 14.7791923982643,45.6842354601489 14.7792051049999,45.6842687778433 14.7791922106494,45.684283149955 14.7792559037812,45.6844092470661 14.7793193000143,45.6846109279797 14.7794472359356,45.6847236518334 14.779574720038,45.6849515509135 14.7797027985199,45.685028282174 14.7798951586185,45.6850817419762 14.7800873498528,45.6851783922184 14.7805741020501,45.6854906638758 14.780727989222,45.685534150416 14.7807920246016,45.6855738651278 14.7809074402565,45.6856064798323 14.7811124906221,45.6856986539285 14.7813685924623,45.6858683093872 14.7814197134913,45.6859277949438 14.78156060682,45.6860117471386 14.7818940655588,45.686097866567 14.782124837569,45.6861792901688 14.7822654812422,45.6863280276352 14.7823673423266,45.6865459767429 14.7824057070208,45.6865847418256 14.7826103870016,45.6867740924355 14.782891604464,45.6866930140459 14.7831379200149,45.6866734160046 14.7834639281508,45.6867623061214 14.783858657773,45.686875440356 14.7842363091168,45.6869564176102 14.7846312368364,45.6869852369681 14.7849634566992,45.6869618377156 14.7852442562274,45.6869222341802 14.7855533781135,45.6869629465351 14.7857535701573,45.6870194705226 14.7860112814111,45.6870079859834 14.7862634817939,45.6869602280465 14.7866182783498,45.6870091212857 14.7870129553199,45.6871382612081 14.7873676476364,45.6872151361405 14.7876941279722,45.6872157433006 14.7881296219507,45.6871443866574 14.7885764958848,45.6870850169401 14.7888685459041,45.6870574828253 14.7891890523927,45.6871101739069 14.7895036544399,45.6872311490949 14.7901499893758,45.6874249882829 14.7906360509303,45.687598464362 14.7910994869999,45.6877116994471 14.7914485991488,45.68777253481 14.7917120753818,45.6877650071174 14.792010038823,45.6877013032354 14.7923654043047,45.687633743731 14.7927149620404,45.6875741809277 14.7930069240007,45.6875706611094 14.7935050228141,45.6876157433355 14.7941517589311,45.6877051821785 14.794489580226,45.687729905366 14.7947989186559,45.6877144446984 14.7950511474365,45.6876225765365 14.7952695066621,45.6874182603623 14.7955340478275,45.6871178363038 14.7957866960774,45.686909621302 14.7960907045362,45.686769703321 14.7963542482859,45.6867420991882 14.7965720174798,45.6866983062789 14.7967098522079,45.6865701481483 14.7967103756548,45.6864256389307 14.7966657037133,45.6861406782704 14.7967062238635,45.6860123468938 14.7968155149439,45.6858600228049 14.7969936899888,45.6856877551695 14.7970402907355,45.6854752118518 14.797138618173,45.6851944644584 14.7972652688596,45.6849979898552 14.7974607870015,45.6847857104993 14.7976501072004,45.6846897658284 14.7979252251488,45.6846179976733 14.7980629772362,45.6845818887348 14.798088999193,45.6844856545817 14.7983335150792,45.6843196207795 14.7983339062768,45.684210743918 14.798359895269,45.6841235077839 14.7987978667848,45.6837086556021 14.798862396582,45.6836133888826 14.7991458762279,45.6833196482316 14.7992104790195,45.6832036857005 14.7992236608998,45.6831074286989 14.7992882311092,45.6830004642091 14.7993525662635,45.6829591857403 14.799494346912,45.6828001674529 14.7996871486441,45.6827330195549 14.7997900787508,45.6826684133176 14.7998031022532,45.682616246885 14.7997267202507,45.6824361500646 14.7995986748342,45.6823441444258 14.7995348579511,45.6822405537664 14.7995737006776,45.6821479409904 14.7996639435492,45.6820410213054 14.7997029882056,45.6818917205009 14.7996648331186,45.6817917741522 14.7997038904402,45.6816388741036 14.7997176133586,45.6813906392273 14.7999370205322,45.68106079156 14.7999246614052,45.6809266974827 14.7998484000024,45.680713307745 14.7998619779973,45.680505474254 14.7999786031404,45.68019884155 14.8001595131506,45.6798635270896 14.8002627479985,45.6797116388541 14.8007124664942,45.6795900493374 14.8008281911758,45.6795353624147 14.800905466362,45.679463511887 14.800982993362,45.6793205763398 14.8009704112236,45.6792125765894 14.801060541472,45.679135349455 14.8013949887753,45.6789389617702 14.8014083091258,45.6788022129954 14.801395832363,45.6787005121728 14.8014860248404,45.6786052884966 14.8016918083038,45.6784922691389 14.8018205535781,45.6783845146923 14.8018337044141,45.678295455778 14.8017698593842,45.6781999645834 14.8015774637235,45.6781573392709 14.8013461995883,45.6782163252006 14.8009860195309,45.6784307542342 14.8006906546706,45.6784662319554 14.8003953758218,45.6784774140475 14.800151673121,45.6784238988998 14.8000750393018,45.6783157869726 14.8000115145845,45.6781312136276 14.8000250977289,45.6779215804012 14.8002061858085,45.6775340767439 14.8000781411451,45.6774447710105 14.7999247035808,45.6772771367107 14.799310020032,45.6768702417515 14.7990023417344,45.6767617229818 14.7987586058839,45.6767199023911 14.7984118852161,45.6767606826524 14.7979879957547,45.6768436167732 14.7976796067813,45.6769330526277 14.7974613712145,45.6769389646553 14.7972690481537,45.676878335893 14.7971925699226,45.6766937379465 14.7973090132291,45.676439296751 14.79748981338,45.6761354796534 14.7975548265783,45.6759043422187 14.7976336674439,45.6753978855787 14.7976984262944,45.6752369332231 14.7976346728465,45.6751189444297 14.797429465014,45.675073589965 14.7972109571511,45.6751568852024 14.7970690723391,45.6753482940557 14.7968505726408,45.6754288891668 14.796504024913,45.6754237733447 14.7961324658449,45.6752368490322 14.7960432961145,45.6750495281669 14.7959928494886,45.6748028885248 14.7961868037813,45.6744118147349 14.7962775858402,45.6741546292587 14.7959207776763,45.6734432276839 14.7958447960012,45.6731245569917 14.7958600094912,45.672470417731 14.7959249498829,45.6722599767216 14.7961450196573,45.6717438749884 14.7964788728418,45.6717039784678 14.7968129241705,45.6716091925187 14.7972760140962,45.6713230637009 14.7974556618875,45.6713341801325 14.7980965041866,45.6715845636364 14.7982250464622,45.6715308017425 14.7985353031403,45.6709122754972 14.7981898599805,45.6706075277983 14.797638643241,45.6704202907276 14.7975495409555,45.6702149746648 14.7975246732976,45.6699926758661 14.7975509715535,45.6698181580214 14.7975017461767,45.669232290039 14.7975536542496,45.669074014264 14.7973380467007,45.6683601671514 14.7971462894164,45.6681510692851 14.7973660215887,45.6676853539879 14.7975964992031,45.6678693252298 14.7987627339483,45.6683338913832 14.7990830388063,45.6684874240172 14.7992098421723,45.6689177594428 14.7995686158056,45.6690821561049 14.800094900417,45.6690605827733 14.8003903888658,45.6689765166414 14.8022782822009,45.6686216724102 14.8027024984309,45.6684262456998 14.8033069968678,45.6680574632494 14.8039113550982,45.6677265596359 14.804618164654,45.6674569256464 14.8053251483405,45.6671350981723 14.8056854821166,45.6668504695586 14.8061485190023,45.6665552162989 14.8067522409085,45.6663996708853 14.806945491071,45.6661831416339 14.8070619266895,45.6659116834719 14.8072167074838,45.6656851907786 14.8075128059179,45.6654148449982 14.8076802628358,45.6652333638879 14.807847964946,45.6649798975381 14.807902083432,45.6641656536388 14.8078779037598,45.6637310010411 14.808021201302,45.6631068583837 14.8082657082434,45.6629075094345 14.8087158447913,45.6626185226425 14.8088318022976,45.6624828442314 14.8089223692783,45.6622661396219 14.8088981796663,45.6617945945404 14.8088228469954,45.6613058673002 14.8084671788946,45.6602372773789 14.8083785287865,45.6598924983169 14.8085080221369,45.6595489848321 14.8086757034618,45.6592955169808 14.8087400780472,45.6592326374803 14.8090860194917,45.6593870850505 14.809316904742,45.6594144651984 14.8094968922243,45.6593148856252 14.8094846125335,45.659151998014 14.8095239994003,45.6588893166999 14.8097043201152,45.6586907573116 14.8101801702817,45.6583748128099 14.8103346409005,45.6582302885527 14.8105150507157,45.658003833633 14.8105798192051,45.6578230774941 14.8106579375091,45.6574884744437 14.8107108829389,45.6570080589758 14.8107630000275,45.6567732926109 14.8112901565258,45.6564565285351 14.8115346424601,45.6562130811994 14.8116895291899,45.6559415912916 14.8117551112468,45.6555161749798 14.8118720771383,45.6550727568609 14.8119880415097,45.6549280768883 14.8122321949935,45.6548196003169 14.8124380047772,45.6546660693205 14.812721371924,45.6543407996504 14.8129278137517,45.6539965071182 14.8131467486403,45.6537530143866 14.8135077180924,45.6532389975294 14.813674943208,45.6531105962136 14.8137520551727,45.653072029718 14.8139060671949,45.6530587834021 14.8143035691948,45.653134115213 14.8145346451815,45.6530966981622 14.8149330700109,45.6528921854484 14.8150874573395,45.6527646610801 14.8152162480445,45.6526172990741 14.8154356316627,45.6522325309609 14.8156161374313,45.6519646762052 14.8157582538459,45.6516652655617 14.8159904658195,45.6512788073494 14.8166468907426,45.6506409907415 14.8169045825398,45.6503066710605 14.817046066808,45.6501980195249 14.8173159200489,45.6500679774776 14.8175858801151,45.6499046416248 14.8178945847718,45.6496621827421 14.818075093841,45.6493871254272 14.8181784275361,45.6491723229366 14.8182049515192,45.6489051186001 14.818269713804,45.6487153596045 14.8186302349057,45.6482759204895 14.8186561988193,45.6481814805901 14.8185295658532,45.6476665823574 14.818492722588,45.6471572255497 14.818533421407,45.6464725268988 14.8186753831882,45.6462118943563 14.8188942772731,45.6459638911137 14.8191642651264,45.6457843546895 14.8196391672935,45.6457131197772 14.8199086614103,45.6456865503023 14.8203192446535,45.6456692003864 14.8204219335513,45.6456513654363 14.820589025481,45.6455526477009 14.8207563463984,45.6453819444313 14.8209237809776,45.6451752482647 14.8211550145591,45.6450766302168 14.8213472461953,45.645139918432 14.8215909363561,45.6451582956633 14.8218221401754,45.6450686744248 14.8223366854495,45.6446285636309 14.8226190301888,45.6445930095341 14.8227988870374,45.6445123047821 14.8229919687442,45.6443056453312 14.8232370990573,45.6438651126779 14.8234175746088,45.643586447309 14.8239576222267,45.6431463685168 14.8243432601366,45.6428950122385 14.8247026207527,45.6428415749528 14.8250751729947,45.6426711800038 14.8253964101606,45.6425007054194 14.8257302782628,45.6423932366698 14.8266679286149,45.6420077400628 14.8268350264713,45.6419000149277 14.8274008153562,45.6414599587456 14.8274909701293,45.6413431181572 14.8277615146341,45.6409656914152 14.8279033373068,45.6407319516052 14.8281613787268,45.6402464364914 14.8283294027759,45.6398327712401 14.8284583102981,45.639626005932 14.8286900562682,45.6393474090023 14.8288960992529,45.6390416884663 14.8294241803221,45.6383316190587 14.8301568019354,45.6378468068414 14.8305682468894,45.6375234819379 14.8308386716159,45.6371728621725 14.830890439718,45.6370199690919 14.8308651891515,45.6368858582455 14.8308782190905,45.6368183908901 14.8309682401365,45.6367411394314 14.8311479247585,45.6367054122695 14.8314814507787,45.6366969065167 14.8316617276723,45.6364632185841 14.832137529422,45.6360589987788 14.8324076688102,45.635798446984 14.8325247499691,45.6352046460798 14.8324609819062,45.6350821767609 14.8322305395761,45.6349360673806 14.8321667885735,45.6348081989832 14.8321671914729,45.6346732262348 14.8322701249808,45.6345653987322 14.8324754546056,45.6345297071178 14.8326292641533,45.6345659254509 14.8328087802292,45.6345841847545 14.8332449580167,45.6345578275866 14.8334887661693,45.6345221903099 14.8338994764736,45.6344328059589 14.8342332539077,45.6343343103029 14.8345030839483,45.6341727334865 14.8348374669833,45.6338671878066 14.8355312684579,45.6334632686427 14.835994007207,45.6331220013359 14.836276600006,45.6329784350691 14.8365975124884,45.632888912269 14.8370983529036,45.6326736701101 14.8372527593882,45.6325029238832 14.8373302358696,45.6323229797192 14.8374846926981,45.6321342367865 14.8377415472039,45.6320176249358 14.8378186578493,45.6319637450678 14.8379345050807,45.6318199378341 14.8381018632313,45.6315592265308 14.8381793613242,45.6313703735464 14.8383464313686,45.6312536331084 14.8384366504079,45.6311007908525 14.8384630512542,45.6308398795568 14.8383743327641,45.6304708266833 14.8381061639294,45.6300654366552 14.8380165418139,45.6300113202355 14.8377857890938,45.6299749998995 14.8376448920384,45.6299118121397 14.8375683298606,45.6297767298524 14.837607039654,45.6296958008091 14.8377743395203,45.6294980774226 14.837838829018,45.6293721937459 14.8378015212615,45.6289672203685 14.8375978472003,45.6284378349632 14.8375987011792,45.6280977029747 14.8377788860762,45.6278775022586 14.8381386484747,45.6276466679582 14.838626735425,45.6273882093093 14.8387424240693,45.6272956908536 14.8388454809917,45.6271356677017 14.8389231302366,45.6268910252227 14.8389503925675,45.6263277741173 14.8390684887301,45.6253929337674 14.8391718705726,45.6251177332824 14.8392110893127,45.6248568395841 14.8394045057744,45.6244431926684 14.8394821437035,45.6242003493261 14.8395593189483,45.6241194735825 14.8398671210787,45.6241109072041 14.8401234735841,45.6241562574428 14.8404571025568,45.6240847379396 14.8406497176948,45.623995024376 14.8408040388305,45.623842179469 14.8410864964224,45.6237255956053 14.8413947021499,45.6235730538297 14.8415745408536,45.6234653244794 14.8421141791218,45.623097143682 14.8422298708612,45.6229983228612 14.8424607742803,45.6229716467865 14.8428201916271,45.6228461664789 14.8431027404435,45.6226935847693 14.8432569006445,45.6225948157269 14.8433469670971,45.6224869603628 14.8434243350653,45.6223340063291 14.843527324494,45.6221901755593 14.843797319411,45.6219385942491 14.8438745602724,45.6218307209195 14.8440542888727,45.6217589804553 14.8441825237315,45.6217591554304 14.8455335001405,45.6210524683731 14.8466173335515,45.6203933675425 14.8472265794398,45.6199158371654 14.8471895719293,45.6193776925341 14.8470624017258,45.6189878982577 14.8472424274908,45.6188018753951 14.8473071523866,45.6185769157428 14.8473973681667,45.6184087690459 14.8475531988548,45.6176864177071 14.8481180498198,45.6174433174971 14.8489899801545,45.6174444733874 14.8500295364452,45.6170957208839 14.8513760125162,45.6170515894617 14.8525688911517,45.6169028643441 14.8537236033884,45.6165867104346 14.8545969952963,45.6160172462657 14.8557380612105,45.6160609846694 14.8561359288746,45.6159130152376 14.8565469377773,45.6156390853826 14.857292069021,45.6150685395616 14.8580748968763,45.614796867685 14.8589963152645,45.615499872443 14.8591618306374,45.6159680757256 14.8593282421784,45.6160789592592 14.85990567385,45.6159059125771 14.8602779455705,45.6157336020435 14.8608815353687,45.6153501132722 14.8612916807618,45.6154153994174 14.8613164465326,45.615771760292 14.8614569692668,45.615983389722 14.8638539981815,45.6163363035049 14.8642635767651,45.6166409317756 14.8644033450227,45.6171710947177 14.8628580950144,45.6199111963026 14.8630579938154,45.622076413642 14.8632101577947,45.6228361375343 14.8635560932581,45.6229625265996 14.8642988734113,45.6233773303915 14.8643627106586,45.6234943833259 14.864708522903,45.6236747581799 14.8657200885286,45.6243148266492 14.8659889440015,45.6245041053587 14.8665399649968,45.6246802160521 14.8667581932242,45.6245886887513 14.867040517959,45.6245071337107 14.8673228100373,45.6244390752913 14.8679513752302,45.6243615188816 14.8682851029714,45.624233229323 14.8688741288395,45.6246118329449 14.869053325469,45.6247587097685 14.8693736709287,45.6248706546582 14.8696557013586,45.6249150681545 14.8699891622743,45.6249019507726 14.8702070909032,45.6249381915256 14.8704760722294,45.625080668961 14.8709883180846,45.6253970867125 14.8715521681821,45.6256379749938 14.8732857710808,45.6245573330469 14.8736067789982,45.6243777238775 14.8743259539491,45.6239196070894 14.8745057912293,45.6237847412055 14.8749943217725,45.6232363841636 14.8752897489008,45.623020749267 14.8760858547354,45.6225537070048 14.8766635718469,45.622257300211 14.8769331434293,45.6221316155344 14.8771769880959,45.6220418955323 14.8775749299883,45.6218533595788 14.8781524174663,45.6216560156303 14.8786275346513,45.6212965916597 14.878935741652,45.6210899590829 14.8791541445904,45.6209012271953 14.8795264254525,45.6207125672771 14.8805787165461,45.6203447440889 14.8809764636939,45.6202371802356 14.8816693685529,45.6200219421532 14.882452010743,45.6198157904758 14.8827342494418,45.619753092813 14.8836191331253,45.6197089164814 14.8838885116791,45.6196632995318 14.8842598148746,45.619938122809 14.8846828090616,45.6200204346039 14.884913439131,45.6201115494518 14.8851695601245,45.620279174542 14.8858487426264,45.620499412383 14.8862202065254,45.620702243453 14.8865790656935,45.6207979816881 14.8868995391552,45.6209161764088 14.8871299399717,45.6211251635353 14.8874750420205,45.6216897838122 14.8877053619154,45.621941961234 14.8879102643814,45.6220798355687 14.8883459536012,45.6222377314571 14.8889739823243,45.6224048110083 14.8897560684281,45.6224856527531 14.890294687367,45.6224735737148 14.8905382373395,45.6225250973109 14.8907559900726,45.6226539805976 14.8914481786412,45.6228723978434 14.8922042651305,45.6231421611684 14.8924477285631,45.6232413712801 14.8928704648415,45.6234784221977 14.893331814779,45.6236426218597 14.8935112630649,45.6236886802929 14.8943704373929,45.6237056747582 14.8945627292537,45.6237418453503 14.8947677106549,45.6238500132239 14.8949727768559,45.6239131896091 14.8952935973018,45.6238639937851 14.8951387766714,45.6243641538712 14.8949203936718,45.6245637141055 14.8939576306107,45.6250676256482 14.8942252359167,45.6259740861599 14.8948772287617,45.627074272309 14.8948387428129,45.6270805356528 14.8949663346635,45.6274315841588 14.8951326712213,45.6276386963392 14.8952864856808,45.6276838285947 14.8955168763529,45.6279989776952 14.8959519918534,45.6285032758297 14.8962338939083,45.6286385057076 14.8965030218883,45.6287467286199 14.8965796581118,45.6289177644213 14.8965792276949,45.6291518080257 14.8965275792154,45.6293407241067 14.8965399905903,45.6295656911113 14.8967189166922,45.6299077857538 14.8971032991232,45.6301150918906 14.8974107151805,45.6303313258662 14.8978333507259,45.6306646390781 14.8979997377168,45.6309257363803 14.8985892611031,45.6311782115926 14.8989861453726,45.6315744852186 14.89917832191,45.6316916319324 14.899177595882,45.6320965514924 14.8992150895129,45.6326455663393 14.8994835877245,45.6331200093561 14.8997267204645,45.6334360606969 14.8999186391618,45.6337745622078 14.9001611971757,45.6344172475767 14.9003785030292,45.6348367544387 14.9007753859998,45.6352555171449 14.9013516146854,45.635807697093 14.9016460625245,45.6361318868956 14.9017991928631,45.6366584144691 14.9017990262613,45.6367537954479 14.9019400958581,45.6367692135933 14.9020299314639,45.6367422960107 14.9024404713561,45.6366976562389 14.9033386188968,45.6365454499666 14.9037106448659,45.6365187694744 14.9038902827354,45.6364829278625 14.9041856690167,45.636267128729 14.9044937420827,45.6361324133927 14.9048017070197,45.6360606846732 14.9051224371937,45.6360249586053 14.9055586682729,45.6359533342954 14.9060848056479,45.6358097964997 14.906392841701,45.6356930724425 14.9066623964737,45.6355763161194 14.9068422083691,45.6354324913507 14.9069707278253,45.6352796263177 14.9072921940322,45.6347939836681 14.9074848728357,45.6346230836598 14.9076518088215,45.6345062418328 14.9078442346749,45.6344884007727 14.9080622396702,45.6345155710889 14.9083571741376,45.6345607991705 14.9086776888986,45.6346510380528 14.9090368442581,45.6346423263633 14.9093319688143,45.6345705751887 14.909601512109,45.634453811899 14.9099223309969,45.6343550848574 14.9108076945044,45.6341398221628 14.9113979620881,45.6340592974657 14.9118342122834,45.6339606545137 14.9126039441901,45.6338622654948 14.9129631774945,45.6337995521789 14.913373839907,45.6336558027451 14.9137075428889,45.6335120837091 14.9140411891411,45.633404356549 14.9150035603175,45.6331351298707 14.9153243893159,45.6330183911945 14.9156838300953,45.6328116978679 14.9161717562145,45.632452127919 14.9167109662697,45.6321015914902 14.9175196038962,45.631688169762 14.9178404720103,45.6315354311103 14.9181483947851,45.6314636663252 14.9186873228109,45.6312930848593 14.9188926896701,45.6311852521138 14.9192520151728,45.6310415350088 14.9197525745842,45.6307899373252 14.9200732396679,45.6307721656629 14.920701489879,45.6309165751249 14.9210350189014,45.6308718150073 14.9213045455018,45.6307369375803 14.921420013341,45.630710022376 14.9220100266563,45.6306834319979 14.9221768186551,45.6307330359963 14.9225871253429,45.630814298819 14.9229718128228,45.6308730473257 14.9233821891162,45.6309048170833 14.9236898327409,45.631030998185 14.9238179671979,45.631121065981 14.9239204141877,45.6312381112111 14.9241123864383,45.6315442686054 14.924599191947,45.6319720067081 14.924599149716,45.6320035004727 14.9247656571272,45.6321745765457 14.9249450155094,45.6323276643627 14.9252781489651,45.6325843321695 14.9255088141533,45.6327374526365 14.925995901274,45.6329671339554 14.9262395554545,45.6329987853163 14.9265345436744,45.633007973618 14.9269577169158,45.6330757316468 14.9270603549265,45.6330533016614 14.927214343821,45.6329949114125 14.9276248712101,45.6329231864282 14.9279453845666,45.6330313677279 14.928317238046,45.6331125856778 14.9288300832328,45.6332703752444 14.9290223505162,45.6333694753263 14.9292400840205,45.633617061554 14.9293037230079,45.6340085236754 14.9294315739656,45.6343370378581 14.9295212008002,45.6344630683018 14.9296622070039,45.6345306418723 14.9300468601544,45.6346433558283 14.930226341292,45.6347154513639 14.9303159983916,45.6348189856394 14.9304438626686,45.6351429995396 14.9307387242784,45.6352646546709 14.9309822365644,45.6354221809301 14.9315846835209,45.6357554774631 14.9320717127975,45.6360752049015 14.9321355806361,45.6362956992426 14.9323278586763,45.6363992928245 14.9326483685668,45.6365344555186 14.9333276764274,45.6369712675952 14.933519724887,45.6372728198245 14.9336476025763,45.6376058282239 14.9335700762176,45.6380826886773 14.9335314668079,45.6381906448201 14.9332744567788,45.6385819174059 14.9331457283785,45.6389642663126 14.933068404682,45.6392657512255 14.9334523620698,45.6399993299922 14.933516426001,45.6400623547874 14.9336702470181,45.6401568354591 14.9343114438093,45.6403191737774 14.9344397056504,45.6403327447739 14.9348246167388,45.6402654784126 14.935017043333,45.6402565898155 14.9351067907982,45.6402971327891 14.9351836016902,45.6404321495905 14.9352986530083,45.6407786459974 14.9352985597953,45.6408596298562 14.9351698814375,45.6412059880717 14.9353229472893,45.6419619245695 14.9355277691121,45.6423354660691 14.9364497019095,45.6438386835015 14.9365776626223,45.6441266972467 14.936641710897,45.6443246933391 14.9369104817635,45.6448872299797 14.9372434528908,45.6454048101913 14.9374997811279,45.6456299058336 14.9379485417891,45.6458596046752 14.9380894776771,45.6460261479164 14.9382815134084,45.6463906790781 14.9384352364405,45.6465977206992 14.9387814923128,45.6467193825095 14.9389609841213,45.6468274569858 14.9392170240348,45.6473314928359 14.9392938786984,45.647444011225 14.9400890703986,45.6476603878402 14.9402300841324,45.6477639410191 14.940268438616,45.6478899358969 14.9403326290453,45.6478494775346 14.9405379435439,45.6478090926755 14.9406533470033,45.6478676409907 14.9408839984662,45.6481332075045 14.9410120058313,45.6484077187884 14.941063144957,45.6485787109862 14.9410758000584,45.6487451842135 14.9410114769078,45.6489116177139 14.9410754698365,45.6490601210288 14.9412934064701,45.649222200813 14.9418321226884,45.6493529502566 14.9421784723337,45.6494071152691 14.9425503949513,45.6495467749806 14.9426016408908,45.649618786327 14.9426396345628,45.6501047081049 14.9429343771895,45.6504467872117 14.9429856107465,45.6505322956637 14.9431776026256,45.6509868002474 14.943254329369,45.6512387878739 14.9434465975146,45.6514233462248 14.9436902694258,45.6515269458355 14.9437928040583,45.6516348846896 14.9439207706446,45.6519724698702 14.944074431197,45.6522784838063 14.9441766326173,45.652723944388 14.9443175060795,45.652989459839 14.9443686148768,45.6532054413684 14.9444068443485,45.6534709066583 14.9442909303278,45.6539117616025 14.9443930518216,45.654442704637 14.9444955441415,45.6546002228146 14.9447519477805,45.6548208027615 14.9447903569956,45.6549063041358 14.9449569936848,45.6550773501514 14.9462134451817,45.656121738518 14.9465084253878,45.6562702571341 14.9462515777373,45.6564996803543 14.9463538513256,45.6568956486633 14.9462510698331,45.6570305731563 14.946096758533,45.6573769306316 14.9457498433211,45.6578536702707 14.9455058652387,45.6580335178613 14.9451464560879,45.658154821359 14.9451205814603,45.6583707653672 14.9447739614244,45.6585325656584 14.9447352310914,45.6587709988098 14.9445040244562,45.6590048395113 14.9443239347317,45.6594500719779 14.9440286237597,45.6597513667997 14.9439771783127,45.6598683179541 14.9435405345202,45.6602145330079 14.9433479773805,45.6602864231383 14.9432067127014,45.6603943311788 14.9430910028256,45.6606102299488 14.9419101993511,45.6608255919977 14.9414349346216,45.6612707592834 14.9407286747436,45.6617158049495 14.9404717071562,45.6620126112546 14.9400095647149,45.6622868139674 14.9396372981913,45.6623945960244 14.9396242622821,45.6625835508763 14.939495720615,45.662781442785 14.9395981176267,45.6630289468479 14.9396493527259,45.6631189556962 14.9402393053472,45.6634611965357 14.9403033462418,45.6635782063109 14.9402519182424,45.6636681611899 14.9399436403294,45.663933355763 14.939763763906,45.6641312209294 14.9397250760177,45.6643066649444 14.939673641592,45.6644011186358 14.9395323159093,45.6645495138099 14.9395320495065,45.6647969634718 14.9395704672622,45.6648734682813 14.9395447182033,45.66494993914 14.9394547875179,45.6650398732577 14.9392749690624,45.6651792495173 14.9390439832404,45.6652826055069 14.938594817072,45.665277865885 14.9381326688469,45.6654080900718 14.9379532684081,45.6651650420916 14.9379406793849,45.6648276937052 14.9378894156172,45.6647646786257 14.9377739554238,45.6647286230986 14.9376840821602,45.6647645668106 14.9376327088293,45.6648005314753 14.9374782961813,45.6652862584949 14.937477980655,45.6655697007863 14.9372722573404,45.665916017677 14.9371437551377,45.6660644168972 14.9368737177679,45.6665366720431 14.9367323083546,45.6667480508519 14.9363081604651,45.6673057017772 14.9361410995086,45.6674990691819 14.9359741194689,45.6676204510216 14.9358200241442,45.6676968490043 14.9356275036716,45.6677057388604 14.9352040279771,45.6676650077027 14.9350500910435,45.6677144102268 14.9349601904169,45.6677683481012 14.9348573981727,45.6678717684875 14.9348316308767,45.6679572364029 14.9348698408915,45.6682092069318 14.9348184051652,45.6682946602032 14.9347413480023,45.668339607058 14.9345359805091,45.6683574859035 14.9342666790355,45.6681728688106 14.9341640377296,45.668145815201 14.9339073554749,45.6681456669965 14.9337533779663,45.6681185833079 14.9336507529538,45.6680780319924 14.9335353312745,45.6680059795477 14.933407155851,45.6678664332805 14.9333175205093,45.6676954157727 14.9332920608278,45.6674119585511 14.9332536605886,45.6673264535041 14.9331639300904,45.6672365093218 14.9329586520641,45.6671824000225 14.9328557926619,45.6673398076021 14.9326504432637,45.6674521638607 14.9323419677643,45.6678343138371 14.9325210280653,45.6683473153865 14.9324438445128,45.6684957395569 14.9326743475679,45.6689232886188 14.9329435883031,45.6691573993271 14.9331869537271,45.6695669585199 14.9331096737904,45.6697963665516 14.9328911542222,45.6700750915769 14.9327625124044,45.6703224655032 14.9325442848433,45.6704618084291 14.9323000849334,45.67074510619 14.9322485615463,45.6708980444511 14.9320043800373,45.6711633452405 14.9320299026022,45.671284835646 14.9319652542085,45.6716762172959 14.9318623673984,45.6718471210858 14.9318750167702,45.6720000974038 14.9318104702777,45.6723059964337 14.9314765884378,45.6724452681838 14.9312967815095,45.6725396409015 14.9306890822521,45.6726080198008 14.9302087158662,45.6727719438211 14.9298572839775,45.6728784467968 14.9296464429032,45.6728454738648 14.9294241741474,45.6727140535936 14.9290144475866,45.6725332066379 14.9287682352612,45.6727628664521 14.9285104453547,45.6729104552487 14.9282523787984,45.673173039788 14.9281819704709,45.673328933682 14.9279005717652,45.6735668477779 14.9273266182466,45.6736321706965 14.927022227365,45.6735827567277 14.9268231082283,45.6736154726489 14.9267644826256,45.6736893099811 14.9266119656833,45.673812396927 14.9264830331066,45.6739600638222 14.9262602832953,45.6740994817279 14.925768243521,45.6742387245432 14.9253582447775,45.6742631123696 14.9248893609128,45.6746486461372 14.9245258115213,45.6749685610331 14.9242443891081,45.67520646604 14.9237876161277,45.6752635704962 14.9235297737921,45.6753373630613 14.9233071171738,45.675493151885 14.9231078317352,45.6756407676793 14.9228848638164,45.6759280185364 14.9226502130205,45.6762151710532 14.9225560802289,45.676527073359 14.922563489162,45.6766462139648 14.9219470171251,45.6768914441071 14.9216773333167,45.6769812410964 14.9214205754755,45.6770062596217 14.9210355749719,45.6769466063451 14.9206635919574,45.6767591870027 14.9196630318734,45.6763014714649 14.9195346141115,45.6763418727949 14.9186487240538,45.6764843161043 14.9185074064284,45.6765678982408 14.9183147494092,45.6766478442436 14.9176469064784,45.6768984133356 14.9174157863708,45.6769459367269 14.9171974582077,45.6770231628345 14.9170177070689,45.6770536261436 14.916748037297,45.6771281146415 14.9164784471298,45.6771486136303 14.9162987998406,45.6771088902743 14.9160037634532,45.6769782004907 14.915798726865,45.676750396228 14.9154528560081,45.6762832264792 14.9153118069576,45.6761859419211 14.9147602930284,45.6759011900154 14.9137725010563,45.67552882486 14.9134002727399,45.6755222446064 14.9122057195106,45.6760486248998 14.9108697332573,45.6767098547414 14.9106385867267,45.6767708616372 14.9104077943707,45.6766096138961 14.9102285487842,45.6763224320117 14.9101772839207,45.6762729918396 14.9096643087018,45.6759846463676 14.9089073674503,45.6757518928924 14.9086122441108,45.6756895699158 14.9083813768566,45.6755805073042 14.9079193764541,45.6755261469318 14.9076369520326,45.6755484143496 14.9074443082813,45.6756130451791 14.9072900720131,45.6757379945108 14.9071357665951,45.6759043350978 14.9069553246559,45.6763504968574 14.9068008641997,45.6766086180391 14.9066595047098,45.6767065825343 14.9062613269065,45.6768619246209 14.9057219721175,45.6770036516696 14.9054651874243,45.6770403319168 14.9053625423167,45.6770141522862 14.905324194771,45.6769187400675 14.9052217033766,45.676801679066 14.9051191667885,45.6767116124 14.904926795004,45.6766115729463 14.9045291685351,45.6764402763969 14.9042083637399,45.6763842192975 14.9040158468655,45.6763706504652 14.9038489451807,45.676390306066 14.9035020348099,45.6765870731977 14.902975449581,45.6767647906951 14.9026415556446,45.6768544882045 14.9023462394157,45.6769037260183 14.9018455589789,45.6769446884767 14.9014345726987,45.6770757077111 14.9010106975586,45.6772355083933 14.9007283254698,45.6772217661519 14.900202368538,45.6770377455635 14.899881619229,45.6769510826406 14.8995867539283,45.6767465657295 14.8994843134836,45.6766079040475 14.8994332530206,45.6764494915656 14.899446398447,45.6762767385342 14.8994338848448,45.6760967643871 14.8992929203836,45.6759680565547 14.8991646616873,45.6759121548514 14.8989336790817,45.6758768579389 14.8987283977032,45.6758253866612 14.8979073079502,45.6755313159447 14.8976507184766,45.6754618005509 14.8972912822673,45.6754803741135 14.8969959207266,45.6755556927256 14.8969956413292,45.6757779469632 14.8973031255411,45.6760931592706 14.8974562214056,45.6766052918841 14.8975196363386,45.6770245728568 14.897660377779,45.6772748477279 14.8973903672208,45.6775211549809 14.8973131308598,45.6776407610403 14.8971327025588,45.6780338180585 14.8971195479434,45.6782074705777 14.8969909808581,45.6783180320166 14.8967979597283,45.6785761048133 14.8967974022683,45.6788793420534 14.8966815718799,45.6790430037336 14.8962959010365,45.6794223763138 14.8961159877265,45.6795301906801 14.8959875556793,45.6795651666166 14.8954996484561,45.6796250089923 14.8953968557393,45.6796780040154 14.8953325663621,45.6797346334871 14.8953323751008,45.6798372122329 14.8954345295762,45.6801270462266 14.8953182984759,45.6805020726658 14.8953048607486,45.6808241941073 14.895008990455,45.6811550544786 14.8947516298065,45.6814850497323 14.8947384771221,45.6816533029854 14.8946740142872,45.6818008132004 14.894261818037,45.6825463788532 14.8941584385203,45.6829071087948 14.8939655441309,45.6831507796836 14.8938109917599,45.6834159914472 14.8934898163715,45.6835398668794 14.8932456414873,45.6836764107846 14.8930015117294,45.6837886592165 14.8928857768931,45.6838911296153 14.8923325527876,45.6845177802336 14.8922295649747,45.6846661524975 14.8920495560825,45.6848108526582 14.8919210643701,45.6848692191068 14.891779613006,45.6849905601348 14.8917023509167,45.6851119618491 14.891689085771,45.6853333035769 14.8916632377637,45.6854223606765 14.8915860652095,45.6854969720499 14.8912133270346,45.6857206714694 14.8910461590216,45.6858608831781 14.8906991838012,45.6860378151386 14.8903138992178,45.686108531204 14.8902239631449,45.6861435375738 14.8900568883495,45.6862342581402 14.8898126280281,45.6864040876823 14.8896584732326,45.6864525288619 14.8894273983202,45.6864451069432 14.8886310784949,45.6866188973924 14.8884256492645,45.6866267952825 14.8882457407427,45.6867130015887 14.8881557432378,45.6867777001286 14.8880774874748,45.6873921964188 14.8880517135548,45.687440761117 14.887884677084,45.6875728699621 14.8878963455007,45.6881586602113 14.8870485838281,45.6883611831317 14.8867918021969,45.6883645282323 14.8865218015398,45.6885559206964 14.8863418711524,45.6886484226499 14.8861747333499,45.6887634324065 14.8860463251492,45.6887732023526 14.8856226608495,45.6887646806741 14.8849288152748,45.6890321284124 14.8845691103355,45.6891370437472 14.8843891452103,45.6892439395987 14.8841064083845,45.6893795249947 14.8839009349184,45.6894036113452 14.8835026994029,45.6895129832226 14.8831428500639,45.6896844801133 14.8826929821608,45.6899242692994 14.8825900643585,45.6900222432514 14.8825255787875,45.6901607482386 14.8824348301768,45.6905781683243 14.8823445650787,45.690764336774 14.8821128308769,45.6910627459449 14.8816883549981,45.6914312306138 14.8814569394173,45.6915758606688 14.8811101064571,45.6916546838386 14.8811100721403,45.691670880441 14.8808403476651,45.6917155901031 14.8805961141032,45.6918485074661 14.880403341124,45.6919328882729 14.8799791759997,45.6922077862953 14.8798761645095,45.6923453494426 14.8796827867575,45.6927104700733 14.8793094287289,45.6931779790494 14.8791547365918,45.6934630562417 14.8787045626378,45.6938225043577 14.8784602992517,45.6939626155776 14.8783189578195,45.6940092553985 14.8777025296262,45.694058086917 14.877445654586,45.6940920045463 14.8772400625887,45.6941610694133 14.8770729133715,45.6942652679787 14.8768796904269,45.6945485009474 14.8770593714052,45.6945855867621 14.8773288392176,45.694665959747 14.8783623255281,45.6949714713878 14.8791603544684,45.6954451697936 14.8794637352657,45.6962991424503 14.8793661398137,45.6967205116006 14.879352834782,45.6969364525303 14.8793398238038,45.6970156222803 14.8792753494415,45.6971414379211 14.879262119481,45.6973222862227 14.879427765351,45.697919936514 14.8796841221843,45.698135261891 14.8801319789552,45.6988735786093 14.8802982683739,45.6992362872337 14.8803872070975,45.6996817873197 14.8804120322617,45.7000840292396 14.8805399806086,45.700302817381 14.880693232109,45.7007006943474 14.8808850756351,45.7010680177229 14.8809999670582,45.7013901800616 14.8811150159873,45.7016386478567 14.8812559914701,45.7017728663985 14.8813068749926,45.7020014714213 14.8813963283581,45.7022094207924 14.8814084977466,45.7025882540791 14.8814719679551,45.7029383466062 14.881905559142,45.7043820030016 14.8823410149456,45.7049474437127 14.8825332191909,45.7051545980445 14.8828795568175,45.7053520122327 14.8832645184783,45.705504474283 14.8836880867695,45.7056200820899 14.8843557351969,45.7057656294051 14.8845996095095,45.7058324620071 14.8848306010218,45.7059190769434 14.8854588441429,45.7064343103818 14.8858817520405,45.7068801399544 14.8862147360344,45.7073402753763 14.8869847959348,45.7076009950211 14.8871645380955,45.7076317662417 14.8866763009902,45.7077293623754 14.8860457633835,45.7083307085307 14.8853775684439,45.7084983046949 14.8851847011532,45.7086042886833 14.884657786927,45.7087675234686 14.8843104418485,45.7090452137222 14.8839243578286,45.7094839296208 14.8836537788729,45.7099002666042 14.8833452206095,45.7100493204859 14.8829599496071,45.7100300304432 14.882561695753,45.7100773117207 14.8822918706574,45.7101283232376 14.8818936837717,45.7101432090839 14.8816493419814,45.7102905251242 14.8815594358298,45.7102904319567 14.8809805987575,45.7106992440923 14.880813026531,45.7109825096154 14.8805815394188,45.7111217384685 14.8796557920978,45.7115795802805 14.8793855390738,45.7118249434421 14.8792440758488,45.7119075765358 14.8790895100269,45.7121098703185 14.878973798078,45.7121628365932 14.878729727835,45.7121769747493 14.8785112307855,45.7122442283688 14.878279791351,45.71235645828 14.8781125232571,45.712491251447 14.8779197421379,45.7125450342145 14.877829851989,45.7125359400302 14.8775857916251,45.7125446768927 14.8774317294631,45.712513018372 14.8773289361479,45.7125309042483 14.8770975030289,45.7126386327162 14.8769941961525,45.7128904683108 14.8769040191683,45.7130118455203 14.8767882024554,45.7131106997625 14.8766338323299,45.7132185103612 14.8765181534272,45.713254377788 14.876415398128,45.7132542666849 14.8759008210458,45.7136154324489 14.8756176060997,45.7139597516 14.8755789126397,45.714031694245 14.8754752866092,45.7144229985523 14.8753963790141,45.7145570741372 14.8752325544883,45.7146968157446 14.8747961215442,45.7149698804175 14.8746142543317,45.7150777480974 14.8743053078479,45.715204641692 14.8739416977811,45.715363237424 14.8737414439747,45.7155920178105 14.8736139205867,45.715750873142 14.8736226965312,45.7159034905261 14.8736405500465,45.7160179660276 14.8734676534304,45.7161895482864 14.872985958016,45.7164179252954 14.8728403621799,45.7165576836909 14.8724583668732,45.7168307999207 14.8723036630646,45.7169641588089 14.8721490020224,45.7170784415771 14.8718942269401,45.7173262335884 14.8717123172622,45.7174468738474 14.8715762510236,45.7175175359649 14.8714350549454,45.71747238671 14.8712552486078,45.7174595869087 14.8710111078465,45.7174935042858 14.8705743960612,45.7174795132723 14.8703946377447,45.7174460165602 14.8702663381346,45.7173792850692 14.870060895888,45.7173430592369 14.8697655072811,45.7173193278699 14.8695216531411,45.7172299685335 14.8694446964709,45.7171803911154 14.8692267691009,45.7169902821377 14.8685221553123,45.7161896329771 14.8682914237024,45.7159851104961 14.8680605751935,45.7158309767342 14.8677911527498,45.7156938942509 14.8675345276626,45.7155775215847 14.8673163106145,45.7155151815186 14.8670979874046,45.7154978313853 14.8668282290912,45.7155038159399 14.866571270676,45.7155287108054 14.8663657625456,45.7155239715708 14.8658264261301,45.7154604427822 14.8656339573078,45.7153747346898 14.8653902187723,45.7151899868316 14.8649165267368,45.7145388654312 14.8647244011406,45.714312785893 14.8645321009959,45.7141595904006 14.8640315099814,45.7140151161835 14.8632487148227,45.7137172447014 14.8630818108789,45.713686451275 14.8630174916307,45.7137259658065 14.8627603679028,45.7138210370704 14.8625291353845,45.7138333564147 14.8623109262886,45.7137728063978 14.8620415632361,45.7136213134205 14.8617082035181,45.7133788615692 14.8615677034,45.7130592589276 14.861338430104,45.7122285463181 14.8613263737004,45.711909998939 14.8613535881482,45.7112927622448 14.8613034428722,45.7107951963331 14.8612013558547,45.7105269289061 14.8610607453446,45.7102559151029 14.8609197121702,45.7101558645626 14.8604193680169,45.7099303018028 14.8599700921824,45.7098289732779 14.8595335037976,45.7097906453106 14.8593923727674,45.7097311742049 14.8592384958012,45.7096329053932 14.859161895369,45.7094492496674 14.8591366535746,45.7092719558906 14.8591628290517,45.7090263398988 14.8592277080419,45.708762775374 14.8594350537196,45.7080242861603 14.8595130030964,45.7076690467961 14.8596165003961,45.7073686372267 14.8596685841084,45.7070843610038 14.8598363840504,45.7067480377334 14.8599140753451,45.706494386351 14.8599017696997,45.7062793164529 14.8598380346515,45.7060875785487 14.8596974125503,45.7058282603841 14.8594794741448,45.7056733150285 14.8594909982829,45.7061996286491 14.8592713387612,45.706730246728 14.8590778201207,45.7070782349905 14.8588965105,45.707677285178 14.8585613118102,45.7081833741336 14.8583938384528,45.7083856240737 14.8580978963935,45.708601211431 14.8575443048914,45.709123312434 14.8572867673108,45.7094361250696 14.8571062884142,45.7096986441289 14.8569513137877,45.7100322798443 14.8568219397875,45.710399240396 14.8566532001445,45.7110917927059 14.856394713546,45.7117195355683 14.8563433488711,45.7117149719448 14.8560605141637,45.7118180941236 14.8557133329059,45.7119697240982 14.8549165163455,45.7121549757039 14.8542478370611,45.7124555609617 14.8538622642963,45.7125495484754 14.8525643692315,45.7127863306105 14.8518836906752,45.7127593557139 14.8515625168329,45.712784133568 14.8512283981402,45.7128466856799 14.8509068574457,45.7130091321258 14.8507008424283,45.7131987229806 14.8504944229419,45.7135394809759 14.8503909037348,45.713825484975 14.8503389863655,45.7140755640838 14.8502872259998,45.714218566012 14.8497200226498,45.7149789703174 14.8496679124423,45.7152515440554 14.8496277126765,45.7158723596921 14.849459316713,45.7163976266151 14.8492788270885,45.7166421367918 14.8488536821812,45.7171067765411 14.8487117433034,45.7173440483304 14.848491473426,45.7180465073829 14.8483239561404,45.7182406438758 14.8480665186057,45.7184346605751 14.8478091794433,45.71859178465 14.8475002824252,45.7188127257718 14.8472428869563,45.7190364343469 14.8469595687139,45.7192969997775 14.8468305601881,45.7194983840854 14.8467394019962,45.7199508656768 14.8467128738081,45.7202566750861 14.8467623392063,45.7209585922123 14.8467221054693,45.7215785063524 14.8465546232028,45.7217537442001 14.8462459135864,45.7218981983408 14.845770077743,45.7220865167755 14.8453456171072,45.7222776022017 14.8446635277322,45.7227193826009 14.8443028816641,45.7230581194389 14.8440450175019,45.7233924964211 14.8435673059711,45.7242456713241 14.8434120170636,45.7246944628287 14.843257027498,45.7249893873331 14.8425615536195,45.7256047995396 14.8422908883855,45.7259148599624 14.8420976643372,45.7260972540719 14.8417888761303,45.7262569926855 14.841376474106,45.7267108237871 14.841183086497,45.7269489141935 14.8409769464243,45.727152883804 14.8406678985039,45.7274008001443 14.840538864021,45.7275967781821 14.8405256988396,45.7277083359461 14.8407418314863,45.7285103659034 14.8405986493845,45.7291624366059 14.8408159037421,45.7296171421898 14.8407750787451,45.730419713325 14.8405551261417,45.7309574912267 14.8404894958755,45.7314450050388 14.8404113153648,45.7318273138148 14.8402560259686,45.7322149135688 14.8400881090041,45.7325242122208 14.839894883229,45.7326967045181 14.8398560126491,45.7328100256944 14.8398044705176,45.7328612424237 14.8390578834409,45.7333307921031 14.8379125582843,45.7339392419092 14.8376035166924,45.7341673539333 14.8372047475444,45.7343197535512 14.8363949025999,45.7344364714215 14.8361759497687,45.7346125197559 14.8358664677343,45.7349872948719 14.8355703037098,45.7352010229519 14.8351842996723,45.7353777286333 14.8349528344488,45.7354367817206 14.8345285600004,45.7355180504181 14.833770314534,45.7355592406492 14.8332944787376,45.7356944181124 14.8329212439444,45.7358945297274 14.8325864478039,45.7361306886958 14.8323544678607,45.736359799133 14.832173866094,45.7365952832135 14.8320317248588,45.7369028080376 14.8319279521749,45.737227395451 14.831824504851,45.737443196682 14.8315926461801,45.7376291150105 14.8313608672282,45.7377880388008 14.8309877337348,45.737947652909 14.8301388504008,45.7382037385297 14.8297271356273,45.7383713893977 14.8292766868664,45.7385983680928 14.8290447902498,45.7387923794099 14.8288514263826,45.7389918468116 14.8287352098855,45.7391761328494 14.8283481974399,45.7396659461918 14.8280128207695,45.7400775528318 14.8278453047987,45.7402266682788 14.8274588149786,45.7405419170325 14.826480820171,45.7409750419946 14.8262232359573,45.7411582108249 14.8257591692421,45.7416200040401 14.8255141531405,45.7418922711467 14.8253595125399,45.7420297050954 14.8246897521587,45.7425109750208 14.823890984782,45.7431458189063 14.823736206481,45.7433246414515 14.8235170657088,45.7435366571705 14.8230145960053,45.7439371929818 14.8225509501577,45.7442505057781 14.8217527058101,45.7447459555604 14.8212890519524,45.7450574635702 14.82078698455,45.7453230193904 14.8201301389338,45.7457601921393 14.8198211449738,45.7459306681744 14.8191648890091,45.7461806768902 14.8185728608815,45.746438882074 14.818353956867,45.7465681061291 14.8179417856067,45.7468463895263 14.8171556995184,45.7474911938871 14.8164085506712,45.7480145817506 14.8161764877731,45.7482337608892 14.8160858649816,45.7484333716138 14.8158268097872,45.7490430216198 14.8157488860714,45.7492885425318 14.8157103400015,45.7492848811482 14.8155668509874,45.7499253101585 14.8152821337407,45.750517821068 14.8147790867858,45.7510560792255 14.8141993413893,45.751464548686 14.8132464352215,45.7520334707197 14.8124608851829,45.7524802862716 14.811945254561,45.7529248415593 14.8116486440622,45.7532158893436 14.8110806384163,45.7539410930049 14.8108350652636,45.7543410992148 14.8106544792107,45.7545279591918 14.8103581884413,45.7547201156899 14.8097144057237,45.7550393753049 14.8086956044821,45.7560148603014 14.8083865067993,45.7561889041513 14.8075242256256,45.7564924880517 14.8054765172891,45.7576048658008 14.8088080531698,45.7607650172789 14.8088201401592,45.7609899880942 14.8087034675037,45.7612750301479 14.8082120978859,45.7621479143716 14.8077069461664,45.7632485130428 14.8072021157722,45.7642500416312 14.8070345277766,45.7643829293891 14.8061547535437,45.7659866863812 14.8053909284029,45.7675447438339 14.80445889576,45.7693580515076 14.803474922189,45.7713359252121 14.8033452353053,45.7716515321179 14.8028403869376,45.7726143485167 14.8027744699742,45.7730758323988 14.8023337950563,45.7740657510831 14.8020231672978,45.7746383860299 14.8018157237325,45.7751203192861 14.801504995399,45.7757181469454 14.8012839565973,45.7764412019078 14.7997782907248,45.7767679901053 14.801318708218,45.7775183227338 14.8016383036526,45.7780497598445 14.8021264421421,45.7781954739889 14.802292111669,45.7786204661863 14.8014677647448,45.7789987522082 14.8008597958389,45.780001870368 14.800794946297,45.7801565228104 14.7999959097231,45.7806761107217 14.8000846197593,45.7810424842496 14.8001740863325,45.7811974062091 14.8001219005764,45.7814060683321 14.8000701936261,45.7814806611946 14.799928434086,45.7815640943743 14.800338924403,45.7818536479234 14.8002222161204,45.7821242834331 14.7997837625849,45.7824609405944 14.7995113430205,45.7831173161148 14.8001388692631,45.7838553507161 14.8009722696966,45.7839190715215 14.8021472175349,45.7835925056074 14.8026158856068,45.7838395911168 14.8033965270882,45.7843882845605 14.8040599890459,45.7849094178529 14.8046069993073,45.7851566294558 14.8051933024947,45.7853491076995 14.8063279877859,45.7853235028089 14.8071105744733,45.7853247366457 14.8076590741541,45.7851065603493 14.8082471945953,45.7846968807928 14.8085606941119,45.7845605471155 14.8091479034769,45.7844519339893 14.8100096010126,45.7841795613347 14.8107141285184,45.7840984890486 14.8113791884409,45.7841268527715 14.8117700408386,45.7842369128446 14.8119659277209,45.7841550837597 14.8122802973281,45.7837175786641 14.812593689901,45.7836085876059 14.8134548642105,45.783445603606 14.8150201287923,45.7833658168151 14.8161951632057,45.7829843987888 14.8170173115344,45.7827939712499 14.8176817348385,45.7830138644545 14.8190507953513,45.7831527202387 14.8194027370107,45.7832079848241 14.8204199097521,45.783236851932 14.8209278392844,45.7834565701553 14.8218277755817,45.783430443185 14.8233549698193,45.7830219662937 14.8238637284574,45.7829406000662 14.824332615879,45.7831875968567 14.8248796562531,45.7834073576372 14.8253089854205,45.7837637952696 14.8258165562118,45.784147704448 14.8261683408465,45.7842576557016 14.8265987877743,45.7842583097614 14.8270674005778,45.7845600026081 14.8275358937252,45.7849438449427 14.8280053143042,45.7849445525236 14.8284356829283,45.7849724634404 14.8285515081568,45.7854927208219 14.8290449939194,45.7852375575551 14.8293730857665,45.7848131631132 14.8297009031535,45.7845195080267 14.8308704081594,45.7839001141324 14.831479427982,45.7832800628812 14.8321813101946,45.7828234582428 14.8331641854149,45.7821058682977 14.8339586588144,45.7819435321093 14.8344730023668,45.7817481222084 14.8351287046912,45.7810627034985 14.8356444437553,45.780344416988 14.8363460968033,45.7799858643309 14.8370469794303,45.7798886979532 14.837935433802,45.7794977390488 14.8384029664885,45.7793349076883 14.8391489545623,45.7798260810218 14.8397094727764,45.779794116034 14.8401307540944,45.7794351464347 14.8406922915373,45.7790437081805 14.841206770388,45.778782942617 14.8417677391875,45.7785875645624 14.842235493004,45.7782940669054 14.8428902156778,45.7780007345799 14.8437778693856,45.7778711208194 14.8450407985182,45.7771210579555 14.8457419905218,45.7768931876879 14.846536263985,45.7767634263658 14.8471909960762,45.776404743863 14.8481268002804,45.7757196241953 14.8486409488649,45.7755568127907 14.8499023988411,45.7753622304947 14.8508369743408,45.7751672080034 14.8516314714122,45.7749394232879 14.8521927107516,45.7746132533159 14.8529872802781,45.7743527964987 14.8537814156242,45.7742556473264 14.8551360450381,45.7741591146564 14.8563505973849,45.7740298171332 14.857144805757,45.7738999819222 14.8578459914548,45.773639284512 14.8580331908345,45.7734434507757 14.858780510401,45.7734442869006 14.8590602794954,45.773607946098 14.859479677456,45.7740332583637 14.860039273915,45.7743933254078 14.8611134200867,45.7743618834049 14.8614407338466,45.7742314498549 14.8617684344809,45.7738397138454 14.8621900928829,45.7732519337612 14.8630781066525,45.7729261038914 14.8636382729055,45.7730573348306 14.8640589227251,45.7729270950851 14.8654139241006,45.7726017117166 14.8661150828304,45.7722756379567 14.866582940645,45.7719167149135 14.867892412138,45.7710357120052 14.8688271074315,45.7706771385487 14.8697613867738,45.7705473762889 14.8706486867695,45.7705482942637 14.8713493920268,45.7704509171173 14.8719101722922,45.7702553905868 14.8725181422352,45.7698311845806 14.8733596655265,45.7693744816564 14.8744813330694,45.7689180805957 14.8751355027448,45.7686899779611 14.8760232803888,45.7684620353096 14.87649091443,45.7681029812375 14.8771440471024,45.7683977403925 14.87742361526,45.7687248484057 14.8779839156998,45.7687906836998 14.8788712009336,45.7687262122509 14.8797122927679,45.7684981914354 14.8801798333478,45.7681718749317 14.8806010466078,45.7676820142167 14.8810687836134,45.7672576158963 14.8816764442564,45.7669314389637 14.8822368692498,45.7669319279765 14.8828436221181,45.7670958656713 14.884149802693,45.7677506331871 14.8846625550202,45.7682412736241 14.8853158610081,45.7685359862319 14.8862030631807,45.7685694460973 14.8868096472572,45.7688313508463 14.8873698282346,45.7689625555264 14.8886306054417,45.7689636114249 14.8893313887761,45.7688008884786 14.8904520839827,45.7688344512881 14.8908253298769,45.7689654596442 14.8909181646903,45.7692923560238 14.8913382804714,45.7694560702039 14.8921791409715,45.7692607101813 14.8928799769178,45.7689998872216 14.8939548688656,45.7685104983458 14.8949356637871,45.7684133261147 14.8956364832104,45.7682177217751 14.8967110343101,45.7678918004671 14.8975515026654,45.7679577927418 14.8982985619152,45.7679911229262 14.9003547830295,45.766979578536 14.9016160329817,45.7666864364879 14.9030172370303,45.7664913877536 14.9046517229941,45.7663290895524 14.9052126224352,45.765970085575 14.9058667613714,45.7657417168754 14.9068876370685,45.7656218000195 14.9074923403069,45.7653496513468 14.907981049764,45.765248368404 14.9088039003375,45.7652220340878 14.9093434311284,45.765491504112 14.9097804010925,45.7655836297414 14.9102554079993,45.7660087101276 14.9110431488137,45.7659150269563 14.9112400912458,45.765846255326 14.9119292129244,45.76567465656 14.9121258828784,45.7657781951773 14.9121749070056,45.7659159924766 14.9120762503073,45.7661915257827 14.9121741370364,45.7665705074326 14.9124692388728,45.7667085834526 14.9131581752706,45.7667436615281 14.9135025529499,45.7667783851448 14.9137976591642,45.7669164577319 14.9141421668737,45.7669511795178 14.9151755677684,45.766883206563 14.9157168090063,45.7669869942653 14.9162578975529,45.7671941664557 14.9170451213078,45.7673670526559 14.9177835593375,45.7670576948465 14.9181283675762,45.766713498499 14.9187196188342,45.7660250326876 14.9197539057001,45.7652336685092 14.9203449251308,45.764683043562 14.9213294732273,45.7643049091921 14.9219694347616,45.7641332159666 14.9225105189167,45.7643403586475 14.9229038420325,45.7645817715749 14.9227554024875,45.7654772438493 14.9222624487395,45.7663380195191 14.9225574790246,45.766544904244 14.9229509600359,45.7666830198295 14.923295519133,45.7666833416414 14.9237875913727,45.7666492985125 14.9240334812321,45.7667872218455 14.9240821852049,45.767372844886 14.9242786392913,45.767751971514 14.9240809236729,45.7686818747233 14.9238830140822,45.7697495368215 14.9238328779529,45.7707829245952 14.9238813141547,45.771471844239 14.9241759343855,45.7721954797543 14.9243882162498,45.7733396266272 14.9244394632037,45.7734773299707 14.9249152944846,45.7734209562357 14.9248879907927,45.7746032757228 14.9247717173752,45.7750099088506 14.9245140597532,45.7753696589142 14.9244101141172,45.7762612918877 14.9245986956056,45.776400165622 14.9240130100758,45.7765609317598 14.9239328233206,45.7769946718589 14.9236517643738,45.7780016301222 14.9233711797594,45.7785610276013 14.9234104448596,45.7790925654433 14.9236502130187,45.7792325547326 14.9262490032091,45.7794298781039 14.9278081802485,45.7795705227203 14.9286477512475,45.7795989438749 14.9292876960587,45.7794594229214 14.9299271119943,45.7797395644505 14.9307665382622,45.7799917500193 14.9318457733951,45.7802720564587 14.9323652898254,45.7806079902476 14.9328045209568,45.7811957282232 14.9331238095807,45.7817553205829 14.9336033562998,45.7819793802493 14.9345630808282,45.7820078276836 14.9358428002648,45.7817845934644 14.9367225302872,45.7817011328073 14.9380421097289,45.7817016760161 14.9385218294937,45.7817857964015 14.938761616305,45.7819538276487 14.9388012749413,45.7822614901377 14.9385211586121,45.7825131934581 14.9384809168641,45.7827369517621 14.9389602862574,45.7832687199765 14.9391598411368,45.7836604187917 14.9389594378988,45.784163929186 14.9387591229705,45.7845834880323 14.9384788717857,45.7849470360217 14.9384784157405,45.7854785466905 14.9387979385679,45.7858982942442 14.9393575399603,45.7861223724479 14.9401573456439,45.7861506878833 14.9411973659952,45.7858434068609 14.9418776273799,45.785312154065 14.9425976721396,45.784976713306 14.9434374450145,45.7848931809131 14.944037052545,45.7851171660552 14.944076870948,45.7854249165994 14.9438765337116,45.7859004517663 14.9438762249017,45.7862081826209 14.9441159629603,45.7864600636687 14.9445556964266,45.7867119514445 14.9451553552883,45.7869080369289 14.9455550237914,45.787104024139 14.9458345215984,45.7877476025605 14.946194118282,45.7880274296725 14.946553793606,45.788363313085 14.9467534418652,45.7888669331787 14.946753095564,45.7892306312837 14.9469128052539,45.7895383464448 14.9471926512863,45.7897063783732 14.9475922920484,45.7900981543134 14.9478719604864,45.7904618904538 14.9481115271162,45.790937542491 14.9481912193849,45.7912732930869 14.9478309113753,45.7918606968419 14.9480063217904,45.7921738162832 14.9487604189826,45.792773061989 14.9493998940214,45.7932638263998 14.9504071222859,45.7934746405706 14.9513732403427,45.7943749428073 14.9516297311145,45.7937787562089 14.9527198692936,45.7927080040221 14.9548989317505,45.7917567194345 14.9562954760502,45.7905194107846 14.9602099170431,45.7896638737456 14.9629324909027,45.7895458361617 14.9637819209414,45.7910934904724 14.9656878897657,45.7908322376576 14.9665039434611,45.7917847354169 14.967899414217,45.7915232949485 14.9699740876717,45.7932617273893 14.9699738703755,45.7936663660808 14.9704157441951,45.7943330509611 14.9713351022764,45.7937620041908 14.9720834866638,45.7942382720803 14.9731480539556,45.793923328334 14.9741842213845,45.79240929855 14.9757865273552,45.7914944654792 14.9777493459735,45.7908077792372 14.9789935219867,45.7907782314514 14.9798864364694,45.7910859429014 14.9802405888291,45.7920279125959 14.9804234740138,45.7931869728721 14.9809000481554,45.7939175087902 14.9818340415062,45.7942708314151 14.983143751495,45.7942869585407 14.9843220595193,45.7940975390727 14.9853608471285,45.7932233440904 14.9866998570172,45.7927145825253 14.9874755915503,45.7916280749864 14.9876769196223,45.7903201512673 14.9880945550196,45.7891026793126 14.9895951792363,45.7882399196891 14.9910900187544,45.7870679691596 14.9914642775757,45.7862741957985 14.9924240772122,45.7855599136181 14.994996711443,45.7851028676819 14.9975531143988,45.7842934923241 14.9989432434235,45.783713863394 15.0003396420457,45.7826029762877 15.0041231867558,45.7812312489436 15.0059196832431,45.7807453684825 15.0083491081591,45.781116743822 15.0106722500228,45.78168585327 15.0122689161392,45.7814592135812 15.01429073118,45.78126723143 15.0168745127819,45.7802165435738 15.0188518537289,45.7791213586944 15.0181955912181,45.7786051601969 15.0219305737371,45.7755471650275 15.0225628584496,45.7740041547927 15.0228480062504,45.771989715152 15.022847743983,45.771032507374 15.023643576881,45.7705894635755 15.0240726521358,45.7697329436093 15.0246636927887,45.7691177136712 15.024867434359,45.7681462443388 15.0257244721098,45.7675602840582 15.0270228345392,45.7653142601329 15.0276417342879,45.7642596345643 15.0276414591317,45.7637024773891 15.0297220417762,45.7612160721536 15.031027926854,45.7605729062701 15.0313540837327,45.7596870517926 15.032455756979,45.7592295545318 15.0330876199034,45.7575578099487 15.0330258104653,45.7562863164033 15.0327598736875,45.7550005743801 15.0342672275497,45.7538906748297 15.0348194019134,45.7521997771541 15.0353077480458,45.7498273845497 15.0352461757465,45.7489990439493 15.0359803736007,45.7484847569852 15.0363676517491,45.7477419359355 15.0373466768117,45.7472560856859 15.0380601282221,45.7461561991954 15.0386310052942,45.7453990919481 15.0386941163968,45.7442955500147 15.0394253897173,45.7432279513893 15.0394435415993,45.7425427435509 15.0393633241551,45.7419568180779 15.0406078272905,45.7419707794253 15.0410972416318,45.741684916264 15.0413619389649,45.7407707984725 15.042585319435,45.7397421412923 15.0432171752065,45.7390706490322 15.0437674562704,45.7382849091388 15.0443788241468,45.7372564651079 15.0446430225828,45.7359708992162 15.0464815917613,45.7326132581162 15.0473776572474,45.7309235027025 15.0487385658828,45.7298852727626 15.0498185256348,45.7286565700795 15.0514109901532,45.7274907939462 15.0518713017339,45.7266345089466 15.0522837059261,45.7252564453312 15.0526908119118,45.7244135881675 15.053954576332,45.7234846663563 15.0543583251101,45.7231932070683 15.0573997150079,45.7218693612826 15.0588661782802,45.7199548122858 15.0596403317029,45.719040385025 15.0598031680974,45.7187546105856 15.0600385650309,45.7180943872742 15.060515507944,45.7173688895369 15.0614729651369,45.716397214315 15.062777617628,45.7159109677908 15.0635519278205,45.7153536476683 15.0647342918774,45.7150102464373 15.0655900838643,45.7144099452988 15.0666500233016,45.7140809013745 15.0671795306621,45.7134807781074 15.068667098609,45.7126801427786 15.0704390931047,45.7109366719288 15.0712135849258,45.7106363750578 15.0720481769919,45.7094361347374 15.0724390563099,45.7094744894411 15.0736569150581,45.7078356057472 15.0755308424635,45.7062919266543 15.0761811171749,45.7046204558627 15.0775254269655,45.7036627823022 15.078869136311,45.7022193749306 15.0813955768781,45.7011037261393 15.0829836131235,45.6990450738998 15.0842850394323,45.697316931747 15.0853686768871,45.6959686580825 15.085892178926,45.6949592158599 15.0877944113719,45.6928750631093 15.0888916305878,45.691859495457 15.0904117143168,45.6912282534203 15.0917062890328,45.6904291771631 15.0941186272019,45.6894972581087 15.0951817637577,45.6895367789755 15.095892949035,45.6894805757898 15.096054035992,45.6893807411274 15.0973544976761,45.6864953772075 15.0976389489338,45.6859524565963 15.0980507782967,45.684912278608 15.0981257741549,45.6840438033905 15.0978560715947,45.6815509183579 15.0977382938321,45.6812948418935 15.0980184464094,45.6799981484926 15.0981438110689,45.6784269635579 15.0979990117897,45.6771011198637 15.0981648281615,45.675764301402 15.0983457801368,45.6751588397064 15.0986435831108,45.6746554959154 15.099671822807,45.673920623603 15.1003097427848,45.6732731875118 15.1004686960163,45.6728002844281 15.1006628037184,45.672178070593 15.1014780638462,45.6714557866253 15.102346453655,45.6706712718421 15.1030449894685,45.6700108084282 15.1039615235699,45.669189165283 15.1054826179305,45.6683511213037 15.1070493338195,45.6669628660445 15.1078778405483,45.6660031515341 15.1083645697811,45.6651123216333 15.1091608694073,45.6643124356472 15.1101856106327,45.6639232706203 15.1107388336225,45.6637857834787 15.1113567704699,45.6634084291863 15.1118767757116,45.6629626913376 15.1125758729278,45.6624939193803 15.1130632784646,45.6619911597216 15.1136157595496,45.6614997609291 15.1142331179666,45.6608598245865 15.1149475555336,45.6599458825351 15.1158731798885,45.658780492569 15.1166206210066,45.6581518387019 15.1170106125498,45.6577975412997 15.1176442595587,45.657191852512 15.1181642054799,45.6567689410108 15.1190581040239,45.6561286916977 15.120066679557,45.6558422136361 15.1211566932727,45.6556013511219 15.1233390265894,45.6551891483816 15.1239589021692,45.6547830190271 15.1247918000416,45.6545668755512 15.12582196242,45.6543197350965 15.1276460056075,45.6533567047323 15.1306213640743,45.651937745727 15.1321661306515,45.6513309304031 15.1341470439566,45.6493079862821 15.1351235132483,45.6482373994328 15.1360800309162,45.6476846743467 15.13694205144,45.6474781253786 15.1380807218257,45.6472940912966 15.1389923274211,45.6474300284766 15.1404097431407,45.6480560997686 15.1414022750249,45.6480206824406 15.1418730037905,45.6475178192135 15.1411715828478,45.6467880340419 15.1416745019412,45.6461823722483 15.1422756290311,45.6457592494785 15.1432683637231,45.6457694365689 15.1431372022673,45.6453472252172 15.1419962230313,45.6445952292478 15.1413118620353,45.6442078951464 15.1399279418974,45.6439128376868 15.1394221073735,45.6433426097813 15.1395664686345,45.6424292052243 15.1391084808702,45.6414365412714 15.1390094202001,45.6408544775128 15.1380641211721,45.6401706798263 15.1380465566611,45.6395999443189 15.1388590655146,45.6391879211668 15.1390701257706,45.6389479519717 15.1387266287895,45.638229232148 15.1374237917177,45.6377170985378 15.1353407928466,45.6375596868655 15.1347059353709,45.6374349120573 15.134003917199,45.6363626100636 15.1327786570345,45.6354231867445 15.1327639268906,45.6348343602305 15.1329908610631,45.6344687684459 15.1330061514222,45.6340463740503 15.1325170882564,45.6336131380192 15.1323044498914,45.6330768203404 15.1311653581426,45.6329649361697 15.131364527822,45.6321330912912 15.1303646333026,45.6311980611042 15.1288645563633,45.6298615464038 15.1276755813126,45.6292692681011 15.1266513612531,45.6295558320417 15.1256264159156,45.6295798192226 15.1250571254961,45.629648920356 15.1239813548897,45.6286682958964 15.1229720667805,45.6283383418035 15.1212457760373,45.6274269562804 15.1197156548873,45.6269491440357 15.1185409588348,45.6267285624847 15.1173654621332,45.6265500814103 15.1169008719569,45.6259552344828 15.1161097946264,45.6253657569082 15.1153355629126,45.6248531017419 15.1146018475991,45.62395203665 15.1136901045641,45.6235305702573 15.1128445463193,45.6237483561635 15.1120466954833,45.6233266741024 15.1113789050891,45.6228479008458 15.1105654044659,45.6228030699807 15.1099470097907,45.6226552858028 15.1091335526245,45.6225647336319 15.1085723470167,45.6220790933567 15.1077175179745,45.6220752234789 15.1076021348139,45.6212190594172 15.1069418356244,45.6206679970903 15.1060923693573,45.6205725079023 15.1054944300801,45.6199621707636 15.104554150193,45.6195696318689 15.1041664485259,45.6191902600344 15.1040513351899,45.6185168461254 15.1034487039972,45.6179808278685 15.1030723247791,45.6167026067686 15.1029414286642,45.6162232079913 15.1023062815101,45.6157671172684 15.1020612032249,45.6151052450451 15.1016859521405,45.6143521558783 15.1011815055164,45.6142612714892 15.100042292609,45.6137599921998 15.0996839740404,45.6134977363246 15.0983503961559,45.6134988921891 15.0976014816175,45.6130543007646 15.097096354113,45.6124839717664 15.0965754934718,45.6121533673743 15.0957623921905,45.6122453841666 15.0951116246983,45.6121203121395 15.0945098435689,45.6120751904015 15.0931262975096,45.6113799513833 15.0924267318942,45.6111978548477 15.0920679956018,45.6105702459473 15.0911236467225,45.6098061509246 15.0887646078163,45.6085806452384 15.0864765252045,45.6077446617674 15.0877862620071,45.6074228746793 15.0882732517604,45.6068174560292 15.0902241254344,45.6063592699039 15.0922887733848,45.6059580075872 15.0944340182039,45.6051684560242 15.0957026940513,45.6051125108174 15.0950736709611,45.6039228348722 15.0945302321842,45.6033757410341 15.0950547017437,45.6024826772188 15.0961053463543,45.601874864628 15.1003741658434,45.6007759236505 15.1013476799765,45.6003097632804 15.101055315792,45.5996119359327 15.1009567472236,45.5988288129345 15.1007127326043,45.5979947078286 15.0988174545386,45.5961742109212 15.0999315951272,45.5953220940832 15.1002215217794,45.5947429804271 15.1001702411335,45.5932958309729 15.0999021216601,45.592580881805 15.0989303675138,45.5916451854917 15.0976193739811,45.5908458253205 15.0976186850337,45.5905223373174 15.0979091830202,45.5901986001031 15.0982473118802,45.5894833054306 15.0974951618125,45.5892795085796 15.0972521809751,45.588990240562 15.0974203339326,45.5881047550214 15.0975892191448,45.5876448879174 15.0975827267211,45.5867085306369 15.0979737951455,45.5857887497383 15.0982802682719,45.585234641121 15.0984324230509,45.5845965305806 15.0983350564988,45.584392352987 15.0980881179111,45.58432273846 15.0978740216013,45.5842734314278 15.0975342284305,45.5840863773912 15.0972673732613,45.5839844741833 15.0969527125264,45.5843252374199 15.0966622797115,45.5845978621298 15.0964200519961,45.5847342111326 15.0959592214591,45.5847345091732 15.0955711354402,45.5846326138002 15.0951094719917,45.5841391722903 15.0948657513315,45.583390176252 15.0944767774579,45.5828286445122 15.0940641887543,45.5826245435086 15.0932395279284,45.5825229988213 15.0917368036385,45.5828645313152 15.0897962957283,45.5824741969634 15.0891165714125,45.5819638054667 15.088751964159,45.581453255482 15.0881684126565,45.5803980259508 15.0884095514595,45.5796486404069 15.0885781370975,45.5789675177275 15.0885290856323,45.5785759492715 15.0880438480268,45.5784229930578 15.0874128879676,45.5780828915125 15.0863699838594,45.5778281327078 15.0842843559116,45.5775058412579 15.0833144558415,45.5774723591437 15.0824415296772,45.5774217920419 15.0817627731778,45.5774903071058 15.0814235666243,45.5776437906433 15.0812784529081,45.5778651624793 15.0812787722681,45.578086520724 15.0809880998134,45.5782228716187 15.0794845669492,45.5780534996232 15.0784218102843,45.5782388794813 15.0790959743902,45.5776280591941 15.0793136604498,45.5772533085068 15.0795798260685,45.5769126272271 15.0800399809269,45.5765718995369 15.0801360810378,45.5759418601603 15.0804992542871,45.5756181153852 15.0811046237436,45.5751410464005 15.0815650012481,45.5749704704725 15.0822424066279,45.5740847303406 15.0821689106575,45.573591045497 15.0821927289251,45.5733185592624 15.0815872157387,45.5736764965315 15.0811263829747,45.5735234933725 15.0810530199694,45.5731149317718 15.0806402342181,45.5726894234066 15.0796454578979,45.5721281761643 15.0788928587824,45.5714815391022 15.0784806090353,45.5713285816329 15.0778260417842,45.5713289394608 15.077534400872,45.5708353098212 15.0773886702732,45.5706991740238 15.0766128402804,45.5706484965073 15.0760794255354,45.5705125283941 15.075957798892,45.570291250564 15.0756420798838,45.569882756163 15.0750118716414,45.5698830817345 15.0746482824158,45.5699854508849 15.0742607627602,45.5702069722477 15.0739454588023,45.5701050457991 15.0736784451801,45.5697986454079 15.0731681191679,45.5689816555111 15.0728524937928,45.5686242637426 15.0726581555736,45.5683349113381 15.072342821209,45.5681988767918 15.0718338052639,45.568182101181 15.0713734320344,45.568335541272 15.0711797690869,45.568574027785 15.0708648005273,45.5686252441166 15.0706463015868,45.568472047962 15.0703057169893,45.5675016984607 15.0702082910498,45.5671442547805 15.0698229462132,45.5667411858401 15.0700150674969,45.5667058847825 15.0697970644507,45.5665314505896 15.069578945111,45.5662617237285 15.0693863740775,45.5659307022903 15.0691940604979,45.5658075418038 15.0691039922166,45.5654872557283 15.0690141188828,45.5653253400884 15.0687575375825,45.5650240506853 15.068821440102,45.5649007350513 15.0688468149469,45.5646990671265 15.0687954706608,45.5646154135627 15.0686030928768,45.5644347527426 15.0687567207797,45.5643544852304 15.0688718697584,45.5642356378646 15.0689485375086,45.5640763211105 15.0689481412463,45.5637523813233 15.0689992536485,45.5636470699501 15.0690760194875,45.5635687380468 15.0691015418636,45.5634886374325 15.0689347696702,45.5632934743241 15.0688449058229,45.5631360576507 15.0687422883011,45.5630245400887 15.069088148148,45.5630126336059 15.0695750105688,45.5630744266369 15.0699977616943,45.5630867660498 15.0701770939752,45.5630785575221 15.0705100761435,45.563012664632 15.0706509088628,45.5629495892701 15.0708300743937,45.5628091042853 15.0709066769429,45.5626038947031 15.0709192266098,45.5623969251777 15.0707524536196,45.5622035643532 15.0705473420964,45.5620822136576 15.0703805488434,45.5618708556175 15.0700085925802,45.5614931539939 15.06962404275,45.5612864272391 15.0692523607262,45.561124683075 15.0688935949966,45.5610484141256 15.0686373625287,45.5610170741819 15.0679200430742,45.5611434796622 15.0677150928332,45.5611481005025 15.0675484908776,45.5610852107673 15.0673818032446,45.5609503341294 15.0671639421232,45.5608694773771 15.0668948643932,45.5608066468893 15.0665745860143,45.5607754297873 15.0663696317012,45.5607755490468 15.0662415616899,45.5607981192296 15.0660751997283,45.5609376898286 15.0659600915898,45.5610907281071 15.0654861059482,45.5610685049575 15.0648968902966,45.5610958362228 15.0647944435837,45.5611228893918 15.0645383778822,45.5612355135744 15.0640388589794,45.561289784718 15.063731480643,45.5613394474755 15.0633985126569,45.5614162086075 15.0631423974731,45.5614883371622 15.0629119866449,45.5616369368593 15.0627711385131,45.5616910043658 15.0624124875197,45.5617136967203 15.0617080536362,45.5618130611251 15.0613364104079,45.561669287875 15.0611698481945,45.5616378830036 15.0609264466094,45.5616245155717 15.060695908265,45.5616606316444 15.0604654564953,45.5617777322431 15.0603246971458,45.5619172808889 15.0601965373531,45.5619804268378 15.0598635415491,45.5620390910148 15.0596074094893,45.562102213308 15.0594281556018,45.562183291732 15.0591721546427,45.5623723896915 15.0590185193252,45.562453454196 15.0586726579417,45.5624626306932 15.0584933642116,45.5625077143207 15.0583269454233,45.5626157794464 15.0581862437078,45.5628183137578 15.0580710732259,45.5629353507256 15.0576996989835,45.5630525172683 15.0575973142164,45.5631470514569 15.0575333872815,45.5632685611951 15.0575079918738,45.5634891231702 15.057418407111,45.5635746524122 15.0573159614483,45.5636106971965 15.0571494276636,45.5636107806303 15.0570213475096,45.5636333404699 15.0569317390569,45.563696373504 15.0569062319951,45.5638088653916 15.0569063682673,45.5639438403351 15.0568552221049,45.5640383483079 15.0567528024202,45.5641013875725 15.0565222332172,45.5641194985544 15.0563556619389,45.5640835875147 15.0562531203746,45.5640251488853 15.0555224408778,45.5635305979719 15.0551763873268,45.5633507989452 15.0550866541401,45.5632878539065 15.0549968860347,45.5631889154729 15.0549199021154,45.5630629758156 15.0548173332674,45.5629730417259 15.0547276272933,45.5629370913947 15.0545482766447,45.5629281788406 15.0540743361177,45.5629643975082 15.0537157979225,45.5631176283466 15.05354935962,45.5632166881746 15.0534085070772,45.5632797424593 15.0532548014795,45.5632978108874 15.0530369515219,45.5632169272217 15.0528831362255,45.5631180168434 15.0527934312528,45.5630820649938 15.052818874524,45.5628930881874 15.0527290521035,45.5627311596392 15.0525623340668,45.5626682481195 15.0522805040053,45.5626593791114 15.0519858224632,45.5626055235768 15.0517551339071,45.5624886499537 15.051614182299,45.5624437220438 15.0514603469638,45.5623178147359 15.05139619031,45.5622008652425 15.0513064222222,45.5620929255533 15.0511397459586,45.5619310302239 15.050921823028,45.5617601591645 15.0506656175014,45.5617512747457 15.0503710306965,45.5617963967069 15.0499483365403,45.561832575656 15.0495641032582,45.5619048196924 15.0492695462274,45.5619859321474 15.0490646579423,45.5620670053639 15.048629174253,45.5621301799331 15.0479374825155,45.5621844623058 15.0476814125352,45.5623375411972 15.047169117802,45.5624637305864 15.0470026474062,45.562535785892 15.0468490390022,45.5626708240323 15.0467339124174,45.5628688345763 15.0465418869305,45.5630219746598 15.0461448456505,45.5631121190849 15.0457861971546,45.5631572550713 15.0453762710609,45.5631574186352 15.0447484650525,45.563184661289 15.0440951450122,45.5631849153383 15.043787714265,45.563203030263 15.0431602142899,45.5634643107613 15.0430065186251,45.5635003620652 15.0426478447134,45.5635184932012 15.0423916663227,45.5635545818914 15.0420714966041,45.5636716786018 15.0418793352991,45.5636627508758 15.0416999444159,45.5635998281591 15.0412260096929,45.5636629885184 15.0411235272441,45.5636630254567 15.0410594167195,45.5635820635076 15.04111059224,45.5634920617565 15.0412130283223,45.5634290365036 15.041494840637,45.563410937817 15.0417253918084,45.5633658621656 15.0420583774362,45.5632577600363 15.0421992291576,45.5631767230762 15.0423527621877,45.5629247128674 15.0423782877503,45.5627987267018 15.042493354877,45.5625017388696 15.0425829232033,45.562366730472 15.042736575115,45.5622766897279 15.0428517760345,45.5621595782122 15.0430054338172,45.5620785354379 15.0431462605678,45.5619705022916 15.0434535599403,45.561790419069 15.0439786386555,45.5616282480563 15.0441194976302,45.5615652053779 15.0442475182219,45.5614661741472 15.0443882631188,45.5612591577705 15.0446955689142,45.5610970678587 15.0448236017412,45.5610160326467 15.0449388101675,45.5609170056582 15.0453483507885,45.5604579285224 15.0455019152899,45.5602715118452 15.0457961953923,45.5598538712696 15.0458723974228,45.5590493890047 15.0458463859381,45.5585661884772 15.0458587968907,45.5580766736447 15.045909870357,45.557876889907 15.0458713796876,45.5577986197799 15.045743298722,45.5578094691514 15.04560244949,45.5578707142012 15.0453721404294,45.558184848089 15.0452314544627,45.5584512548285 15.0450265193054,45.5584648333022 15.0446037455868,45.5583732160624 15.044206549847,45.5582285871213 15.0436811046411,45.5578760541914 15.0433223353507,45.5577232189707 15.042950709725,45.5575055993762 15.0425020167472,45.5570000602332 15.0423863344193,45.5564638018317 15.0422836052375,45.5561174035793 15.0422962666666,45.5559212349388 15.0425264709651,45.5554577346018 15.0425391042463,45.5552255725312 15.0424877187992,45.5550240286617 15.0418338463572,45.5541523299921 15.0417953165338,45.5540101701726 15.0418591533481,45.5537356971276 15.0418077295927,45.553477373322 15.0419227666873,45.5531614890515 15.0418842887861,45.5530886165223 15.0416279546736,45.5528502539097 15.04161503459,45.5526981864748 15.0416658196927,45.5520943785294 15.0417169718483,45.5519881792981 15.0414220481289,45.551514973239 15.0413067077074,45.551416033113 15.0408967201144,45.5512137176628 15.0407429120597,45.5512272701544 15.0402176000432,45.5509395989496 15.0400893019872,45.5506247016294 15.04035788585,45.5501071116374 15.0403703967524,45.5496931828334 15.0396140679808,45.5486856315987 15.039549916716,45.5485191841999 15.0393062789506,45.5480783487154 15.0389851416366,45.5472336927525 15.0384836952864,45.5469451053897 15.0382531813213,45.5467610763476 15.037453569383,45.5462187401092 15.0371778262592,45.5459903617677 15.0370558666092,45.5459238135128 15.0366879151115,45.5458821798757 15.0364146297099,45.5458828072196 15.0362655423036,45.5458479410003 15.036125531267,45.5457876963336 15.036039660476,45.5456798330878 15.0359174110608,45.5453562004704 15.0357454379801,45.5451754772899 15.0355650439002,45.5450421778445 15.0353978668226,45.5449501765072 15.0352487705877,45.5448962324261 15.0350907260351,45.5448673963351 15.0349191234072,45.5448646594264 15.034783649245,45.5448869267169 15.0344541012109,45.5450171429298 15.0337904682693,45.545407600187 15.0336278414086,45.5454267247061 15.0334653161238,45.5454013970495 15.0333206727116,45.5452966983822 15.0332348088268,45.5451901827712 15.0330992504682,45.5450714437286 15.0329649185377,45.5448590311991 15.0329904200806,45.5446700581875 15.0331212189649,45.5441004238421 15.0330760157882,45.5438846561348 15.0328745472698,45.5436082844914 15.0326824036398,45.5435093575972 15.0320034085456,45.5432216021117 15.0315167229176,45.5430957602872 15.0311965471894,45.5430328596046 15.0307028777985,45.5430096875846 15.0304419030315,45.5430165961878 15.0297367395466,45.5430962375079 15.0280464269502,45.5431597435645 15.0277519279783,45.5432228040564 15.0275598913679,45.5433218325809 15.02759791762,45.5427848008596 15.0278068591811,45.5421734010765 15.028913747161,45.5411483020104 15.0289945796248,45.5407116805939 15.0288171220347,45.5402515488027 15.0282918392826,45.5399523942638 15.0282916351015,45.5398005917787 15.0287236647698,45.5395347620289 15.0289666627553,45.5392120190213 15.0289932015454,45.5385286757981 15.0288306199657,45.5375985549364 15.028614289342,45.5372189678502 15.0288031839049,45.5370290546371 15.0292624825623,45.5370480144634 15.0294784310039,45.5369341294778 15.0295053585782,45.5367632433506 15.0294782425626,45.5365734745786 15.0298833057448,45.5364595398602 15.030261381135,45.5364024806017 15.0308287487882,45.5366682309418 15.0311800722855,45.5368580013418 15.0315581808931,45.5368578975115 15.0319633591978,45.5367249688159 15.0323140393907,45.5362313991396 15.0326110794098,45.535984579204 15.0333130166196,45.535585838478 15.0339069733037,45.5351301657706 15.0343388252511,45.5346745387822 15.03468951825,45.5340480555422 15.0350462980983,45.5335455669949 15.0348996970277,45.5333363994914 15.0343900766767,45.5330539148528 15.034114163941,45.5328415457613 15.0339541214042,45.5324140802446 15.033667044192,45.5321506025451 15.0333698130202,45.5318157698879 15.0330495549825,45.5317251592734 15.0328684676362,45.5316356775908 15.0327563827378,45.5315351978243 15.0325911880266,45.5314731562161 15.0322378495285,45.5312915790762 15.03218030288,45.5311839746093 15.0318396806082,45.5310701504922 15.0315600724822,45.5310833657271 15.0304133646639,45.5306990857537 15.0299693304808,45.5306383740166 15.0296864448434,45.5302589859056 15.0296117268249,45.5301100819882 15.0295315234024,45.5297534966446 15.0293366654111,45.5295028517573 15.0289612798062,45.5292246273843 15.0287729849603,45.5290319294745 15.0284887867479,45.5288101904076 15.0281524209938,45.5287163306119 15.0278842124857,45.5287188259614 15.0276651355919,45.5289223328141 15.0275993357765,45.5289317970394 15.0273080240779,45.5288148879881 15.0268481312442,45.5284811567418 15.0267151869825,45.5283624991446 15.0262273143917,45.527860681971 15.0261196902564,45.5276752497886 15.0258463478859,45.5273591984668 15.025626338048,45.5272042957254 15.0253007685707,45.5268878948407 15.0251992590059,45.5269102332918 15.0247823793086,45.5268015339263 15.0244122692273,45.5267876661118 15.0237350806231,45.5265637488411 15.024058857951,45.5263047973344 15.0240126044614,45.5262133833882 15.0240774372148,45.5260436600355 15.0239233354982,45.5258161230266 15.0225370238734,45.5257816711421 15.0214347900119,45.5254268066343 15.0210145789348,45.526292710197 15.0147889922845,45.5250888907965 15.0148814851477,45.5248524009491 15.0149571137874,45.5247459400489 15.014948616269,45.5245626438333 15.0151167748314,45.5243675364709 15.0151083937854,45.524142847614 15.015234432691,45.5239418066848 15.0154783442329,45.5236461765401 15.015881938433,45.5230902900899 15.0159071149562,45.5229425328808 15.0159828386532,45.5227355591354 15.0162686906791,45.5223098045052 15.0166198469972,45.5219669149128 15.0172844695612,45.5215579289573 15.0173674633175,45.5212877843659 15.017928143261,45.5209154338684 15.0188387055438,45.5195467202088 15.0205566677085,45.5175326707495 15.0214524512066,45.515308459243 15.0221691983797,45.5139650394593 15.0228467348981,45.5119581695248 15.0231664832629,45.5114316977566 15.023972470697,45.5106891620062 15.0245226465272,45.5103426061121 15.0254571023881,45.5104727887718 15.0259692118498,45.5108641046897 15.0261349174975,45.5094108222222 15.0260196629816,45.5092533761774 15.0258019887128,45.509014967405 15.0255714108243,45.508821553203 15.0252386302156,45.5087406414225 15.0248418119545,45.5085472623471 15.0236127961154,45.5075262020697 15.0222171596785,45.5060687372952 15.0206040773261,45.5043413416844 15.0194262880956,45.5033201363746 15.0187478852524,45.5027713454844 15.0178264923997,45.5026275180968 15.0178904604461,45.5025825159414 15.0178264384429,45.5024565479151 15.0176088123334,45.5021776302959 15.0172760313576,45.5019302242344 15.0164824211162,45.5015479081276 15.0162264541694,45.5013994706341 15.0158936699072,45.501102569129 15.01565031563,45.5002792460197 15.0149716541337,45.4989610661577 15.0149844044138,45.4987900941856 15.0152658113511,45.4984346186527 15.0154960342648,45.4980836485783 15.0156495594859,45.4980116401432 15.0158287028436,45.4980386107747 15.0165326697178,45.4983488671827 15.0170938098471,45.4985400913724 15.0173682960609,45.4986116775289 15.0176449407067,45.4986272024277 15.0177888877329,45.4986178217271 15.0179216956756,45.498586666375 15.0180809747965,45.4985072750569 15.0182934600843,45.4983577771783 15.0183996312222,45.4982612068891 15.018474292914,45.4980659287343 15.0183924158905,45.4977150028485 15.0182429616684,45.4973046080109 15.0181780971245,45.496929923325 15.0181976675758,45.4965135623779 15.0183233434368,45.4962060655643 15.0184641562419,45.4960218447983 15.0179873403082,45.4961863223969 15.0174903951659,45.4966406408568 15.0172305508785,45.4967202265598 15.0170430255861,45.4964657787958 15.0170677582486,45.4961686465843 15.0166947880663,45.495749104377 15.0168515626274,45.4954442141404 15.016943230552,45.4952073615746 15.0175643247721,45.4949104091311 15.0178624921729,45.4946657852055 15.0178623816823,45.4943162856658 15.0172407996552,45.4934073582798 15.0173632865547,45.492720308371 15.0168659846156,45.4929625537333 15.0165077311349,45.4931370632758 15.0162043502529,45.4933668566002 15.0158240202693,45.4936549305902 15.0153649953293,45.4942693170703 15.0152356160654,45.4945629845582 15.0150606687618,45.4949600781301 15.0149328626359,45.4954084010478 15.0148585706207,45.4956690018962 15.014717608872,45.4959697139835 15.0145455237918,45.4963368165232 15.0141564940981,45.4966717886064 15.0138644600329,45.496923239593 15.0132432157659,45.4971413668034 15.0122490651089,45.4974904159082 15.0117727330826,45.4975798388367 15.0112428805971,45.497679306619 15.0106782653268,45.497681605864 15.0102471480441,45.4976833595948 15.0071886512507,45.4974737494192 15.0061334215957,45.4974225895237 15.0051717203365,45.4973759555228 15.0036434432649,45.4971282859305 15.002698631332,45.4969751602377 15.0022659830696,45.4968630995672 15.0009023086353,45.4965098792068 14.9991110032769,45.4961898947547 14.9973930125523,45.4963163865458 14.9966521757599,45.4963928539832 14.9965291004343,45.4963961654291 14.9964383701496,45.496398606519 14.9963315815285,45.4963880310222 14.9961756895537,45.4963725925329 14.9959278491794,45.4963779830311 14.9956768106369,45.4963750043206 14.995460892943,45.4963721375959 14.9954592951262,45.4963721163804 14.9953129195879,45.4963750799536 14.995137115688,45.4963750726047 14.9949810177541,45.4963570689712 14.9948233839135,45.4963456339166 14.9945848844241,45.4963456228594 14.994254389223,45.4963396677432 14.9941051619297,45.496332487734 14.9939641993051,45.4963257051952 14.9937552590907,45.4963015781423 14.9930520444082,45.4963015375345 14.9929207107294,45.4962844923466 14.9925533027852,45.4962368073196 14.9923978056667,45.4962144673933 14.9920764422813,45.4961682971011 14.9915823019738,45.4961517046247 14.9910508035673,45.496116300348 14.9909472764089,45.4962144651833 14.9909472764089,45.4962144651833 14.9909472764089,45.4962144651833 14.9905930781851,45.4962159779909 14.9896446156929,45.4962200235381 14.9887580362425,45.4962868881272 14.9885086023061,45.4963391730091 14.9869159752084,45.4966729950457 14.9861883923368,45.4969350864408 14.9852058752449,45.4972889995305 14.9844404727182,45.4975797659008 14.9833934815119,45.4979774909351 14.981938844614,45.4982909477323 14.9818891495887,45.4983016560249 14.9818180359518,45.4983318627828 14.980910154849,45.4987174943765 14.9794354991976,45.4993263425939 14.9785779735165,45.4998879573393 14.9783453237639,45.5000496072003 14.9770996376788,45.5009151117819 14.9768834574082,45.501078192463 14.975794528306,45.5018996311773 14.9747139952487,45.502788262154 14.9742084910446,45.5032369792974 14.9740037554765,45.5034187127151 14.9740646233011,45.5034567832193 14.97411083265,45.5034856853495 14.97411083265,45.5034856853495 14.97411083265,45.5034856853495 14.9735243434817,45.5038948762202 14.9732344839621,45.5040971065987 14.9726539200089,45.5045709163063 14.9717765634201,45.5053414181982 14.9710060336738,45.5061240882862 14.9699985283022,45.5075275823097 14.9694554129501,45.5084490568036 14.9691326425695,45.5089289747177 14.9690956305961,45.5089840061647 14.9689174656511,45.5091596310452 14.9684943105159,45.5095767478209 14.9674809087599,45.5101139394218 14.9663404354353,45.510378342546 14.9659228768108,45.5104225477354 14.9655097774935,45.5104662792661 14.9651229553582,45.5104747471686 14.9645894436995,45.5104864240903 14.9638315854978,45.5106025361987 14.9635492274751,45.5106919658837 14.9631064136139,45.5108322138742 14.9621755400983,45.511291638591 14.9617311123936,45.51157854007 14.9613113273728,45.5117574671573 14.9608687064649,45.5120175324316 14.9607678079494,45.5120768155431 14.960590395098,45.5121935823809 14.9601780306318,45.5124649830865 14.9588698094522,45.5134357184308 14.9582324478723,45.5139222113496 14.9577652956365,45.514226365735 14.9575109976447,45.5143919323777 14.9560981224043,45.5153535082826 14.955831887425,45.5155665820538 14.9554781148816,45.5158497106211 14.9548763490634,45.5164094455276 14.9541920552705,45.5170750554088 14.9541891834228,45.5170766398926 14.9534725110351,45.5174720443041 14.95274559144,45.5179518109312 14.9524263163666,45.5180836161733 14.9523477588943,45.5181160465556 14.9514931418084,45.5185199852415 14.9509392288709,45.5188119815826 14.9508255680499,45.5188718974098 14.9507179723708,45.5189236675579 14.9498814103025,45.5193261764697 14.9488382991973,45.519771045074 14.9478746858267,45.520190564925 14.9472800402793,45.5206714366333 14.9472692156533,45.520680528338 14.9472089413825,45.5207311531898 14.9471355357044,45.5207935681546 14.946393029723,45.5215438687901 14.9460225391586,45.5218835762721 14.9457168100148,45.5221638991876 14.9455195959478,45.5223257579213 14.9449419920376,45.5227998052011 14.9441656996117,45.5232934095499 14.9440648246389,45.523357549722 14.94292086271,45.5239137147107 14.9422017831326,45.5242361919627 14.941938166779,45.5243544108596 14.94072767641,45.5247995069371 14.9404061423235,45.5249177313508 14.9397909033331,45.5251561361653 14.9393960617441,45.5253236257146 14.9393135712268,45.5253586174227 14.9387566338452,45.5256565269948 14.9385675617448,45.5257541807054 14.9384713798113,45.5258038573913 14.9382097890678,45.5258653789839 14.9377827251104,45.5259658154209 14.9370574832453,45.5262157534317 14.9368642858976,45.5263419061387 14.9366744285676,45.5264658770326 14.9365717304772,45.5265343651771 14.9363214716399,45.5267012587556 14.935441858509,45.5272550660108 14.9353850028433,45.5273276498327 14.9353742929709,45.5273413223856 14.9353742929709,45.5273413223856 14.9353742929709,45.5273413223856 14.9351412354993,45.5275048710454 14.9351020085411,45.5275286613454 14.934801485778,45.5277109207715 14.934073514978,45.5281025629614 14.9336417738655,45.5283348312874 14.9334085402227,45.5284671999851 14.932520684885,45.5289710805769 14.9324272834619,45.5290309546377 14.9323487428228,45.5290823789376 14.9321309927668,45.5291724136327 14.9318950514304,45.5292177389192 14.9318825670915,45.5292201371957 14.9318825670915,45.5292201371957 14.9318825670915,45.5292201371957 14.9316887109753,45.5292419775035 14.9314887041617,45.5292682230041 14.9311309853444,45.529282135373 14.9309270089959,45.5292659426242 14.9308214509501,45.5292575627074 14.9306299488685,45.5292102629718 14.9297491874308,45.5289927156184 14.9283664623451,45.528537168275 14.9274430822188,45.5282974082959 14.9270231766776,45.5282288870283 14.9262135575918,45.5280967664728 14.9242894222169,45.5279712396361 14.9240013605886,45.527970737199 14.9231231440807,45.5279692009306 14.9228895494686,45.5279764573378 14.9226156430599,45.5279849653838 14.9223107341289,45.5279561435408 14.9218316873789,45.5278553047113 14.9212488129919,45.5276654882337 14.9208436134915,45.5274026178323 14.9207524142927,45.5273434524394 14.9206372751275,45.5272176656712 14.9205113383292,45.5270800819712 14.9203887029841,45.5268930099734 14.9203736062986,45.5268720275768 14.9202725611953,45.52673158779 14.9201797722971,45.5265328384722 14.920126344907,45.5263999628508 14.9200874119351,45.5263031348981 14.9199519149694,45.5259799077063 14.9198945444445,45.5257163840649 14.9198768739551,45.5256352165921 14.9198540993442,45.5254819301426 14.9198262790014,45.5252946818294 14.919800935901,45.5251116366784 14.9197938810828,45.5249412920961 14.91977525324,45.5247614423653 14.9197678669862,45.5246901285968 14.9197802003971,45.5242088130279 14.9197781061716,45.5238809099642 14.9197718867594,45.5238310377158 14.9197398821582,45.5235743976894 14.9196433085755,45.5231616632523 14.919546840299,45.5227658457681 14.9194283856639,45.522582977401 14.9194119587657,45.5225576177152 14.9192745811589,45.5224196479431 14.9185453085098,45.521687217664 14.918449822181,45.5216122950727 14.9181614657422,45.5213860367816 14.917942271061,45.5212419051117 14.9177232776398,45.5211361063542 14.9173523970416,45.5209924040967 14.917002071324,45.5208867294774 14.9167935143418,45.5208238182398 14.9159586350133,45.5206687944808 14.9157706040094,45.520641545771 14.9156852744505,45.5206291800379 14.9155365650544,45.5206072040606 14.9152269329827,45.520513391311 14.9150322620205,45.5204118346776 14.9149013934694,45.5203067782253 14.9148737278464,45.5202845692127 14.9146054443316,45.5200213456422 14.914276265867,45.5197369294986 14.9141168814657,45.5194723910333 14.9134279706228,45.5183289391983 14.9134279706228,45.5183289391983 14.9134279706228,45.5183289391983 14.9133970383014,45.5180001881809 14.9133506399683,45.5175070560649 14.9134262213481,45.5164647377462 14.9134296668728,45.5164145422661 14.91343486209,45.5163388565485 14.9128419141105,45.51713170539</coordinates></LinearRing></outerBoundaryIs></Polygon></MultiGeometry>
  </Placemark>
</Folder>
</Document></kml>
