{"type":"FeatureCollection","features":[{"type":"Feature","geometry":{"type":"Polygon","coordinates":[[[14.2355295589952,46.4330513330461],[14.235578077527,46.4330526470349],[14.2356239146861,46.4330409874036],[14.2356967909741,46.4330219509859],[14.2358485354408,46.4330113588935],[14.2359767111083,46.4329739780299],[14.2360221093768,46.4329750910446],[14.2361123961366,46.4329672369767],[14.2361609950537,46.4329627931761],[14.2364473303603,46.4327629026089],[14.2367124921346,46.4325975084485],[14.2367665229936,46.4325208547426],[14.2371804518293,46.4322222170109],[14.2373481046336,46.432423608374],[14.2376095492458,46.4324778040888],[14.2381530353612,46.4328077470721],[14.2381915459629,46.4328169888096],[14.2383119075085,46.432845872955],[14.2384171138701,46.4329065835933],[14.2384326629003,46.4329518037897],[14.2384510048929,46.4330051464727],[14.2385557108396,46.4330270765876],[14.2386316952096,46.4330650999621],[14.2386341983426,46.4330644867908],[14.2387711451838,46.4330309399752],[14.2387997377715,46.4330241126339],[14.2388269562696,46.4330412081547],[14.2389183176215,46.4330215729564],[14.2389442788511,46.4330355111328],[14.238970534687,46.4330489189372],[14.2389714123694,46.4330493671343],[14.2389718052597,46.4330488575087],[14.2389863869589,46.4330299432966],[14.2390218409457,46.4329882532056],[14.2390989898225,46.4329613256921],[14.2391529027525,46.4329957830083],[14.2391783235447,46.4330111570558],[14.2392065582813,46.4330019880126],[14.239350563028,46.4329584107715],[14.2394497932677,46.4329717564992],[14.2395171769271,46.4330107117569],[14.2395932006095,46.4331114438292],[14.2396027001204,46.4331394876554],[14.2396409711193,46.4331478394119],[14.2397032919446,46.4331485236567],[14.2398032946141,46.4331999315125],[14.2397627741343,46.4332410483442],[14.2397581157237,46.4332461956154],[14.2397458580556,46.4332597396163],[14.2397769353365,46.4332613857263],[14.2398125628644,46.4332633319843],[14.2398327419375,46.4332612175091],[14.2398868430451,46.4332555484767],[14.2398936190551,46.4332720332599],[14.239899933398,46.433287394883],[14.2399522726785,46.4332824539382],[14.2399960928063,46.4332783172013],[14.2400922384948,46.4332795858949],[14.2401660098503,46.4333177734824],[14.2402399288569,46.4333335597943],[14.2403751529599,46.4333624384158],[14.2404221194083,46.433372467127],[14.2404670991605,46.4333850017836],[14.2405341159264,46.4334036207879],[14.2407085601954,46.4334339625378],[14.2407863426272,46.4334474914332],[14.2409074769072,46.4334484754795],[14.2409379266653,46.4334672114033],[14.2410728133461,46.4335273968241],[14.2410879645253,46.433534255962],[14.2410998400166,46.4335396321504],[14.2411304042915,46.4335313777914],[14.2411654414882,46.4335217667423],[14.2411998963758,46.4335123154124],[14.2414022902747,46.4334808190881],[14.2414344380223,46.4334615988149],[14.2415380582362,46.4334573849212],[14.2415561751848,46.4334566481547],[14.2415724559173,46.4334514415194],[14.24166779856,46.433420950541],[14.241799201595,46.4334122629852],[14.2418174512629,46.4334110564178],[14.241866032676,46.4334078696565],[14.2419024057453,46.4334036878922],[14.2419141260594,46.4334023404202],[14.2419305479448,46.4334004699372],[14.2419457460828,46.433408498369],[14.241961422054,46.4334167792121],[14.2421005299955,46.4334259784271],[14.2421929513517,46.4334518724443],[14.2423480947103,46.4334589283642],[14.2423803457179,46.4334604016026],[14.2423941621031,46.4334564738417],[14.2424106545164,46.433451785329],[14.2424558574669,46.4334388591798],[14.2425960628164,46.4334252126886],[14.2425973405397,46.4334081268562],[14.2426173248544,46.4333933241921],[14.2426331764044,46.4333950486298],[14.2426767060007,46.4334183692097],[14.2428015669691,46.4334133479401],[14.2429004942912,46.4333735164128],[14.242952822085,46.4333816902079],[14.2429787016215,46.4334110117909],[14.2429943482368,46.4334292664122],[14.2429952210816,46.433430284744],[14.2429989977527,46.4334290556295],[14.2430250242574,46.4334205853211],[14.2431212345558,46.433389012856],[14.2431536966133,46.4333846392249],[14.2431817762465,46.4333809176213],[14.2431980279725,46.4333787636551],[14.2432015408318,46.4333782980686],[14.2432477121959,46.433389399997],[14.2432601621065,46.4333924513883],[14.2433661470303,46.4334349886814],[14.2433672786003,46.433438271657],[14.2433761552982,46.433464025227],[14.2434836531451,46.4334791883702],[14.2436431747464,46.4335016895392],[14.2436598942815,46.4335159254008],[14.2436669716269,46.4335310871615],[14.2436739549605,46.4335461787832],[14.2436768268753,46.433552385251],[14.2436835062084,46.433549541253],[14.2437047081429,46.4335405136616],[14.2437361273922,46.4335268660624],[14.2437659157032,46.4335370497112],[14.2438839817566,46.4336093564992],[14.2439218803053,46.4336258916261],[14.2439254058828,46.4336526077963],[14.2439258849374,46.4336562379803],[14.2439334845745,46.433656097203],[14.2440404261938,46.4336541161404],[14.2441524187604,46.433742217216],[14.2442100756184,46.4337508755056],[14.2442422258128,46.433782682638],[14.2442455062084,46.4337859280271],[14.2442731892781,46.4337978070602],[14.2443144549174,46.4338155339161],[14.2443313943659,46.4338062835747],[14.2443528722692,46.433794554853],[14.2443665112308,46.4337869075544],[14.2444955934637,46.4337904759463],[14.2445760665653,46.4337927004974],[14.2446174077684,46.4337787485903],[14.2446558162047,46.4337657864189],[14.2447951043583,46.4337337773016],[14.2448535631313,46.4337409110728],[14.244901239727,46.4337467140438],[14.2449500877188,46.4337430778827],[14.2450359295071,46.4337367169126],[14.2451985459617,46.4337586633414],[14.2453627972159,46.4338601537726],[14.2453714552303,46.4338707840767],[14.2453919718807,46.4338959743867],[14.2454836372744,46.4339202412933],[14.2455046169829,46.4339181304578],[14.2455363963228,46.4339149229904],[14.2455364124533,46.4339149213624],[14.245560051826,46.4338992425988],[14.2455793588762,46.4338863243199],[14.2457005449535,46.4338930617072],[14.2457144807941,46.4339016107991],[14.2457540362383,46.4339490159418],[14.2457545151189,46.4340369197499],[14.2457574792454,46.434039008608],[14.2457911094485,46.4340631624094],[14.2458401918397,46.434061416783],[14.2458651890618,46.4340605019841],[14.2460679161202,46.4341602069451],[14.2460819437968,46.4341671059923],[14.2460995981271,46.4341696273856],[14.2462523367157,46.4341914414036],[14.2465332077536,46.4342985572061],[14.2466664413681,46.4343493681294],[14.2467343335825,46.4343583593519],[14.2467572357392,46.4343613923613],[14.2468049044111,46.4343678242751],[14.246852549546,46.434375965443],[14.2470623367697,46.4344123451382],[14.2471552292833,46.4344137664133],[14.2472073294672,46.4344196875118],[14.2472471033611,46.4344513488295],[14.2474096178275,46.4345092794179],[14.2475209674764,46.4345217082196],[14.2476036334712,46.4345665173269],[14.2476334345706,46.4346042308538],[14.2476561919,46.4346337107697],[14.2477050530249,46.4346386206633],[14.2477627535001,46.434644218468],[14.2480681299685,46.4346469464779],[14.2481003979364,46.4346472486044],[14.248130958087,46.4346392622588],[14.2482172851033,46.4346166175305],[14.2483112309383,46.4345829956338],[14.2483315806838,46.4345757127295],[14.2483564507036,46.4345840634545],[14.2483870624645,46.434551944193],[14.2484285412588,46.434508422668],[14.2484696400138,46.4344721649554],[14.2484893013386,46.4344713044879],[14.2485003069001,46.4344753354859],[14.2485291808605,46.4344858717629],[14.2485615432707,46.4344982303529],[14.2486017427028,46.4345179279915],[14.2487205269447,46.4345764690852],[14.2488090112706,46.4345956741074],[14.2489663600152,46.4346792999538],[14.2489915488532,46.434692870891],[14.2489903265857,46.4347155352905],[14.2489899288726,46.4347204425048],[14.248986566036,46.4347619350863],[14.2490489764677,46.4347846574609],[14.2491416082028,46.4348353715449],[14.24916341103,46.4348473081468],[14.2492107822706,46.434865973016],[14.2492388672171,46.4348771337225],[14.2492715170385,46.4348780678148],[14.2493818240482,46.4348812210547],[14.2495072138527,46.4349421439003],[14.2494964318213,46.4349786909096],[14.2495277575926,46.4350192030129],[14.2495874916228,46.4350378588819],[14.2496370048085,46.4350616659149],[14.2496876125527,46.4350910582438],[14.2497241435706,46.4351126207861],[14.2497679064727,46.4351287425927],[14.2497881482394,46.4351330139961],[14.2498451675079,46.4351314086855],[14.2498900239885,46.4351342220678],[14.2499156529988,46.4351441968897],[14.249945276724,46.4351665237867],[14.2499453616871,46.4351793000749],[14.2499968527167,46.4351538163981],[14.2500997195596,46.4351491827368],[14.25015535237,46.4351727597624],[14.2501918762249,46.4351948619275],[14.2502744461698,46.4352374192188],[14.2502558627368,46.4353209694293],[14.2502955552479,46.4353397634462],[14.2503381560624,46.4353552476261],[14.2503710065115,46.4353890217448],[14.2504191414901,46.4353995038535],[14.2504354785136,46.4354418068299],[14.2504870305753,46.4354593289609],[14.2504886703274,46.4354631184446],[14.2504904938457,46.4354724872684],[14.2504503681448,46.4355232372371],[14.2503575721327,46.4355226290022],[14.2503354722588,46.4355224841367],[14.2503509398407,46.4355332919495],[14.2503953791292,46.4355570653921],[14.2503997944675,46.4355588069926],[14.2504712261003,46.4355869826814],[14.2505267898325,46.4356061505449],[14.2505602362621,46.4356344403477],[14.2506614521938,46.4357787855619],[14.2506810178207,46.4358039253991],[14.2506963622383,46.4358237293502],[14.2508481981966,46.4359302587963],[14.2510198361395,46.4359357023025],[14.2510913103596,46.4359379690347],[14.2511828319828,46.4359632376448],[14.251373023323,46.4360157481054],[14.2519527162863,46.4360288082408],[14.2522084458412,46.4362177080805],[14.2523969524671,46.436269413646],[14.2526413865071,46.4363518942287],[14.2531283338085,46.4365528292425],[14.2535091202571,46.4367614364735],[14.2536349325523,46.4368397217175],[14.2539916956351,46.4369685471786],[14.2542690235693,46.4371108888809],[14.2544269611537,46.4371811054922],[14.2544509751945,46.4371855806005],[14.2545684626066,46.437206499713],[14.2545856476535,46.4372155187456],[14.2546077528868,46.4372263692423],[14.25482504732,46.4373719170847],[14.2550816517766,46.4375932952777],[14.2552452520881,46.4377734008736],[14.2553968260463,46.4378237813185],[14.255566916767,46.4380338886761],[14.2556413444583,46.4381398178338],[14.2557229970318,46.4383746308315],[14.2557613843084,46.4384513550471],[14.2560582048329,46.4387496470407],[14.2560471172803,46.4388280286453],[14.2561661672719,46.4388970001846],[14.2563886569552,46.4389293067304],[14.2564468687086,46.4390220842749],[14.2565216350414,46.4390267989388],[14.2570139585237,46.4390935171988],[14.2570850209742,46.4390930791486],[14.2572396730013,46.4391854930593],[14.2574891029661,46.4392465828449],[14.2577584767313,46.4392574184017],[14.2578449814239,46.4392698558218],[14.2579632295377,46.4392543385767],[14.258040031307,46.4392529475032],[14.2582287902142,46.4392297001579],[14.2584331161813,46.4392484794003],[14.2585728193973,46.4392630606086],[14.2586381320617,46.4392355933575],[14.2587653266647,46.4392033089135],[14.258811123938,46.4392521894603],[14.2589897438158,46.4392184386436],[14.2591944750374,46.4392361395129],[14.2592700060135,46.439194073003],[14.2594414677024,46.4391411115359],[14.2595992045248,46.4391406033578],[14.2599636224606,46.4391964041474],[14.2602429303246,46.4391944324432],[14.2606017021119,46.4391770491777],[14.260784179629,46.4391273958333],[14.26106366829,46.4392275390879],[14.2613941020609,46.4392858710312],[14.2614181061504,46.4392901084652],[14.2617083013763,46.4392721888583],[14.2617603504873,46.4392622090585],[14.2620778158589,46.4392013382448],[14.2621889381891,46.4391831354379],[14.2622935162534,46.4391660045288],[14.2623346299649,46.4391592696719],[14.2624806511272,46.4391396983098],[14.2625501790484,46.4391468944056],[14.2627809665328,46.4390178360827],[14.262848160778,46.4389464760526],[14.2629053395234,46.4388857522651],[14.2631328736697,46.4388048061378],[14.2635965740939,46.4385526383575],[14.2636024085488,46.4385466834637],[14.2636918335389,46.438455412299],[14.2638352764321,46.4383090072428],[14.2641390894881,46.4382361075625],[14.2644474338974,46.4382688204832],[14.2644965889178,46.4382740353645],[14.2646744047076,46.4383232907887],[14.2649127173426,46.4383893034205],[14.2649158936874,46.438390183264],[14.2650583942882,46.4385794127719],[14.2651421985344,46.4386906974802],[14.2651565263763,46.438699875727],[14.2651904956585,46.4387216360299],[14.2653246317588,46.4388075616925],[14.2653289023373,46.4388102973569],[14.2653510095798,46.4388889830624],[14.2655641842414,46.4389950771713],[14.2655677029786,46.4390036698163],[14.2655815956204,46.4390375951821],[14.2656371415913,46.4391732361477],[14.2656665632467,46.4392209291536],[14.2658646833627,46.4392949867296],[14.2659634377448,46.4392772667689],[14.2663291530581,46.439275744796],[14.2666403351543,46.4391969477445],[14.2666579834572,46.4391910329326],[14.2667542374018,46.4391656488173],[14.2667705626693,46.4391613449627],[14.2669843730238,46.4392397297768],[14.2670280359723,46.4392542248632],[14.2670413801769,46.4392587189099],[14.2670984249129,46.4392652024454],[14.2671243325654,46.4392741855175],[14.2671627240646,46.4392935951134],[14.2671863423487,46.4393083215719],[14.2672094316851,46.4393236744252],[14.2672425785159,46.4393265859053],[14.267293653069,46.4393318614826],[14.2673843012728,46.4393557444029],[14.2674540722385,46.4393740053653],[14.2675483437882,46.4393897241076],[14.2676255081913,46.4394001149696],[14.267677764867,46.4394045882167],[14.2676893307382,46.4394058318855],[14.267721052246,46.4394082842506],[14.2677539485394,46.4394104742193],[14.2678617778459,46.4394147633682],[14.267973635174,46.4394292447915],[14.2679941257928,46.4394345941983],[14.2680399037732,46.4394466732492],[14.2680589027204,46.4394467948458],[14.268075256958,46.4394694819462],[14.268104933907,46.43950799903],[14.2681380797316,46.4395207169576],[14.268183279524,46.4395468275475],[14.2681896200288,46.4396078676784],[14.2682422845824,46.439679100905],[14.2682695713566,46.4397406349321],[14.2682871994356,46.4397751162011],[14.2682972040866,46.439815216793],[14.2683139497091,46.439855023502],[14.2683143575135,46.4398559929097],[14.2683146509409,46.4398561125428],[14.2683612131656,46.4398750963736],[14.2684142017745,46.4398832627297],[14.2684236425799,46.439916881874],[14.2684244503704,46.4399732081636],[14.2684564813066,46.4400400807112],[14.2684669678444,46.4400539131749],[14.2684816764772,46.4400731708343],[14.2684801958583,46.440096283613],[14.2684792597493,46.4401078837348],[14.2684819891107,46.4401159940154],[14.2684932782062,46.4401495394683],[14.268507643735,46.440194436334],[14.2685352154015,46.4402541727172],[14.2685556586613,46.4403019874833],[14.2685840821405,46.4403467043387],[14.2686237897151,46.4403845656733],[14.268660921058,46.4404107144406],[14.2686741867503,46.4404600127718],[14.2686940948356,46.4404797535005],[14.2687271801382,46.4405067760715],[14.2687522971652,46.4405262801875],[14.2688187487958,46.4405885143372],[14.2688764564171,46.4406525819144],[14.268947342307,46.4407044078352],[14.2690180196127,46.4407426469339],[14.2690973750236,46.4407840004249],[14.2691002682258,46.4407849342863],[14.2691485610212,46.4408005221125],[14.2691928776637,46.4408149305749],[14.2692217991554,46.4408419263935],[14.2692320235944,46.4408656537913],[14.2692413647743,46.4408873062382],[14.2692737547209,46.4408885028651],[14.2693041926703,46.440889687011],[14.2694237201914,46.4408953090032],[14.2694948790399,46.4408975629506],[14.2695274003346,46.4408986703748],[14.2695590903347,46.4409035512129],[14.2696023381598,46.4409103052545],[14.2697284391684,46.4409304540523],[14.2698529307873,46.4409249510352],[14.2698854845543,46.4409236293794],[14.2699179093881,46.4409222169215],[14.2700128378757,46.4409182344275],[14.2700844571793,46.4409542296321],[14.2702073291606,46.4409433177025],[14.2702397708155,46.440940645683],[14.2702714633081,46.4409453464],[14.2703036739378,46.4409502303537],[14.270368610602,46.4409798848538],[14.27044924262,46.4410037014328],[14.2705339780327,46.4410126091371],[14.270601562722,46.4410291448003],[14.2706571624309,46.4410563104007],[14.2707149045746,46.4410594676928],[14.2707661657465,46.4410704110054],[14.2707740594923,46.4410737902224],[14.2708157285075,46.4410916000259],[14.2708562167443,46.4411101220447],[14.2708805354863,46.4411212534074],[14.2709262565798,46.4411572629083],[14.2709688293174,46.4411951416873],[14.2710099741236,46.44125226489],[14.271091510482,46.441296150049],[14.2711172236399,46.4413100793128],[14.2711399161279,46.4413260586256],[14.2712743939791,46.4414208440823],[14.27137561774,46.4414913955788],[14.2713831985449,46.4414987314316],[14.2714019535651,46.4415172047609],[14.2714268813003,46.4415314888299],[14.2714505160943,46.4415451348681],[14.2715230439536,46.441591211574],[14.2715949066869,46.4415993167353],[14.2715974973973,46.441600232934],[14.2716414177443,46.4416151777396],[14.2716791390471,46.4416362909676],[14.2717160867608,46.4416568594379],[14.2717603102377,46.441697897374],[14.2718173444062,46.4417151748612],[14.2718793709978,46.4417191685727],[14.2719298386079,46.4416920490786],[14.2719657530863,46.441653410753],[14.2720499246739,46.4416949727853],[14.2721173065341,46.4417366078365],[14.2721452180867,46.4417516304974],[14.2722042137406,46.4417486770672],[14.2723108029234,46.4417780557017],[14.2724096004501,46.4418159317983],[14.2725300976231,46.4418466582873],[14.2726012798643,46.4418668144415],[14.2726322035275,46.4418902233334],[14.2726728985362,46.4419030779227],[14.2727228946102,46.4419015964765],[14.2728089083612,46.4419025932788],[14.2728967161692,46.4419154774374],[14.2729630085255,46.441931463666],[14.273028075553,46.4419612974177],[14.2730755664952,46.441972035787],[14.2731241466825,46.4419693755582],[14.2731708753237,46.4419591460777],[14.2731943679791,46.4419541671006],[14.2732993508144,46.4419478165898],[14.2733794915605,46.4419598419306],[14.2734578076081,46.4419916489807],[14.2734917066883,46.4420262327978],[14.2735377742427,46.4420559455619],[14.2735812995023,46.4420517235424],[14.2736701782488,46.4420232277981],[14.2737662188805,46.4420825879946],[14.2738243368674,46.442106529127],[14.2738664028633,46.4421239804562],[14.2739101989049,46.44213856372],[14.2740392494942,46.4421819386931],[14.2742124534526,46.4422424180901],[14.274279201151,46.4423025816168],[14.2743125004976,46.4423235759426],[14.2743167615656,46.442326122135],[14.2743416892422,46.4423404955353],[14.2743691205881,46.4423525456009],[14.2743979786746,46.4423649645912],[14.2746705474233,46.4424698889732],[14.2748381785553,46.4425189059099],[14.2748831631222,46.4425322367587],[14.275341637542,46.4424860192333],[14.2758945070033,46.4423779585347],[14.2767394680605,46.442463378437],[14.2768381492051,46.4425051547278],[14.2768897442225,46.4425269972247],[14.2771708896815,46.4426460180583],[14.2774727830186,46.4427738210072],[14.2775000462313,46.4427779675413],[14.2780294824417,46.4428584894811],[14.2785059263422,46.4429746541495],[14.2785075428858,46.4429750482846],[14.2785076042443,46.4429750381057],[14.2788790212809,46.4429134227017],[14.278927619857,46.4429094105767],[14.2791117177399,46.4428944665754],[14.279284652206,46.4429068927129],[14.2793969112493,46.4429607722455],[14.279429119197,46.4429786759188],[14.2795072501355,46.4430221070627],[14.2796997660831,46.4430399641496],[14.2797091090824,46.4430321956226],[14.2797349831384,46.4430111254537],[14.2797406838184,46.4430064831833],[14.2797811491663,46.4429875744585],[14.2798069465041,46.4429755909944],[14.2798944581761,46.4429519401774],[14.2800142052183,46.4429215645624],[14.2801071423526,46.4429504001239],[14.2802007140837,46.4429607058279],[14.2803371406894,46.4429584154561],[14.2804465646898,46.4428817299583],[14.2804808493931,46.4428577437905],[14.2804811594144,46.44285396701],[14.2805186146363,46.4428362986629],[14.2807371768816,46.4427342081945],[14.2808045224879,46.4426901866481],[14.2809669594615,46.4426794219913],[14.2810924904152,46.4426841698286],[14.2812082290918,46.4427011818444],[14.2813480374358,46.4427088981678],[14.2813558672725,46.4427107601312],[14.2814288673352,46.4427281197778],[14.2814473611507,46.4427370530147],[14.2814874531891,46.4427563785],[14.2815295292593,46.4427732872511],[14.28160798378,46.4428049096419],[14.2816983224303,46.4428433543549],[14.281717203275,46.4428624565646],[14.2817355706735,46.4428810157277],[14.2817505355693,46.4429009930356],[14.2817941490347,46.4429593874147],[14.2818402129665,46.4430392999425],[14.2818873418934,46.4431273164181],[14.2819034654931,46.4431779806759],[14.2819103636497,46.4432473007197],[14.2819326653195,46.4432933253353],[14.2819852673113,46.4433610429605],[14.2819892720873,46.4433633173479],[14.282027258906,46.4433844288199],[14.2820749279424,46.4433917457139],[14.2821001277492,46.4433955026935],[14.2821492082109,46.4433866600472],[14.2821898835623,46.4433793317004],[14.2822895460072,46.4434016399021],[14.2824100413086,46.4434133723322],[14.2824262967113,46.4434175743644],[14.2825413080008,46.4434473047738],[14.2825785860608,46.4434530267843],[14.2826101497891,46.4434578132401],[14.2826396952979,46.4434676253354],[14.2826976221738,46.4434867023826],[14.2827545343332,46.4434740137061],[14.2828085559615,46.4434557633748],[14.2828219910519,46.4434512245415],[14.2828824974782,46.4434423370712],[14.2829481578369,46.4434473372288],[14.2830122969713,46.4434591655147],[14.2830704638866,46.4434667476273],[14.2830797297537,46.443467955439],[14.2831435968615,46.4434806816436],[14.2831533054264,46.4434847011679],[14.2831951187579,46.4435018775659],[14.2832035448107,46.4435044495311],[14.2832834461391,46.4434756795229],[14.2834007998256,46.4434334239168],[14.2842590979696,46.4431243703572],[14.2847572301389,46.4430012591738],[14.2849056099193,46.4428424550647],[14.2849966738043,46.4427449929846],[14.2851332160179,46.4427139072831],[14.285174444364,46.4427061576727],[14.2852165747163,46.4426891467971],[14.2852413025707,46.442679224728],[14.2853370223588,46.4426447347012],[14.285373242299,46.4426318254438],[14.2854159577786,46.4426098698127],[14.2854562711786,46.4425825009704],[14.2854945493807,46.4425515206072],[14.2855280767256,46.4425255488593],[14.2855862823538,46.4424934333789],[14.2856637753023,46.4424593690359],[14.2856980723766,46.4424441984202],[14.285705293427,46.4424393851527],[14.28572892274,46.4424238779897],[14.2857598593527,46.4424168736183],[14.2858003151505,46.4423985025222],[14.2858692254831,46.4423738312694],[14.2859424840183,46.4423550351602],[14.2860089503711,46.4423480726122],[14.2860795199887,46.4423458140693],[14.2861461067567,46.4423495585983],[14.2862031782429,46.4423544133075],[14.2862262455907,46.4423608374097],[14.2862646447618,46.4423715313084],[14.2862859367554,46.4423755328876],[14.2863201285279,46.4423883420324],[14.2863314610461,46.4423876030228],[14.2863798086907,46.4423927630835],[14.2863969480533,46.4423958390322],[14.2864276451922,46.4423972001762],[14.2865139285907,46.4423975585632],[14.2865358034066,46.4423967953331],[14.286586847773,46.4423947745466],[14.2866732497632,46.4423860466046],[14.2867441569861,46.4423878383977],[14.286777419308,46.4423920944791],[14.2868493054249,46.4423986607105],[14.286903379019,46.4424138429017],[14.2869561641801,46.4424280273664],[14.2870152592073,46.4424473794223],[14.2870498603876,46.4424587513844],[14.28705958784,46.4424613311788],[14.2870782154762,46.4424301378143],[14.2870822045806,46.4424234600411],[14.2870826062396,46.4424227876625],[14.2871199900538,46.4423904516329],[14.2871551626637,46.4423580118385],[14.2871958303265,46.4423233570376],[14.2872402415024,46.4422810781208],[14.287276701349,46.4422397393017],[14.28731260204,46.4421813926959],[14.2873412641928,46.4421292088875],[14.287378803663,46.4420849077594],[14.2874010818478,46.4420531972686],[14.2874372494776,46.4420142857605],[14.2874421583586,46.4420071187623],[14.2874559599647,46.4419866916403],[14.2874822921302,46.441973450199],[14.2875080873186,46.4419614649833],[14.2875863181005,46.441930552875],[14.2876673977199,46.4419007380949],[14.2877435918717,46.4418663043714],[14.2878245950993,46.4418323503932],[14.2878664718948,46.4418147071722],[14.2879101342306,46.441799864117],[14.2879279135944,46.4417937669024],[14.2880429195062,46.4417471587948],[14.2881463514192,46.4417098353895],[14.2882006272304,46.4416894801579],[14.2882291397466,46.441678681299],[14.2882595656252,46.441670863344],[14.2883209414133,46.4416549607612],[14.2884256721012,46.4416278117722],[14.2885397267691,46.4416042295139],[14.2886268879593,46.4415870476574],[14.2887153855735,46.4415671749522],[14.2888104743732,46.4415508519888],[14.2889015862751,46.4415300956986],[14.2889464804049,46.4415205681246],[14.2889781770184,46.4415150970937],[14.289002963352,46.4415005861137],[14.2890185699887,46.4414914162484],[14.2890579932261,46.4414622412027],[14.289096636781,46.4414329713268],[14.2891370048126,46.4414011930022],[14.2891727116006,46.4413775729437],[14.2892169520052,46.4413482478437],[14.2892597164233,46.4413223324062],[14.2892660284092,46.4413173333241],[14.2893023728927,46.4412947068556],[14.2893484543499,46.4412839269247],[14.2893682968279,46.4412792818226],[14.2894572516045,46.4412442064866],[14.2895335847097,46.441218949351],[14.2896017897672,46.4411982301358],[14.289653153166,46.4412016081508],[14.2897115929427,46.4412012513607],[14.2897804995982,46.4411966409912],[14.2898763098081,46.4411848201113],[14.2899757952987,46.4411705927841],[14.2900878780755,46.4411584229036],[14.2901200668628,46.4411551138865],[14.2901501122968,46.4411464833384],[14.2901627832432,46.4411428732229],[14.2902478680592,46.4411251374237],[14.2903433997811,46.4411046773229],[14.2904451872228,46.4410835361964],[14.2904740461759,46.4410760678093],[14.2905198727932,46.4410648359761],[14.2905662164256,46.4410538772411],[14.2906138660525,46.441042566709],[14.2906752159442,46.441028552067],[14.2906971427011,46.4410237397219],[14.2907534850293,46.4410044757316],[14.290880376948,46.4409542497161],[14.2909487760771,46.4409185059426],[14.2910518974725,46.440864713506],[14.2911286669409,46.4408257825989],[14.2911549999975,46.440812360376],[14.2911997017202,46.4407975225054],[14.2912420855123,46.4407807808865],[14.2912581759405,46.440774402777],[14.2913580862347,46.4407474011666],[14.2913712600483,46.4407451435802],[14.2914024331096,46.4407398485726],[14.2914277401519,46.4407252503221],[14.2914337729438,46.440721688907],[14.2915106720745,46.4406827585461],[14.2915615313766,46.4406245932312],[14.291584920602,46.4405972973222],[14.2916435473717,46.4405322524087],[14.2916821289854,46.4405176463514],[14.2916977232359,46.4405093757408],[14.2917232763689,46.4404958585863],[14.2917519223699,46.440484699795],[14.2917826609769,46.4404727442269],[14.2918546583428,46.4404404410447],[14.2919250210058,46.4404037191751],[14.2920411685379,46.4403890533912],[14.2921459921363,46.4403744973406],[14.2922523123747,46.4403549121463],[14.2922606734804,46.4403524447341],[14.292305483696,46.4403392265586],[14.2923716923856,46.4403318088683],[14.2924041303378,46.4403293104782],[14.2924860605868,46.4403238793591],[14.2925614725103,46.4402790910511],[14.2926484290987,46.4402271765127],[14.2927620891558,46.4401834343605],[14.2928391164912,46.440154580516],[14.2929543508411,46.4400997816192],[14.2930583990552,46.4400646168499],[14.2930800267443,46.4400526945831],[14.2931684036304,46.4399915215357],[14.2932490605199,46.439943616245],[14.2933069288364,46.4399168929294],[14.2933278220095,46.4399114439038],[14.2933446683049,46.4399069595369],[14.2933905003408,46.4398951867665],[14.2934267120481,46.4398725581628],[14.2934524294778,46.4398563425413],[14.2934996906763,46.4398346818761],[14.2935259870403,46.439783741463],[14.2935751328649,46.439747157418],[14.2935756568779,46.4397468907453],[14.2936005666756,46.4397327394074],[14.2936169587259,46.4397130472944],[14.2936350726967,46.439691026599],[14.293673657915,46.439665983391],[14.2937465002149,46.4396184793325],[14.2937718166329,46.4395929942701],[14.2938297668004,46.4395699599569],[14.2939037764618,46.4395428861562],[14.2939939396692,46.4395246391023],[14.2940923614679,46.4395118411428],[14.2941400764287,46.4395053879134],[14.294157788096,46.4394741877292],[14.294174795669,46.4394571984294],[14.2942597242867,46.439410938243],[14.2943412195273,46.4393886787526],[14.2944245331069,46.4393767769525],[14.2944909425566,46.4393738577648],[14.2945344247584,46.4393827630996],[14.2946060369084,46.4393599026365],[14.2947238801903,46.4393447047671],[14.2948192584598,46.4393256794945],[14.2949172939661,46.4393125185637],[14.2950024990941,46.4393153830562],[14.2950661526848,46.4393243225633],[14.2951484570857,46.4393502913128],[14.2951935790771,46.4393733317662],[14.2952526033175,46.4393577708465],[14.2953100763996,46.4393413906101],[14.2953790860514,46.4393386668682],[14.2954015672812,46.4393412345623],[14.2954123576594,46.4393421107697],[14.295444854288,46.439345100038],[14.2954733688039,46.439333939503],[14.295500045251,46.4393240272158],[14.2955301804414,46.4393082881889],[14.2955651849247,46.439288350565],[14.295600263863,46.4392727319406],[14.2956643441261,46.4392889612989],[14.2957150058959,46.4392658811426],[14.2957751610104,46.4392332326498],[14.2958685594627,46.4391961103752],[14.2959346725728,46.4391656577568],[14.2959938087772,46.4391413700701],[14.2960499824323,46.4391248015227],[14.2960828145353,46.4391219446359],[14.2961036040233,46.4391245017794],[14.2961466047708,46.4391505877757],[14.2962400913415,46.4391773443187],[14.2962817819749,46.439183898749],[14.2963293192019,46.4391912088963],[14.2963761597781,46.4391818703193],[14.296394427768,46.4391781140084],[14.2964595723605,46.4391925500728],[14.2965194142143,46.43922200158],[14.2965230690402,46.4392238003212],[14.2965615690126,46.4392254766524],[14.296575686142,46.4392207233112],[14.2966303207356,46.439202327418],[14.2967078635474,46.4391634874838],[14.2967888225326,46.4391322259683],[14.2968273485612,46.4391217564432],[14.2968812693604,46.4390880793682],[14.2969409608273,46.4390711721315],[14.2970125350216,46.4390815087949],[14.2970934461928,46.4390944219559],[14.2971527165469,46.4390900178268],[14.2971932273803,46.4391073610538],[14.297250963943,46.4391007881722],[14.297291993022,46.4391183144883],[14.2973109607867,46.4391411034303],[14.2973353153819,46.4391700434146],[14.2973755139122,46.4391509468774],[14.2973984300401,46.4391399314069],[14.2974625029458,46.4391061364877],[14.2975265364621,46.4390754002647],[14.2975750666247,46.4390560849237],[14.2976404523387,46.4390416414811],[14.2977013354973,46.4390231217093],[14.2977316365289,46.4390146706766],[14.2977617202609,46.4390231326297],[14.2978086619128,46.439036286544],[14.2978685065275,46.4390378235787],[14.2979366109998,46.4390244762963],[14.2980010459604,46.4390232523761],[14.2981002671159,46.4390190030075],[14.2981577370443,46.4390230444716],[14.298241066587,46.4390402002439],[14.2983234795002,46.4390578001807],[14.2984068349095,46.4390628100639],[14.298436243073,46.4390630804405],[14.2984690392284,46.4390630117128],[14.2985008347564,46.439059787894],[14.2985646964514,46.4390525321613],[14.2986105713725,46.4390474153284],[14.2986522094121,46.4390479405935],[14.2987010977797,46.4390513893382],[14.2987881285943,46.4390742355075],[14.2988295600826,46.4390908640408],[14.2988551678952,46.4391005918109],[14.2988721685348,46.4391070499254],[14.298892859977,46.4390766770037],[14.2989027121897,46.4390625340803],[14.2989216300827,46.4390353772831],[14.2989633878982,46.4390139649539],[14.2989746856657,46.439008171745],[14.2990199368843,46.4389806484373],[14.2990464263574,46.438947494907],[14.2990567058837,46.4389346293089],[14.2990761895732,46.4389236702012],[14.2991193645668,46.4388993852757],[14.2991575633634,46.4388700054369],[14.2991649727739,46.4388643066321],[14.2991759251905,46.4388600684869],[14.2991869452232,46.4388558041752],[14.2991951997646,46.4388496375745],[14.2992119108438,46.4388371534644],[14.2992343682387,46.4388212764437],[14.2992628794107,46.4388102948825],[14.2992679786671,46.4388084367602],[14.2993505308516,46.4387644074759],[14.2994355635884,46.4387095969468],[14.2995097631841,46.4386572391562],[14.2995717178619,46.4386057959916],[14.2996572451635,46.4385631342532],[14.2997541498774,46.4385263001839],[14.2998138407204,46.4385148408555],[14.2998268158261,46.4385123499159],[14.2998792679646,46.4385118613031],[14.2999251562133,46.4384954977948],[14.2999471308379,46.438466482082],[14.2999473552536,46.4384653126977],[14.2999520113951,46.4384410504931],[14.2999590498443,46.4384401938783],[14.2999911144001,46.4384362515331],[14.3000233504996,46.4384392379063],[14.3000797697302,46.4384439917329],[14.3001086010682,46.4384433548493],[14.3001818271759,46.4384417372532],[14.3002556191452,46.4384313024267],[14.3003097743883,46.438419757747],[14.3003996653745,46.4384224669478],[14.300465255745,46.4384122517237],[14.3005162180805,46.4383878460033],[14.3005209056156,46.4383856011535],[14.3005750296291,46.4383663187511],[14.3006341445735,46.4383536346421],[14.3006561730547,46.4383508903147],[14.3007041430606,46.4383447058152],[14.3007522362788,46.438339061868],[14.300795103651,46.4383350054079],[14.3008666797348,46.4383248265489],[14.300927293974,46.4383170098251],[14.300985231881,46.4383047681889],[14.3010404659701,46.4383004273442],[14.3010902047681,46.4382983921057],[14.3011161212401,46.4383172642112],[14.3011704422953,46.4383232642556],[14.3012420786178,46.4383389068732],[14.3013103822478,46.4383505704126],[14.3013619982642,46.4383543945637],[14.3014097690824,46.4383536067418],[14.30144231261,46.4383529058296],[14.3014729892903,46.4383455357377],[14.3015024925105,46.4383383384101],[14.3015218227417,46.4383328783408],[14.3015506757807,46.4383242742286],[14.3015667615254,46.4383194773794],[14.3016068255387,46.4383005584714],[14.3016366774766,46.4382864355612],[14.3016805944546,46.4382613322364],[14.3017189158947,46.4382361947297],[14.3017190483211,46.4382360155986],[14.3017356938128,46.4382165937757],[14.3017450774209,46.4381951482764],[14.3017468196469,46.4381912002407],[14.3017591758383,46.4381408026009],[14.3017656880312,46.4380996361733],[14.3017997662677,46.4380500909057],[14.3018329921528,46.4379959519621],[14.3018589822733,46.4379683099414],[14.3019035365935,46.4379340334964],[14.3019009768215,46.4379000992402],[14.3019549636951,46.4378710986033],[14.3024114941037,46.4376557037925],[14.3027567220942,46.4374928200278],[14.3027915746271,46.4374763759653],[14.3028173893516,46.4374318183236],[14.3026724716542,46.4367951178232],[14.3026700381312,46.4367614542571],[14.3026292125429,46.4361975441124],[14.3026267790688,46.4361638805421],[14.3026456547605,46.4361327760966],[14.3026675971448,46.4361060988705],[14.302720323306,46.4360533381313],[14.3027549995077,46.4360077548829],[14.3027790700841,46.4359366454926],[14.3027799988091,46.4358740321223],[14.3028106070525,46.4357902768281],[14.3028693975384,46.4357313450654],[14.3029037905646,46.4356467131164],[14.3029382636246,46.4355762069148],[14.3030057680601,46.4354870083428],[14.3030384752707,46.4354325059859],[14.3030570879354,46.4354015798055],[14.3030856774661,46.4353740433055],[14.3031304656643,46.4353314005949],[14.3031583854243,46.4353065792698],[14.3031968034632,46.4352724246787],[14.3033088295535,46.4351920443185],[14.3034157685908,46.4351227891285],[14.3035147459478,46.4350553747183],[14.3035644796696,46.4350212464308],[14.3036437921722,46.4349668204506],[14.3036717192119,46.4349458962735],[14.3037394396991,46.4348951569845],[14.3038515370574,46.4348192750166],[14.3039518614869,46.4347481796595],[14.3039787650201,46.4347316671351],[14.304053899672,46.4346855518124],[14.3041414011993,46.4346403795536],[14.3041778164081,46.4346113609052],[14.304185701429,46.434605290927],[14.3042184194382,46.4345804783559],[14.3042494641876,46.4345542160774],[14.3042925970373,46.4345085938294],[14.304326711564,46.4344353859188],[14.3043570857539,46.4343595461187],[14.3043704219648,46.4342932294545],[14.304365801806,46.4342268035669],[14.3043711545925,46.4342049734406],[14.3043792539744,46.4341718238128],[14.3044127523438,46.434147015931],[14.3044809692694,46.4340935388526],[14.3045848230371,46.4340210248781],[14.3047049378127,46.4339488795815],[14.3048085731014,46.4338730351876],[14.3049197471806,46.4337876097389],[14.3049902698168,46.4337369354346],[14.3050544248405,46.4336753360342],[14.3051291512083,46.4336112816718],[14.3051986496382,46.433559251466],[14.3052840326691,46.433496251413],[14.3053600857845,46.4334403922192],[14.3054093664001,46.4334023643558],[14.3054322523966,46.4333831598218],[14.3054419553011,46.4333773707062],[14.3062121294223,46.4325810434113],[14.3067585801302,46.4318376067638],[14.3081470323664,46.4306311506742],[14.3081858889065,46.4306453310776],[14.3082182783194,46.4306461567957],[14.3082985220249,46.4306493412608],[14.3084487311681,46.4306659044442],[14.3085004899242,46.4306681967561],[14.3085097413894,46.4306671730557],[14.308566609709,46.4306667071639],[14.308585880782,46.4306656540651],[14.3086803904416,46.4306828698525],[14.308785852612,46.4307086089349],[14.3088418452508,46.4307259516635],[14.3088986567735,46.4307299837608],[14.308961788151,46.4307178594269],[14.3090404048801,46.4307056486789],[14.309092101801,46.4307025421525],[14.3091449078014,46.4306940441056],[14.3091878077628,46.4306971822904],[14.3092428789709,46.4306704952206],[14.3092441040396,46.4306699015614],[14.3093005366042,46.4306524283521],[14.3093251989917,46.4306469091922],[14.3093549657714,46.4306493382084],[14.3093939510471,46.4306533523743],[14.3094444252215,46.4306646334967],[14.3094963772102,46.4306722347516],[14.3095130085756,46.4306741345668],[14.3095495219671,46.4306782394061],[14.3095612146559,46.4306795538968],[14.3096039674011,46.4306634374676],[14.3096050524978,46.4306630253444],[14.3096405765529,46.4306495331851],[14.3097349391198,46.4306268905253],[14.3097364538785,46.4306265739843],[14.3097914300486,46.4306150855329],[14.3098396843912,46.4305976136885],[14.3098495992361,46.4305940237356],[14.3098612047643,46.4305915763458],[14.3098612702094,46.4305915625446],[14.3098773887222,46.4305881634479],[14.30989116569,46.4305854701529],[14.30990908604,46.4305819668545],[14.3099250367195,46.4305785675741],[14.3099398771235,46.4305754049043],[14.3099842654859,46.4305664973124],[14.3099851433158,46.4305663211545],[14.3100309226743,46.4305681268469],[14.310102536917,46.4305423946068],[14.3101030759008,46.4305422009403],[14.3102086683897,46.4305163867154],[14.3103127535418,46.4304965912894],[14.3104573980158,46.4304694828494],[14.3104721491497,46.4304670698685],[14.3105894815024,46.430447876643],[14.3106433916112,46.4304321712135],[14.310686908443,46.4304194935932],[14.3107378288876,46.4304160217628],[14.3107707726709,46.4304141510006],[14.3108026744423,46.4304123639192],[14.3109129474697,46.4304074502794],[14.3109618981082,46.4304054059995],[14.3110103249044,46.4304036284526],[14.3110461231448,46.4304024045976],[14.3111388376843,46.4304175382306],[14.3112591137529,46.4304448937522],[14.3113739342106,46.4304818430814],[14.3115277671963,46.430530993163],[14.3116263627948,46.4305647855838],[14.3117098715535,46.4305876907268],[14.3117847704764,46.4306123433956],[14.3118645446808,46.4306321669732],[14.3119258272856,46.4306738319075],[14.3119921705468,46.4307372999805],[14.3120359451988,46.4307536679409],[14.3120728387428,46.4307688248834],[14.3120758131705,46.4307702822946],[14.3121155114413,46.4307900445616],[14.3121503199614,46.4307847657603],[14.3121823124079,46.4307861277875],[14.3122032477346,46.4307872433672],[14.3122787796465,46.43079264595],[14.3123372851994,46.4308068531294],[14.3123972978016,46.4308150413537],[14.3124828120807,46.430823382858],[14.3125546930901,46.4308397396434],[14.3126365383702,46.4308604748302],[14.3127073469849,46.4308896907758],[14.3127758091591,46.4309192524571],[14.3128564248532,46.4309446585344],[14.3129444399846,46.4309714585573],[14.3130422756915,46.4309933691565],[14.3131020249953,46.4310018253387],[14.3131580576072,46.431005760671],[14.3131908591293,46.4310048780266],[14.3132107307651,46.4309870933461],[14.3132188880452,46.4309799447378],[14.3132642071518,46.4309666314213],[14.3133322675636,46.4309660504261],[14.3134103160085,46.4309679585434],[14.313497215388,46.4309696498286],[14.3135575244947,46.4309646136421],[14.3136277631397,46.4309770911869],[14.3137230215096,46.4309866598532],[14.3137921256187,46.4310065979937],[14.3138967317415,46.4310178420627],[14.3139353806458,46.4310279706177],[14.3139810329856,46.4310399405694],[14.3140296764628,46.4310416718712],[14.3140813113693,46.4310435110641],[14.314158301012,46.4310468518393],[14.314232505298,46.4310544044478],[14.3142589223649,46.4310542029725],[14.3143153010889,46.4310513020976],[14.3144128219859,46.4310464885642],[14.3144945896719,46.4310527367945],[14.3145743921766,46.4310600528275],[14.3146403039622,46.4310544198596],[14.3146848475012,46.4310614345387],[14.3147351220227,46.4310783802339],[14.3148174557954,46.4310913793706],[14.3148947434518,46.4311020989704],[14.3149911840547,46.4311004274199],[14.3150873193512,46.4311023527572],[14.3151362546998,46.431101566178],[14.3151849309516,46.4311006880564],[14.3151916989895,46.4311005486438],[14.3153264311449,46.4311063936597],[14.3154422318659,46.4311173434545],[14.315553950757,46.4311321374101],[14.3156350951797,46.431136221816],[14.3157111787842,46.431139196244],[14.3157665629457,46.4311533829906],[14.3158045268424,46.4311662958829],[14.3158080810243,46.4311734247713],[14.3158206558458,46.4311979718235],[14.3158401182358,46.4312336263803],[14.3158460888845,46.4312400247357],[14.3158647709528,46.4312600450796],[14.3159035009834,46.4312741321311],[14.3159499397387,46.4312851985546],[14.3159553948273,46.4312864985087],[14.3160535585202,46.4313135367773],[14.3161485935851,46.4313514426153],[14.3162405289955,46.431377093931],[14.3163114928387,46.4314045091703],[14.3163931334468,46.4314417949088],[14.3164430830346,46.4314743926772],[14.3164782980891,46.4314886384638],[14.3164963304749,46.4315034113363],[14.3165203266667,46.4315199292768],[14.3165294825408,46.4315265518004],[14.3165470968414,46.4315331349026],[14.31656232223,46.4315330459511],[14.316594859302,46.4315325206295],[14.3166551437069,46.4315398985123],[14.3166995561692,46.4315262185387],[14.3167017770728,46.4315255120488],[14.3167272276697,46.4315193662134],[14.316749351555,46.4315087020008],[14.3167642967747,46.4314997942954],[14.3167757817979,46.4314866373297],[14.3167851625369,46.4314752671903],[14.3167916594453,46.4314655892507],[14.3167981094281,46.4314492532556],[14.3168074196243,46.4314331142865],[14.3168124515667,46.431426126692],[14.3168742876683,46.4314134504345],[14.3169313048354,46.4314115417527],[14.3169820260478,46.431413644088],[14.3170330861533,46.4314094505293],[14.3170909727552,46.4314004393356],[14.3171469269851,46.4313794505738],[14.3171822329217,46.4313447530438],[14.3172323738044,46.431309964131],[14.3172795701593,46.431281725423],[14.3173283116985,46.4312756285226],[14.3173947068602,46.4312729658605],[14.3174539527772,46.4312592841599],[14.3174997198354,46.4312412934029],[14.3175391414149,46.4312417085974],[14.3175896582756,46.4312497474593],[14.3176001995655,46.4312496304194],[14.317632731971,46.4312494646544],[14.3176639106173,46.4312430828778],[14.3177053961419,46.431234513336],[14.3177719450289,46.4312195254912],[14.3178377490358,46.4312120906389],[14.3179010326447,46.4312085094234],[14.3179675690347,46.4312049475716],[14.3179957112236,46.4312124929355],[14.3180277421803,46.4312212310912],[14.3180501572831,46.4312184857173],[14.318080066166,46.4312095770974],[14.3181104820214,46.4312017511318],[14.3181371784876,46.4311895844253],[14.3181565909419,46.431177194345],[14.3181782310168,46.4311531214509],[14.318183775351,46.4311467666403],[14.3182016062961,46.4311151135576],[14.3182233102698,46.4310859127494],[14.3182403302006,46.4310671205263],[14.3182673238228,46.4310415500403],[14.3183030023321,46.4310290769578],[14.3183696921353,46.4310131899054],[14.3184004914447,46.4310059059675],[14.3184330203409,46.4310060098639],[14.31845657045,46.4310061502125],[14.31855295358,46.43099862727],[14.3186018910984,46.4310080957934],[14.3186380295343,46.4310213567483],[14.3186816100407,46.4310221562071],[14.3187085532104,46.431031943501],[14.3187359081006,46.4310504603249],[14.3187613888517,46.4310836310776],[14.3188009290525,46.4310640732183],[14.3188024959917,46.4310636327021],[14.3188348757594,46.4310652650847],[14.3188660755617,46.4310676101899],[14.3189115001928,46.4310770576582],[14.3189368193398,46.4310918735426],[14.3189522679674,46.4311051911226],[14.3189690616656,46.4311358809075],[14.3189756985931,46.4311462669725],[14.3189941972132,46.431175887267],[14.3190258798364,46.4312126037177],[14.3190303859653,46.4312478087927],[14.3190300251663,46.4312767769623],[14.319029700357,46.4313133028201],[14.3190696382554,46.431334953465],[14.3191257156693,46.4313562503357],[14.3191812301096,46.4313809626847],[14.3192187385556,46.431399179957],[14.3192511961777,46.4314154777834],[14.3192572332149,46.4314322481255],[14.3192447259977,46.4314543962484],[14.319219790896,46.4314818685856],[14.3192177712199,46.4315082177516],[14.3192114688668,46.4315232052126],[14.3192204269662,46.4315561875318],[14.3192652201874,46.4315432285882],[14.3192761214457,46.4315351062129],[14.3193509369908,46.4315250250313],[14.3193775437483,46.4315200550963],[14.3193888962025,46.4315279500425],[14.3194046140416,46.4315301128915],[14.3194209947623,46.4315312900139],[14.3194245754061,46.4315467861498],[14.3194517440504,46.431538490654],[14.3194743072438,46.4315343063635],[14.3194931386054,46.4315267709754],[14.3195184307913,46.4315228728245],[14.3195391511267,46.4315203869844],[14.3195546700913,46.4315071637719],[14.31957700415,46.4314900224283],[14.3196013203496,46.4314809001965],[14.3196128913845,46.4314816887966],[14.319621785166,46.4314884894531],[14.3196332551978,46.4314869382322],[14.3196491423294,46.4314859531073],[14.3196774877749,46.4314876512206],[14.3196984585016,46.4314964130821],[14.3197156940364,46.4315020937436],[14.3197317619219,46.4315074975472],[14.3197503668655,46.4315076981837],[14.31976475225,46.4315123722155],[14.3197749035272,46.4315226891667],[14.3197914792832,46.4315186491404],[14.3198166357364,46.4315151999659],[14.3198563516307,46.4315233535256],[14.3198672273516,46.4315277367619],[14.3199093020718,46.4315345547825],[14.3199370554849,46.431542007386],[14.3199419113553,46.4315491438856],[14.3199518326607,46.4315570302655],[14.3199698757711,46.4315605564126],[14.3199870845003,46.431568396152],[14.3199943014262,46.4315740171996],[14.3200053547743,46.431576228169],[14.3200105263267,46.4315772626194],[14.3200125302576,46.431575928669],[14.3200296827491,46.4315645108201],[14.3200446386429,46.4315547030506],[14.3200670862309,46.4315493483468],[14.320080842014,46.4315418726555],[14.3200956744925,46.431531524326],[14.3201123769843,46.4315277549165],[14.3201311881204,46.4315218387618],[14.3201565127009,46.4315153315345],[14.3201918246054,46.4315114028275],[14.3202050490852,46.4315152601738],[14.3202208273556,46.4315125648938],[14.3202278355261,46.4315140460692],[14.3202764099368,46.4315109159267],[14.320319145704,46.4315273645076],[14.3203261147362,46.4315319943918],[14.3203361181174,46.431543749933],[14.3203758620691,46.4315496542308],[14.3204087130665,46.4315486627478],[14.3204132211147,46.4315485266886],[14.3204523163472,46.4315438106537],[14.3204686105912,46.4315414782851],[14.3205212665749,46.431534503584],[14.3205424230471,46.4315283313864],[14.3205652691666,46.4315327856745],[14.3205751029296,46.431537252623],[14.320598122767,46.4315381991095],[14.3206131661846,46.4315318106428],[14.3206321382419,46.4315129396924],[14.3206456348324,46.4315053724235],[14.3206589979534,46.43149807427],[14.3206737653751,46.4314918441874],[14.3206863367417,46.4314865405743],[14.3207131450098,46.4314758134503],[14.3207431430225,46.4314597070697],[14.3207913656671,46.4314429891603],[14.3208356960927,46.4314253484167],[14.3208784081539,46.4314122865119],[14.320919591254,46.4313966063844],[14.3209581106365,46.431385858772],[14.3209856704254,46.4313774752642],[14.3210121759028,46.4313701651294],[14.3210317429824,46.4313662326531],[14.3210564776736,46.4313652998598],[14.3210916386102,46.4313735159189],[14.3211225963409,46.4313744194523],[14.3211510892236,46.4313642420451],[14.3211950101467,46.4313481282201],[14.3212176295417,46.4313289189412],[14.3212483616492,46.4313060690402],[14.3212593675491,46.4312894899235],[14.321299444782,46.4312790213515],[14.3213416914661,46.4312719844969],[14.321391081474,46.4312765061649],[14.3214375191133,46.4312777713766],[14.3214709930642,46.4312856174299],[14.3215001431897,46.431295867009],[14.3215136228533,46.4313118013159],[14.3215175838646,46.4313164836243],[14.3215515118186,46.4313192040615],[14.321598435342,46.4313232611581],[14.3216566377943,46.4313201875424],[14.3216681579623,46.431314587768],[14.3216700815769,46.4312958854326],[14.3216872690965,46.4312844712259],[14.3216907286407,46.4312764655885],[14.321693163667,46.4312708307585],[14.3217059954546,46.4312539025487],[14.3217277279364,46.4312432350516],[14.3217569403905,46.4312274836254],[14.3217681297997,46.4312065869912],[14.3217971842125,46.4311930838656],[14.3218320295817,46.4311952698406],[14.3218645657432,46.4311843065025],[14.3218971483203,46.431180091175],[14.321908321614,46.4311709804923],[14.3219464518517,46.4311496137876],[14.3219764342628,46.4311766925571],[14.3219784691916,46.4311804833586],[14.3220126528466,46.4311835650548],[14.3220356654628,46.4311955775105],[14.3220443193184,46.4312090881219],[14.3220548129747,46.4312254710652],[14.3220699825023,46.4312298795458],[14.3220856147953,46.4312599321972],[14.3220995307858,46.4312709910179],[14.3221146051269,46.4312935728538],[14.3221360330457,46.4313074652643],[14.3222161150723,46.4313133381013],[14.3222490475226,46.4313228901461],[14.3222685538898,46.4313028524813],[14.3222781710947,46.4313008939694],[14.3222921654775,46.4312980440582],[14.3223179618481,46.4313059343364],[14.3223427971955,46.4312863780863],[14.3223673198963,46.4312710485648],[14.3223996046934,46.4312593638258],[14.3224271310861,46.431243152389],[14.3224383913915,46.4312585139907],[14.3224609096532,46.4312579276418],[14.3224812903849,46.4312618271216],[14.3224931224374,46.4312730534884],[14.3225014263465,46.431306481525],[14.3225287952425,46.4313134813722],[14.3225452372798,46.4313097100643],[14.3225692046278,46.4313076927592],[14.3225869720006,46.4313124764391],[14.3225979721413,46.4313278364839],[14.3226099555215,46.4313373543062],[14.3226286874847,46.431327298655],[14.3226619682881,46.4313297450199],[14.3226769548547,46.4313174179298],[14.3226968951376,46.4313253634092],[14.3227267361964,46.43133237785],[14.3227562134029,46.4313477573315],[14.3227678488243,46.4313538542194],[14.3227996440779,46.4313501737921],[14.3228312002739,46.4313447825119],[14.3228517927647,46.4313315888934],[14.3228908056799,46.431312476349],[14.3229183386398,46.4312957250135],[14.3229405568159,46.4312878492294],[14.3229601569225,46.4312917440023],[14.3229919360852,46.4313103759683],[14.3230205493565,46.4313219715304],[14.323029978468,46.4313276054816],[14.3230317470346,46.4313634239813],[14.3230532064042,46.4313747972478],[14.32308941878,46.4313716827056],[14.3231133694296,46.4313710147365],[14.3231349078951,46.4313760005911],[14.3231526111303,46.4313649490965],[14.3231620105744,46.4313519590865],[14.3231809458691,46.4313464930145],[14.3232108564098,46.4313268766419],[14.3232659069745,46.4313366492542],[14.3232593798726,46.4313593730218],[14.3232558442304,46.4313822044609],[14.3232704468535,46.4313798616829],[14.3233131815285,46.4313754361156],[14.3233563900365,46.4313642655914],[14.3233746259185,46.4313522275447],[14.3234003572228,46.4313338459752],[14.323441550546,46.4313277917822],[14.3234835768511,46.4313175139154],[14.3235341693809,46.4313089961318],[14.323594312377,46.4312963062262],[14.3236334839583,46.4312853816304],[14.3236733272276,46.4312727515648],[14.3237118826291,46.4312695607118],[14.3237338728085,46.4312485478159],[14.3237416919156,46.4312265514203],[14.3237711528097,46.4312222271297],[14.3237854451455,46.4312134046164],[14.3238168933088,46.4312062130268],[14.3238187894819,46.4311896697713],[14.3238244422023,46.4311744982754],[14.3238647612372,46.4311759962347],[14.3238999925703,46.4311785437412],[14.3239235159943,46.4312018950475],[14.3239425990323,46.4312055166855],[14.3239813100673,46.4312002573534],[14.3240051071909,46.4311909511769],[14.3240378219717,46.4311760295997],[14.3240632671168,46.4311912949423],[14.3240859999488,46.4312049247902],[14.3241061183235,46.4312195288512],[14.3241074094319,46.4312203462111],[14.3241418512347,46.4312446616992],[14.3241801430143,46.4312101595957],[14.3241875738254,46.4311879809351],[14.3241874481617,46.4311876203128],[14.3242312902408,46.4311883292323],[14.3242846149089,46.4311903537423],[14.3243361368817,46.4311803116066],[14.3243719108365,46.4311600098118],[14.3244080373535,46.4311532955477],[14.3244572351047,46.43115232659],[14.3244834308234,46.4311384460161],[14.3245168026701,46.4311229883633],[14.3245434510093,46.4311145986147],[14.3245817348319,46.431101779082],[14.3245954521052,46.4310973615977],[14.3246126990556,46.4310916154078],[14.324655590183,46.4310850309844],[14.3246831236027,46.4310681892565],[14.3247195203545,46.431071193242],[14.3247413355133,46.4310537779156],[14.324772193021,46.4310522506812],[14.3248026136572,46.4310650260781],[14.3248466046456,46.4310642061521],[14.3248723278244,46.4310675069558],[14.3248821185369,46.4310754821072],[14.3248830507057,46.4310948311448],[14.3248834645094,46.4311034707007],[14.3249048005746,46.4311037765911],[14.324916910942,46.4311030383495],[14.324930727349,46.4311116670498],[14.3249607662946,46.4311026674286],[14.3249711517319,46.431094091616],[14.3249728620633,46.4310925722224],[14.3250017888534,46.4310787976197],[14.3250299105269,46.4310669975964],[14.325062997522,46.4310535174413],[14.3250636491895,46.4310534313173],[14.3250943108756,46.4310466845845],[14.3251161403421,46.431028099662],[14.3251419667908,46.431023033811],[14.3251794221959,46.4310246043784],[14.3252246398714,46.4310298195306],[14.3252607419894,46.4310356106732],[14.3253047276209,46.4310457668708],[14.3253202321931,46.4310546753933],[14.3253251255868,46.4310693693599],[14.3253573610309,46.4310721686532],[14.325407231696,46.4310799303395],[14.325450054157,46.4310894498304],[14.3254517400567,46.431089909624],[14.3254780650086,46.4310971725177],[14.3254997292593,46.4311025185486],[14.325521354671,46.4311110132939],[14.3255300280182,46.4311251897249],[14.3255571342089,46.4311535101708],[14.3255801603652,46.4311433893906],[14.325601195721,46.431125879332],[14.3256042781707,46.431118609945],[14.325638965519,46.4311125165948],[14.3256632117593,46.431108970797],[14.3256968770647,46.431101341914],[14.3257232014493,46.4310875517848],[14.3257276540861,46.431085238819],[14.3257483415044,46.4310748343061],[14.3257714999226,46.4310645343272],[14.325798691786,46.431054258122],[14.3258399404319,46.4310542313764],[14.325869784752,46.431050448625],[14.3258931260523,46.4310569740761],[14.3259087530717,46.43106651303],[14.3259271383721,46.431052855998],[14.3259570122829,46.4310361177285],[14.3259894122332,46.4310361287454],[14.3260248975379,46.4310180739804],[14.3260754295266,46.4310144130918],[14.3261229489898,46.4310123538886],[14.3261673590829,46.4310091967059],[14.3261681364246,46.4310094711958],[14.3261975608243,46.4310186415544],[14.3262301307873,46.4310154145874],[14.3262560162908,46.4310161069083],[14.3262789029931,46.4310278478584],[14.3263200784604,46.4310337585238],[14.3263524888107,46.4310434862513],[14.326368906124,46.4310416935865],[14.3264118118521,46.4310444654631],[14.3264536168467,46.4310520892168],[14.3265068439557,46.4310620294697],[14.3265615255805,46.4310700888944],[14.3266018716892,46.4310799532512],[14.3266075799747,46.4310813364118],[14.3266562022723,46.4310953880976],[14.326697818083,46.4311041307111],[14.3267086354977,46.4311064032213],[14.3267407934927,46.4311154995635],[14.3267574704329,46.4311243248227],[14.3267837169291,46.4311379748185],[14.326813360824,46.4311293322651],[14.3268367304231,46.4311225623538],[14.3268556709468,46.4311170754913],[14.3269236108136,46.4311051494866],[14.3269959971391,46.4311019766909],[14.3270671305152,46.4311054542514],[14.3271636506314,46.4311184380013],[14.3271919657287,46.4311331797128],[14.3272190937472,46.4311386475315],[14.3272662135832,46.4311479217128],[14.3273147253148,46.431149826528],[14.3273385268979,46.4311506862859],[14.3273920018349,46.4311722337045],[14.3274683826609,46.4312039924336],[14.3275024887385,46.4312239863782],[14.327527685723,46.4312383497908],[14.3275538089948,46.4312514590654],[14.3275828770492,46.4312656909317],[14.3276243006889,46.4312859721297],[14.3276438513529,46.4312939144555],[14.3276767413618,46.4312858305823],[14.3277022672309,46.4312946177545],[14.3277181183557,46.4313071267854],[14.3277363332128,46.4313284667613],[14.3277623231474,46.431341845114],[14.3278213317263,46.4313578467228],[14.3278874976186,46.4313738003949],[14.3279609564837,46.4313574976832],[14.3280188796294,46.4313559486769],[14.3280299543484,46.4313551060954],[14.3280496170648,46.4313536101233],[14.3280953874627,46.4313668347103],[14.3281434228553,46.431375754029],[14.3282243319891,46.4313673222996],[14.3282833333064,46.4313733369659],[14.3283357936583,46.4313821922239],[14.3283801556,46.4313723761251],[14.3284038023434,46.4313540711586],[14.3284141433746,46.4313384771193],[14.328421617513,46.4313232261234],[14.3284607155174,46.4313499968397],[14.3284691490575,46.4313731686308],[14.3285038569841,46.4313759815549],[14.3285326292078,46.4313853274223],[14.3285561392415,46.431409937274],[14.3286086814248,46.4314121351131],[14.3286560685908,46.4314208704709],[14.32869690376,46.4314333460863],[14.3287235898304,46.4314430395397],[14.3287661697251,46.4314405903645],[14.3287978617219,46.4314558913168],[14.3288165104603,46.4314737248394],[14.3288290485436,46.431480546167],[14.3288678316165,46.4315011969405],[14.3289157868347,46.4315060668176],[14.3289172158645,46.431506255143],[14.3289674612231,46.4315153670231],[14.3290201820505,46.4315242234951],[14.3290844728298,46.4315445739985],[14.3291315977555,46.4315534875604],[14.329166695067,46.4315563925373],[14.3291979154919,46.4315571154854],[14.3292397168628,46.431565098078],[14.3292860920573,46.4315714880211],[14.3293429732897,46.4315806386537],[14.3293791423325,46.4315916471428],[14.3294031987604,46.431603574265],[14.3294328289995,46.4316278599427],[14.329444953601,46.4316471845964],[14.3294613486868,46.431679040106],[14.3294956686541,46.4316922869643],[14.3295035757604,46.4316947625105],[14.3295327397674,46.4317040204526],[14.3295644112345,46.4317104140496],[14.3295889419331,46.4317155061992],[14.3296342036387,46.431717211038],[14.3296694433299,46.431719127026],[14.3296931536569,46.4317274532616],[14.3297189579337,46.4317348020959],[14.3297761084595,46.4317432343316],[14.3298392453123,46.4317516116484],[14.3298884457378,46.4317610768796],[14.3299364641359,46.4317714348633],[14.3299767672648,46.4317742801225],[14.3300182634398,46.4317647165088],[14.330053210981,46.4317692397945],[14.3300746863147,46.4317794422263],[14.3301013970939,46.4317977726137],[14.3301321115478,46.4317973227341],[14.3301623474316,46.4317934511865],[14.3301992080671,46.4317905181298],[14.3302120153767,46.431786004673],[14.3302320794056,46.431805195801],[14.3303187447938,46.4318048935936],[14.3304269698561,46.4318610387147],[14.3304624656026,46.4318739322865],[14.3305413420438,46.4318827612409],[14.3305947184616,46.4318912609441],[14.3306456700991,46.4318958777244],[14.3306919168887,46.4319127928249],[14.3307449494382,46.4319281281587],[14.33076708307,46.4319270880737],[14.330797881281,46.4319198007922],[14.3308321453872,46.4319270189377],[14.3308602312121,46.4319287127596],[14.3309078904321,46.4319365490758],[14.3309561185601,46.4319404300242],[14.3309734093655,46.4319417007856],[14.3310032450238,46.4319386364036],[14.331023877835,46.4319326391444],[14.3310531322639,46.4319239032451],[14.3310831794727,46.4319141823063],[14.3310971599631,46.4319094956727],[14.3311521116752,46.4318956018217],[14.331229383462,46.4318866968442],[14.3312846385307,46.4318799123265],[14.3313847978583,46.4318615142911],[14.3314551754424,46.4318417724652],[14.3315500267163,46.4318318004268],[14.3316190121231,46.431830134315],[14.3316506230843,46.4318308588758],[14.3316839222219,46.431831863203],[14.3317152718587,46.4318326761887],[14.3318223335941,46.4318457176032],[14.3319579302115,46.431866303137],[14.3320689134884,46.4318885441584],[14.3321362507743,46.4318939757317],[14.3321414234481,46.4318966150665],[14.3321666351575,46.4319098979016],[14.3321895164737,46.4319115610047],[14.3322315979263,46.431928631099],[14.3322508936648,46.4319362112676],[14.3322727645059,46.4319779950334],[14.3323023835138,46.4320139759876],[14.332308685446,46.432028314655],[14.3323141578,46.4320407657923],[14.3323316362393,46.4320692983255],[14.3323683924523,46.4320962339692],[14.332399491385,46.432114787047],[14.3324262661307,46.4321307603738],[14.3324439615494,46.4321521865335],[14.3324555718492,46.4321681910017],[14.3324627730888,46.4321781177003],[14.3324723495166,46.4321841679086],[14.3325263038487,46.4322182552079],[14.3325741342055,46.4322654086759],[14.3326417689517,46.4323211348626],[14.3326588479841,46.4323397683244],[14.332698929326,46.432371491668],[14.3327430804872,46.4323576240028],[14.332783982615,46.432354083904],[14.3328295771218,46.4323605578239],[14.3328777223398,46.4323712751903],[14.3329223533806,46.4323820620082],[14.3329850852642,46.4324024012212],[14.3330355012801,46.4324189798088],[14.3330785023538,46.4324247187453],[14.3331525932127,46.4324312687419],[14.3332480975399,46.4324318255819],[14.3333341725939,46.4324266592723],[14.3333737501323,46.4324357070271],[14.3333762179277,46.4324360812914],[14.3334244247456,46.432441760472],[14.3334728636888,46.4324390737845],[14.3335508639344,46.4324344900397],[14.3336469238221,46.4324321707473],[14.3336932560712,46.4324528638654],[14.3337558512883,46.4324844480963],[14.3338108235017,46.4325115793626],[14.333816912602,46.4325137741101],[14.3338452850383,46.4325240160083],[14.3338757579617,46.4325327406458],[14.3339142739221,46.432543491458],[14.3339757066121,46.4325530261721],[14.3340267046081,46.4325752758148],[14.3340636805895,46.4326056310464],[14.334084413007,46.4326341822561],[14.3341401555419,46.4326515111299],[14.3341996703657,46.4326689519078],[14.3342348446084,46.4326976771361],[14.3342831884381,46.4327028169325],[14.3343151492902,46.4327282845142],[14.3343297811562,46.4327342177251],[14.3343623963684,46.4327380063577],[14.3344042053277,46.4327775665369],[14.3344679592301,46.4328102367581],[14.3345070078138,46.432830707218],[14.3345239080522,46.4328640944211],[14.3345518699816,46.4329187788812],[14.3345828823025,46.4329901255121],[14.334600950216,46.4330344958234],[14.3346305640152,46.4330496930921],[14.3346637314837,46.4330615821416],[14.3346799332999,46.4330882175153],[14.3347080400075,46.4331310267519],[14.3347234043969,46.4331516292651],[14.33473973654,46.4331675589714],[14.3347398935602,46.4331974298874],[14.3347405216304,46.4332420586048],[14.3347592798981,46.4332724875726],[14.3347671196045,46.4332805404947],[14.3347852427862,46.4332989997691],[14.3348174669223,46.4333028759665],[14.3348229252689,46.4333034475334],[14.3348578097608,46.4333025707889],[14.3348878569385,46.4333035552689],[14.3349380918369,46.4333137440991],[14.3349918422092,46.4333130669931],[14.3350439928782,46.4333155295066],[14.3350916900307,46.4333203952906],[14.3351233477018,46.4333387532598],[14.3351436392524,46.4333608238787],[14.335176845173,46.4333909768884],[14.3352072256805,46.4334287609044],[14.3352527601222,46.4334402718207],[14.33531099249,46.4334562650447],[14.3353694938444,46.4334822464592],[14.3354211132435,46.4335070182437],[14.3354567643163,46.4335287282114],[14.3355097680739,46.4335573767047],[14.3355310865897,46.4335592099977],[14.3355523066978,46.4335584335885],[14.3355818663697,46.433567422373],[14.3356188635479,46.4335854513452],[14.3356639772451,46.4335994788097],[14.3356747136115,46.4336047594294],[14.3357012336146,46.4336175992306],[14.3357311836967,46.4336265902441],[14.3357639887295,46.4336362276208],[14.3358080307999,46.4336206487138],[14.3358397794205,46.4335994202646],[14.3358756329012,46.433604486849],[14.3359354980725,46.4336146411941],[14.3360042856691,46.4336294357755],[14.3360495690546,46.4336509315728],[14.3361118564086,46.4336759449176],[14.3361543351773,46.4336926559887],[14.3362022842597,46.4336982425304],[14.3362320825061,46.4337090319287],[14.3362749944328,46.4337329430592],[14.3362870891537,46.4337549659017],[14.336298678702,46.4337757262329],[14.3363263809209,46.4337876730508],[14.336359781052,46.4338019021733],[14.3363848472452,46.4338273291618],[14.3364140916165,46.433862317195],[14.3364476383135,46.4338751975939],[14.3365004711321,46.4338965570742],[14.3365309137818,46.4339185963672],[14.3365588285238,46.4339452094508],[14.3365821159954,46.4339778236666],[14.3365997424723,46.433994390402],[14.3366219910101,46.4340161122281],[14.3366238174638,46.4340371757728],[14.3366214659241,46.4340593846909],[14.3366220171777,46.4340675751469],[14.3366233078741,46.4340898951619],[14.3366436537981,46.4341075573029],[14.3366552444289,46.4341175212184],[14.3366772958887,46.434123317223],[14.3367210783211,46.434129149289],[14.3367907732493,46.4341443085373],[14.3368180843143,46.4341563429367],[14.3368453746569,46.4341700866369],[14.3368845145861,46.4341831792795],[14.3369175225648,46.4341975859038],[14.3369515616948,46.4342128082257],[14.3370047883821,46.434223193431],[14.3370244145692,46.4342251066042],[14.337070447032,46.43421709622],[14.3371044640938,46.4342234113514],[14.3371505244437,46.4342345646787],[14.3371922123432,46.4342521704771],[14.3372109869365,46.4342599267243],[14.3372419985413,46.4342780104494],[14.3372429111337,46.4342993385967],[14.3372276539076,46.4343556612846],[14.3372366297847,46.434420311666],[14.3372454323611,46.4344670570386],[14.3372756554018,46.4344750595592],[14.3372965846645,46.4344983030947],[14.3373031484018,46.4345257819379],[14.33732692725,46.4345501216183],[14.3373425903051,46.4345998757399],[14.3373274474996,46.4346309688854],[14.3373253751405,46.4346352241152],[14.3373141542127,46.4346698874626],[14.3373194890968,46.4347021275861],[14.3373246706175,46.4347255497741],[14.3373444859688,46.4347548148259],[14.3373828697026,46.4347659235778],[14.3374003494728,46.4347624260584],[14.3374010490232,46.4347627005986],[14.3374278063665,46.4347732015775],[14.3374363776184,46.4347961035794],[14.3374504455653,46.434816428299],[14.3374792058836,46.434827031417],[14.3374852943,46.434829315934],[14.3375272775003,46.4348333378701],[14.3375867099658,46.4348363812224],[14.337639059238,46.434844061953],[14.3376750998314,46.4348552470057],[14.3377299436539,46.4348718491575],[14.3377945426548,46.4348995740615],[14.3378339309482,46.4349244538665],[14.3378491368354,46.4349582806037],[14.337873395827,46.43497524542],[14.3379014277165,46.4350030284567],[14.3379050748381,46.4350134860746],[14.3379492627955,46.434996647613],[14.3379988107469,46.4349777708542],[14.338031623045,46.4349761613875],[14.3380511955628,46.4349932789792],[14.3380990311156,46.4349976044884],[14.3381298861602,46.4349964335148],[14.3381434727083,46.4349813072389],[14.3381658100338,46.4349635325073],[14.3381811866733,46.4349510257121],[14.3381996862095,46.4349385369863],[14.338228043872,46.4349394208411],[14.3382547747436,46.4349456934672],[14.3382809753367,46.4349527727475],[14.3383066532746,46.4349600289375],[14.3383235619307,46.4349714629689],[14.3383388928078,46.4349842374174],[14.3383647226658,46.4349896950761],[14.3383889230151,46.4349900150203],[14.338448159694,46.4349877485705],[14.3385106461301,46.4349857707964],[14.3385418653989,46.4349867610949],[14.3385745149127,46.4349878496265],[14.3386069161584,46.4349879470446],[14.3386311186856,46.4349880870104],[14.3386995798051,46.4349870433831],[14.3387462824034,46.4349882131254],[14.3387714817434,46.4349812512065],[14.3388052979968,46.4349827062975],[14.3388218762455,46.4349891900028],[14.3388561477089,46.4349960459018],[14.3389049268176,46.434997677433],[14.3389516287642,46.4349881406748],[14.3389760430006,46.4349815340523],[14.3389934803169,46.4349815448685],[14.3390226738106,46.4349886412772],[14.3390444786869,46.4349933557608],[14.339069083837,46.4350140110878],[14.3390999486614,46.4350120301803],[14.3391327558993,46.435000073835],[14.3391675330484,46.4349973957581],[14.3392144861231,46.4349993764852],[14.339262758898,46.4349998353301],[14.339304302341,46.4349971963036],[14.339311853717,46.4349968800491],[14.3393443992265,46.4349958084835],[14.3393732831993,46.4349854488627],[14.339385306526,46.434981199762],[14.3394546342293,46.4349730530698],[14.3394756638459,46.4349773131441],[14.3394969721864,46.4349800453367],[14.3395317083109,46.4349699893841],[14.3395661711384,46.4349610114809],[14.3395952207422,46.4349584801379],[14.3396285846985,46.4349650606554],[14.3396480767805,46.434967332483],[14.3396748301232,46.4349502127444],[14.3396934971986,46.4349453721822],[14.3397297575063,46.4349491803273],[14.3397654223652,46.4349591929433],[14.3398025207423,46.4349690338838],[14.3398328525867,46.4349896321353],[14.3398478186918,46.4349895385863],[14.3398759248603,46.4349897008219],[14.339901421002,46.4349904777748],[14.3399212665354,46.4349958105709],[14.3399385821999,46.4350058971646],[14.3399648275779,46.4350092875534],[14.3399924154447,46.4350092668293],[14.340025527051,46.435004419603],[14.3400532111651,46.4350179848677],[14.340089628621,46.4350303409415],[14.340126066726,46.4350409876957],[14.3401807654408,46.4350373446167],[14.3402133098743,46.4350363627675],[14.340276725458,46.4350436562837],[14.3403365866799,46.4350435517349],[14.3403890136204,46.4350448437945],[14.340428097638,46.4350519069189],[14.340474181084,46.4350612596412],[14.3405161223681,46.4350687890622],[14.3405585646155,46.4350779408137],[14.3405849748155,46.4350892493575],[14.3406167839344,46.4351060771844],[14.340660838514,46.4351326023755],[14.3407137740266,46.4351456832687],[14.3407610709415,46.4351623304286],[14.3407963804811,46.4351694616391],[14.3408553905595,46.435185996335],[14.3409079802766,46.4351953863813],[14.3409616348206,46.4352135995849],[14.3410057005166,46.435228428626],[14.3410396568513,46.4352506668986],[14.3410438131398,46.4352729133996],[14.3410444203721,46.4352765156923],[14.3410417420057,46.435304390913],[14.341057857593,46.4353276959895],[14.341060271335,46.435364957414],[14.3410553364345,46.4353965083967],[14.3410345222902,46.435417531382],[14.341025323726,46.435424945877],[14.34102320763,46.4354267009077],[14.3410044239014,46.4354422795992],[14.3410164031657,46.4354562455733],[14.3410222614679,46.4354630754469],[14.3410479519353,46.4354801378058],[14.3410686836755,46.4354875448149],[14.3410718098655,46.4354872929175],[14.3411117964679,46.435484284385],[14.3411546544442,46.4354913690031],[14.3411914053722,46.4355084950477],[14.3412226955164,46.4355252297452],[14.3412481377253,46.4355305045791],[14.3412717029725,46.4355511534398],[14.3412838066107,46.435572635978],[14.3412948768654,46.4355934827739],[14.3413202974782,46.4356113532455],[14.3413746195513,46.435649813313],[14.3414365722785,46.4356813896177],[14.3414886683249,46.43572100642],[14.3415359475534,46.4357391826428],[14.3415844531819,46.4357527774447],[14.3415998750754,46.4357688808618],[14.3416049349063,46.4357917623309],[14.3416095838865,46.4358271472422],[14.3416277959257,46.4358492946973],[14.34164302262,46.4358599987942],[14.3416661185856,46.4358764162883],[14.3416864743911,46.4358934477935],[14.3416979426985,46.4359028706709],[14.3417341454141,46.4359223325998],[14.3417439146757,46.4359431718625],[14.3417782382932,46.435967391363],[14.3418256478113,46.4359747718344],[14.3418773263552,46.4359734497786],[14.3419314393396,46.4359752906519],[14.3419813212338,46.4359826852852],[14.3420284369785,46.4359928530472],[14.3420826032368,46.4360010820139],[14.3421539176836,46.4360117488115],[14.3421859207368,46.4360233590638],[14.3422251100576,46.4360433778343],[14.3422550552072,46.4360637932749],[14.3422591899416,46.4360662462405],[14.3422984455828,46.4360915735875],[14.3423293062257,46.4361224307742],[14.3423525621026,46.4361472162429],[14.3423680476066,46.4361796944308],[14.3423782724635,46.436195138068],[14.34239228525,46.4362202302575],[14.3424055292085,46.4362443283562],[14.3424113057962,46.4362509293691],[14.3424211554565,46.4362651112673],[14.3424296386856,46.436273887118],[14.342472352453,46.4362930263692],[14.3425253114506,46.4363151035386],[14.3425686453215,46.4363259690941],[14.3426058146764,46.4363408478407],[14.3426245769981,46.4363605691125],[14.3426473025699,46.4363753648207],[14.342677512324,46.4363846254113],[14.3427096498416,46.43638508003],[14.3427325474351,46.4363855715068],[14.3427500331248,46.4363924197352],[14.3427975458967,46.4363912532624],[14.3428409588333,46.4363955513713],[14.3428684255495,46.4364164922273],[14.3428954031493,46.4364348211411],[14.3429271268949,46.436448049037],[14.34295828005,46.4364546158786],[14.3429837228621,46.4364598903287],[14.3430049476253,46.4364696390331],[14.3430399039951,46.4364845948949],[14.3430730721516,46.4364967514095],[14.3431010050584,46.4365113969991],[14.3431165854474,46.4365143655247],[14.3431259360599,46.4365159487191],[14.34314094082,46.4365235023964],[14.3431773657982,46.4365462040561],[14.3432250174686,46.4365443184448],[14.3432317897901,46.436554703867],[14.3432330478049,46.4365583098845],[14.3432482884055,46.4365787305873],[14.3432723198113,46.4365931737902],[14.3432820165046,46.436598447722],[14.3432980832775,46.4366150944294],[14.3433061800035,46.4366343944648],[14.3433422914779,46.4366507064137],[14.3433390111321,46.4366746195522],[14.3433272802034,46.4366978543795],[14.3433091406993,46.4367237515019],[14.3432968307991,46.4367421358176],[14.3432862161489,46.436757988338],[14.3432846014642,46.4367840703149],[14.3432959323271,46.4368158047573],[14.343295133416,46.4368498087629],[14.3432982432474,46.4368725889852],[14.3433056390198,46.4369069099549],[14.3432907277235,46.436934894916],[14.3432858119014,46.4369541202298],[14.3432916096361,46.4369698082707],[14.3433031744205,46.4369929069518],[14.3433248830008,46.4370274000745],[14.3433405653773,46.4370543910966],[14.3433554458416,46.4370939732869],[14.3433576841754,46.4371243059675],[14.3433621746454,46.4371513226955],[14.3433713946134,46.4371637914674],[14.3433986967588,46.4371768139041],[14.3434072500152,46.4371759469561],[14.3434306188007,46.4371735783202],[14.3434577315633,46.4371698652695],[14.3434730011232,46.4371770605431],[14.3434982008846,46.4371700975874],[14.3435254853002,46.437173763031],[14.343553491058,46.4371823809485],[14.3435926952648,46.4371904333454],[14.3436209089469,46.4371925746129],[14.3436495432567,46.4371921991326],[14.3436827265925,46.4371922996003],[14.3437077027513,46.4372039590674],[14.3437335314828,46.4372204817915],[14.3437667196808,46.4372310187614],[14.3437837711116,46.4372415531011],[14.3438027917279,46.4372506592199],[14.343837462648,46.4372460897476],[14.3438607585536,46.4372459534948],[14.3438835398993,46.4372561608141],[14.3439074108574,46.4372623257381],[14.3439212194307,46.437282828103],[14.3439269093742,46.4372858297483],[14.343969259991,46.4373028070775],[14.3440084519633,46.4373227352771],[14.3440144010898,46.4373258283745],[14.3440386992556,46.437350619473],[14.344076925838,46.4373642442247],[14.3441078561034,46.4373677504997],[14.3441316169217,46.4373614089409],[14.3441474810112,46.4373516032389],[14.3441632889677,46.4373464756431],[14.344181936573,46.4373541400425],[14.344194382344,46.4373580801133],[14.3442156739752,46.4373514544685],[14.3442561421954,46.4373300937564],[14.3442864639067,46.4373300876711],[14.3443226352963,46.4373197685866],[14.3443404555578,46.4373096141936],[14.3443689671448,46.4372869253155],[14.344405309396,46.4372515056058],[14.3444840851418,46.4372044530968],[14.3445312767067,46.4371541605426],[14.3446296327026,46.4370695227993],[14.3446785163608,46.4370300362582],[14.3447097581521,46.4370075428781],[14.3447403057901,46.4369995306531],[14.3447759657231,46.4369992851141],[14.3448154683218,46.4369933035099],[14.3448657185413,46.436991791981],[14.3449036732998,46.43699551822],[14.3449430864023,46.436997003554],[14.3449696245727,46.4369977853446],[14.3450424095386,46.4369836270905],[14.3450880560444,46.4369753413623],[14.3451168634717,46.4369713677132],[14.3451679014381,46.4369475480472],[14.3451994692392,46.4369521373155],[14.3452286926229,46.4369568930923],[14.345251703369,46.4369588242295],[14.3452793555515,46.4369643807265],[14.3453103923408,46.4369589802743],[14.3453323997931,46.4369577567081],[14.3453568322327,46.4369605056909],[14.3453845417591,46.4369504077421],[14.3454311475453,46.4369380787259],[14.3454681420902,46.4369350515453],[14.3455029072561,46.4369334511114],[14.3455326255137,46.4369294825702],[14.3455637342241,46.4369289408311],[14.3455820604379,46.4369308450951],[14.3456000219331,46.4369414743418],[14.3456340124394,46.4369611023127],[14.3456818212719,46.4369678536795],[14.3456915828764,46.4369677295888],[14.3457238176818,46.4369600866331],[14.3457469994903,46.4369585997961],[14.3457735096613,46.4369617204553],[14.3458030310367,46.4369633288463],[14.3458285002052,46.4369664435379],[14.3458535842421,46.4369799925198],[14.3458894473578,46.4369845161962],[14.3459409031249,46.4369801320558],[14.3459699105859,46.4369703112976],[14.3459958391425,46.4369567841627],[14.3460134610434,46.4369522964728],[14.3460461721731,46.4369483449126],[14.3460774894848,46.4369521227778],[14.3461049997863,46.4369586679318],[14.3461317475482,46.4369745655805],[14.3461575553892,46.4369928870344],[14.3461795992741,46.4370103772356],[14.3462076784725,46.4370237633233],[14.3462278178352,46.4370372839555],[14.3462644349382,46.4370331747219],[14.346280214525,46.4370521585822],[14.3463221109598,46.4370309852419],[14.3463663571253,46.4370200818749],[14.3464376813398,46.4370083435694],[14.3465346511208,46.4369958520594],[14.3466132859978,46.4369930624281],[14.3466859146384,46.4369919478586],[14.3467351259191,46.4369793632858],[14.3467842511281,46.4369630894375],[14.3468421205481,46.4369447062326],[14.3468991479072,46.4369314464693],[14.3469417431612,46.4369280009467],[14.3469992189789,46.4369207716722],[14.3470391773123,46.4369201900911],[14.3470863594053,46.4369358443044],[14.3471191909064,46.4369327028528],[14.3471552335301,46.4369222021974],[14.3471872531067,46.4369216652162],[14.3472166443801,46.4369232724996],[14.3472468283662,46.43693478098],[14.3473065968573,46.4369208169004],[14.3473692989771,46.4369009315224],[14.3474140526195,46.4369019966318],[14.3474661480842,46.4368985151536],[14.3474965685488,46.4369011179053],[14.3475230852392,46.4369036983772],[14.3475987789989,46.4369183454332],[14.3476806533593,46.4369385158514],[14.3477026620576,46.4369480882143],[14.3477310935685,46.4369756011986],[14.3477772896453,46.4369866610422],[14.3477945481159,46.4369908081077],[14.3478667654168,46.4370132625343],[14.3479239254228,46.4370215957725],[14.3479904566803,46.4370298024696],[14.3480243995293,46.4370425917515],[14.3480628943677,46.437044700564],[14.348072691994,46.4370633801668],[14.3480818639763,46.4370908732441],[14.3481271246628,46.4371039969197],[14.3481523308817,46.4371182658517],[14.348173681594,46.437128464162],[14.3482000753932,46.4371522766523],[14.3482256999227,46.4371642087369],[14.3482616212849,46.4371638736311],[14.3482938873053,46.437164507352],[14.3483308700575,46.4371624688462],[14.3483657825793,46.4371594288646],[14.3484487307708,46.4371769057558],[14.3485017934661,46.4371796372334],[14.3485516012552,46.4371934164326],[14.3486290077131,46.4372063631351],[14.3487043840598,46.4372258660202],[14.3487653974076,46.4372275630155],[14.3488213641329,46.4372377783756],[14.3488551242124,46.4372440885433],[14.3489168722702,46.4372496583427],[14.3489546518918,46.4372462746247],[14.3489891890542,46.4372419727386],[14.3490018087191,46.4372313381665],[14.3490131056844,46.4372224954602],[14.3490372187644,46.4372193038309],[14.3490730432438,46.4372161788545],[14.3491059428007,46.4372182554691],[14.3491367442653,46.437221669681],[14.3491701091871,46.4372174510388],[14.3491941039113,46.437213269035],[14.3492330492765,46.4372103417077],[14.3492539418388,46.43721531896],[14.3492683355665,46.4372196294417],[14.349291332634,46.4372008666313],[14.3493214946965,46.4371924011402],[14.3493559005997,46.4371881883665],[14.3493908152259,46.4371849681444],[14.349412535665,46.4371859914056],[14.3494352157457,46.4371938578273],[14.3494636412568,46.4372110238167],[14.3495024584153,46.4371641904003],[14.3495468170663,46.43715472596],[14.3495956637646,46.4371508651551],[14.3496192568843,46.4371585567932],[14.3496434813774,46.4371678714736],[14.349667578963,46.4371769155177],[14.3496956831006,46.437177345237],[14.3497073848637,46.4371782215035],[14.34975575665,46.4371814655449],[14.3498040999733,46.4371761622718],[14.3498104804577,46.4371758386672],[14.3498408872845,46.4371796103251],[14.3498547605434,46.4371839177742],[14.3498681856458,46.4371930810439],[14.3498895056825,46.4372058879836],[14.3499240797957,46.4372094133989],[14.3499438993128,46.4372170835199],[14.3499559878665,46.4372292081859],[14.3499639800549,46.4372575041334],[14.3499783652923,46.4372625342359],[14.3499831935046,46.4372723683875],[14.3499991274328,46.4372784869275],[14.3500268251997,46.4372802638028],[14.3500417737441,46.4372816983065],[14.3500482704605,46.4372825449567],[14.3500548195415,46.437311822364],[14.3500303103703,46.4373264381225],[14.3500297464761,46.4373376590072],[14.3500291170765,46.4373501833703],[14.3500408484579,46.437359516933],[14.3500519816221,46.4373644385742],[14.3500552686552,46.4373725545375],[14.3500529876617,46.4373892759588],[14.3500446940747,46.4374082124547],[14.3500657208227,46.4374238067583],[14.3500697818364,46.437443443255],[14.3500765106473,46.4374576067541],[14.3500956045402,46.4374661439931],[14.3501148272447,46.4374747388204],[14.3501155498902,46.4374905776128],[14.3501163556019,46.4375103755488],[14.3501314778326,46.4375190985819],[14.3501502086972,46.4375198348054],[14.3501680817941,46.437527043978],[14.3501879845317,46.4375386732005],[14.3502257668086,46.4375569718009],[14.350246199704,46.4375677942971],[14.350251631243,46.4375925668522],[14.350266023749,46.437607943487],[14.3502835008326,46.4376265765568],[14.3503062921035,46.4376360628932],[14.3503173911319,46.437643863348],[14.3503073289481,46.437669267641],[14.3503052933041,46.4376872500375],[14.3503364854946,46.4376906661455],[14.3503431462909,46.4376996109932],[14.3503520595789,46.4377161260993],[14.3503679530492,46.43772566321],[14.3503886997485,46.4377319889727],[14.350401102226,46.4377396168835],[14.3504550460558,46.4377230089514],[14.3504858014326,46.4377084285771],[14.3505148095463,46.4376985167015],[14.3505326116897,46.4376898007588],[14.3505567780608,46.4376930869377],[14.350605297585,46.4376948919413],[14.3506531931909,46.4376944441366],[14.3506922604052,46.4376922367628],[14.3507343985628,46.4376834790143],[14.3507727269006,46.43766678228],[14.3507824986949,46.4376438954521],[14.3507951014615,46.4376127474718],[14.3508313402101,46.4375966686445],[14.3508715231528,46.4375881696563],[14.3509041488644,46.4375914138065],[14.3509418698542,46.4375929774385],[14.3509748574933,46.4375767001749],[14.3509950703661,46.4375512634573],[14.3510238459994,46.4375280346019],[14.3510436842948,46.4375122225191],[14.3510790716521,46.4375020767891],[14.3511130370454,46.4375020895683],[14.351133365757,46.4374997757232],[14.3511584986544,46.4374874125127],[14.3511868986061,46.4374738982237],[14.3512195146594,46.4374779519574],[14.3512526960709,46.4374782301571],[14.3512716434185,46.437482656187],[14.3512986513179,46.4374767814074],[14.3513235217778,46.4374645966116],[14.3513449555389,46.4374568908084],[14.3513661780351,46.4374560215083],[14.3513954482467,46.4374459309559],[14.3514278500415,46.4374351383971],[14.3514715974431,46.4374223408614],[14.3515205456438,46.4374099326783],[14.3515658193127,46.4374001127646],[14.3516132176244,46.4373976824027],[14.351656595861,46.4373940596236],[14.3516853977146,46.4373905341377],[14.3517149365829,46.4373907015844],[14.3517494938993,46.4373846895529],[14.3517876233165,46.4373737494179],[14.3518123282905,46.4373645325813],[14.3518359058489,46.4373516205876],[14.3518685933566,46.4373386702477],[14.3518999273134,46.4373301207484],[14.3519374892255,46.437323136019],[14.3519696028584,46.4373146808886],[14.3520151664839,46.4373023432852],[14.3520632388179,46.4373089135366],[14.352068046052,46.4373095705606],[14.3521019366878,46.4373158805091],[14.3521434760376,46.4373246629611],[14.3521731802364,46.4373328385389],[14.3522055893931,46.4373433686457],[14.3522407482887,46.4373524748007],[14.3522764853425,46.4373677021663],[14.3523022335375,46.4373802638256],[14.3523471242987,46.4373917642781],[14.3524021181065,46.437407280594],[14.3524279708979,46.4374220020924],[14.3524849486393,46.4374348305078],[14.3525325776105,46.4374568728579],[14.3525598075186,46.4374761905828],[14.3525858640332,46.4374847052821],[14.3526408164517,46.4375037300709],[14.3526798314076,46.4375169065589],[14.3527261399158,46.4375295844943],[14.3527616703979,46.4375512883644],[14.3527966312229,46.4375661512946],[14.352828627889,46.4375785682557],[14.3528559333941,46.4375805221655],[14.3528968328832,46.4375774247086],[14.3529380908027,46.4375770283592],[14.3529649622676,46.4375826685491],[14.3530148173557,46.4375925773688],[14.3530522496387,46.4376075441719],[14.3530893011412,46.4376216990806],[14.353126444221,46.4376281170923],[14.3531497083489,46.4376306778616],[14.3531883882362,46.4376281975349],[14.3532227909352,46.4376242534894],[14.353269307491,46.4376303645856],[14.3532827428584,46.4376387177831],[14.3532969677888,46.4376573320012],[14.3533088214103,46.4376673856775],[14.3533525268602,46.437691114925],[14.3533904566994,46.4377190400816],[14.3534187323234,46.4377380036341],[14.3534283206008,46.4377525429804],[14.3534524350394,46.4377602367738],[14.3535029250602,46.4377714985167],[14.3535503774691,46.4377865217988],[14.3535704398801,46.4377957221497],[14.3535870732177,46.4378087718166],[14.3536078390911,46.4378355202477],[14.3536301587346,46.4378519309298],[14.3536589915415,46.4378788149136],[14.3537057165006,46.4378893355298],[14.3537236699668,46.4378897968652],[14.3537664705157,46.4378910283906],[14.353823050854,46.4378935073656],[14.3538634686865,46.4378981442442],[14.3539032752281,46.4378994487726],[14.3539394764542,46.4378974940077],[14.353981674218,46.4378946734064],[14.3540438713564,46.4378953846038],[14.3541004506502,46.4378979534055],[14.3541297167941,46.4378991983256],[14.3541503445028,46.4379046230355],[14.3541689618278,46.4379149847277],[14.3542017387214,46.4379274956794],[14.3542212048568,46.4379321040892],[14.3542432905712,46.4379352877702],[14.3542608058476,46.437939795188],[14.354282129337,46.4379524213863],[14.354303997793,46.4379629813522],[14.3543271409771,46.4379757977555],[14.3543448304571,46.4379875936973],[14.3543692510792,46.4379914203243],[14.3544027690246,46.4379962879691],[14.3544325174938,46.4380007744471],[14.3544491197811,46.4380054566219],[14.3544707439698,46.43801466563],[14.3544990960973,46.4380161752058],[14.3545197238874,46.4380215998494],[14.3545556697031,46.4379861746842],[14.3545807994005,46.4379630143293],[14.3546095264794,46.4379548092559],[14.3546308595888,46.4379445831154],[14.3546397566441,46.4379295183959],[14.3546604858285,46.4379153301708],[14.3546883338333,46.4379044210232],[14.3547161680207,46.4378946813982],[14.3547340737093,46.4378991909463],[14.35475911098,46.4379059000029],[14.3547710944813,46.4379049779447],[14.3548018004585,46.4378834684576],[14.3548338603102,46.437868534395],[14.3548619727608,46.4378572668176],[14.3548849645396,46.4378498390499],[14.3549267351355,46.4378390983481],[14.3549467929454,46.4378376819953],[14.3549986307259,46.437834015693],[14.3550219816392,46.4378402653323],[14.3550428420741,46.4378480304084],[14.3550653489712,46.4378486071819],[14.3550734116217,46.4378491024979],[14.355113271451,46.437867951016],[14.3551107881977,46.4379019455963],[14.3551118090595,46.4379036607789],[14.3551272614472,46.4379065369753],[14.3551407810129,46.4379077828149],[14.3551646446496,46.4379257313894],[14.3551569930158,46.4379417101782],[14.3551545044134,46.4379469070861],[14.3551500851714,46.4379795412037],[14.355155226228,46.437996034664],[14.3551676273132,46.4380038419888],[14.3551728352377,46.4380146677282],[14.3551488023977,46.4380220896835],[14.3551266641699,46.438034380686],[14.3551132488088,46.4380463609921],[14.3550953506836,46.438063264357],[14.3550940761431,46.4380830505244],[14.3550917590838,46.4381139870672],[14.355101656532,46.4381354556894],[14.3551019764441,46.4381524617841],[14.3550943828928,46.4381673539497],[14.3550827277367,46.4381845624257],[14.3550717822312,46.4382078028783],[14.3550706834499,46.4382237213351],[14.3550755048053,46.4382452513036],[14.3550912198798,46.438269991645],[14.355127135807,46.4382922367689],[14.3551339834011,46.4382958109325],[14.3551522280821,46.4383053339041],[14.3551763977888,46.4383194154997],[14.3551965016558,46.4383361732602],[14.3552080488214,46.4383501836811],[14.3552174640426,46.4383684106611],[14.355232661217,46.4383819018391],[14.3552355395902,46.4383916348039],[14.3552370579066,46.4384173747231],[14.355273039496,46.4384119994459],[14.355299276885,46.4384162859648],[14.3553262398825,46.4384252549968],[14.3553401442901,46.4384380191148],[14.3553597860857,46.4384498259033],[14.3554033219135,46.4384659959448],[14.355422159973,46.438468711244],[14.3554552076472,46.4384693473492],[14.3554804638106,46.4384906325861],[14.3555115082945,46.4385066422193],[14.3555230325793,46.4385115655305],[14.3555696505884,46.4385201954153],[14.3556098951042,46.4385395857441],[14.3556314910665,46.4385512235568],[14.3556467064228,46.4385631852954],[14.3556641000618,46.4385780383375],[14.3556792107537,46.4385878402071],[14.3557208825485,46.4386075984168],[14.3557420177151,46.4386031290213],[14.3557653841766,46.4385970527348],[14.3557857056858,46.438595367811],[14.3558196685938,46.4385956490872],[14.3558625110972,46.4385933712423],[14.3558922483534,46.4385988469443],[14.3559375262281,46.4385997317298],[14.3560000215636,46.4385972945996],[14.3560517076125,46.4385955163311],[14.3560841702043,46.438601637117],[14.356106589685,46.4385986144017],[14.3561281406412,46.4385919880009],[14.3561580103835,46.4385862181566],[14.3561875403873,46.4385871941258],[14.3562065531621,46.4385861315483],[14.3562320851574,46.4385840260274],[14.3562649012594,46.4385822314109],[14.3562927429327,46.4385718616569],[14.3563292197939,46.4385575818265],[14.3563544471887,46.4385481870113],[14.3563766805249,46.4385388653105],[14.3563895084773,46.438532549648],[14.3563986737199,46.438527832828],[14.356426573287,46.4385346475961],[14.3564436549691,46.4385539072836],[14.3564548500917,46.4385757429681],[14.3564602274961,46.4385943070027],[14.3564623844834,46.4386100638523],[14.35645623523,46.4386349508802],[14.3564548381043,46.4386362854544],[14.3564422836005,46.43864827787],[14.3564386936659,46.4386658017763],[14.3564344211461,46.4386970872181],[14.3564199889107,46.4387291252152],[14.3564488548695,46.4387382602679],[14.3564610898694,46.4387421322085],[14.3565035166532,46.438742011059],[14.356527260774,46.4387370163794],[14.3566084107964,46.438697616325],[14.3566834496638,46.4386798645548],[14.3567758519259,46.438657441995],[14.3568412409317,46.438641345273],[14.3569009242791,46.4386235070038],[14.3569416466292,46.4386133894614],[14.357029075156,46.4385933679144],[14.3571199250788,46.4385811929043],[14.3572292322738,46.4385598546718],[14.3573120182646,46.4385472743077],[14.3574026321154,46.4385330284413],[14.3574524993645,46.4385199031274],[14.3574604743086,46.4385167989909],[14.3575024511867,46.4384995806841],[14.3575512626113,46.438498775256],[14.3575826323907,46.4384982317136],[14.3577135824571,46.4385177709014],[14.3578180884835,46.4385173681018],[14.3578533144788,46.4385098284953],[14.3578895011859,46.4385091319755],[14.3579077026209,46.438521739967],[14.3579207116904,46.4385443054503],[14.3580061648881,46.4385483839681],[14.3580674889139,46.438545939133],[14.3580897179159,46.4385480432375],[14.3581280156291,46.4385670618733],[14.3581610997106,46.4385867709949],[14.3582208719255,46.4385945739237],[14.3583104397552,46.4386029038837],[14.3583926939189,46.4386134419875],[14.3584357480271,46.4386153029757],[14.3584583035981,46.4386006744609],[14.3585053663964,46.4386047171847],[14.3585558751519,46.4386145372826],[14.358609901666,46.4386240172076],[14.358658697357,46.4386245607653],[14.3587091379955,46.4386180059132],[14.3587440287405,46.4386168520071],[14.3588208615328,46.4386125143907],[14.3589026223807,46.4386096438645],[14.358958550604,46.4386012302986],[14.3589912702653,46.4385965553262],[14.3590400905743,46.4386060958372],[14.3590952239936,46.4386210698932],[14.3591744684692,46.4386330300847],[14.3592502891006,46.4386373236073],[14.3593483166933,46.4386456101813],[14.3594141420171,46.4386588445812],[14.3594829835653,46.4386701165007],[14.3595376082461,46.4386840978263],[14.3595563364905,46.4386851024034],[14.3596049778772,46.4386877139981],[14.3596371581095,46.4386624327407],[14.3596472740588,46.4386543021322],[14.3596821827732,46.4386293960184],[14.3597069465272,46.4386262057831],[14.3597644082806,46.438631295876],[14.3598361322209,46.4386298080102],[14.3599132020362,46.4386274503219],[14.359998814585,46.4386179428055],[14.3600670681677,46.4386127466133],[14.3601210505858,46.4386037817725],[14.360177519151,46.4385936612079],[14.3602239649486,46.4385725982037],[14.3602987717146,46.4385523236092],[14.3603725896123,46.438538701199],[14.3604334007797,46.4385244661854],[14.3604746366202,46.4385148900754],[14.3605345497544,46.4385217928851],[14.3605809627304,46.4385035186154],[14.3606501365046,46.4384641387027],[14.360729280728,46.4384290430603],[14.3607780835669,46.4383955771757],[14.3608263223794,46.438376953132],[14.3608679933547,46.4383746668645],[14.360920817619,46.4383756818196],[14.3609423447735,46.4383710337138],[14.3609577172011,46.4383585238421],[14.3609892512267,46.4383327887435],[14.3610322865573,46.4383251118522],[14.3610913919634,46.4383120365654],[14.3611517502708,46.438303106857],[14.3612104818204,46.438299746157],[14.361312008123,46.4382981539141],[14.3613949616266,46.4382933989011],[14.3614609425739,46.4382933174645],[14.3615263453808,46.4382870248471],[14.3615944516327,46.438272110184],[14.3616364708615,46.4382734243718],[14.3616917358509,46.4382883079412],[14.3617189838693,46.438328676511],[14.3617282289817,46.438361657049],[14.3617643576552,46.4383770635704],[14.3618068490552,46.4383936751936],[14.3618321506247,46.438422426772],[14.3618417843285,46.4384332769022],[14.361893898061,46.4384505719735],[14.3619323221041,46.438447727383],[14.3619715384742,46.4384438975322],[14.3620269391799,46.4384471755944],[14.3620803753441,46.4384515223092],[14.36212554304,46.4384506946042],[14.3621776431925,46.4384803153303],[14.3622298095314,46.4385042683054],[14.3622707322861,46.4385103445438],[14.3623390526928,46.4385105455551],[14.3623854104953,46.438508104927],[14.3624371036159,46.4384945377708],[14.3624777587412,46.4384789297259],[14.362515733602,46.4384699644904],[14.3625696441885,46.4384782722912],[14.3625947761159,46.4384881291009],[14.3626362142287,46.4385058141823],[14.3626812193781,46.4385189306679],[14.3627447712828,46.4385374586985],[14.3628244918894,46.4385532877141],[14.3628644094601,46.4385674554197],[14.3629226059973,46.4385653504368],[14.3629845888889,46.438562186877],[14.3630419176223,46.4385675444913],[14.3631022676663,46.4385704897186],[14.3631457135154,46.4385834173978],[14.3631790039783,46.4385967383616],[14.363202450665,46.4386060458348],[14.363244599101,46.4385962938682],[14.3632944880865,46.4385811867935],[14.3633430107753,46.4385716502172],[14.3633764909307,46.4385686876497],[14.36341219189,46.4385761739282],[14.363442883564,46.4385668079654],[14.3634543832206,46.4385627333621],[14.3634977666546,46.4385475000195],[14.3635258080856,46.4385198554193],[14.3635371865505,46.4384926578998],[14.3635531933602,46.4384815007569],[14.3636017062397,46.4384616174915],[14.363639653419,46.4384438346903],[14.3636616349133,46.4384448566971],[14.3636949521104,46.4384335259399],[14.3637560348582,46.4384070547807],[14.363802289028,46.4383799612818],[14.3638360266121,46.4383548674455],[14.3638510014045,46.438331738539],[14.3638710211843,46.4383224030687],[14.3639244692141,46.4383369155731],[14.3639509748203,46.4383313029682],[14.3639650421509,46.4383283241853],[14.3639950987171,46.4383141036558],[14.3640137215112,46.4383052927283],[14.3640649476055,46.4382758875572],[14.3641110539449,46.4382614788503],[14.3641828264331,46.4382222012196],[14.364222303797,46.4382182820782],[14.3643019105951,46.4382215136624],[14.364371757692,46.4382246909484],[14.364407783268,46.4382154443411],[14.3644565740691,46.4382051890238],[14.3645460403718,46.438211084352],[14.3646385754252,46.4382216750874],[14.3647301499868,46.4382253327394],[14.3648236325972,46.4382327796461],[14.3649080819425,46.438244854742],[14.3649927623214,46.4382594502122],[14.3650642975649,46.4382741525805],[14.365114325927,46.4382917944857],[14.3651366738296,46.4383172900235],[14.3651810874961,46.438370168885],[14.3652185254227,46.438418600491],[14.3652448595251,46.438470659217],[14.3652773550316,46.4384852347346],[14.3653444150397,46.4385043206086],[14.3653998224821,46.43852945973],[14.3654499976099,46.4385569090075],[14.3654987215124,46.4385860596372],[14.3655394814041,46.438617415309],[14.365581513411,46.4386512971766],[14.3656115038823,46.4386798939875],[14.3656135598689,46.4386821546364],[14.3656384690132,46.4387112630724],[14.3656720190141,46.438735920941],[14.3656843699496,46.4387369791123],[14.3657262149909,46.4387309133094],[14.3657910590597,46.4387166978144],[14.3658418169654,46.4386939470168],[14.3658665138905,46.4386516182253],[14.3658823657537,46.4386201267284],[14.3659476038033,46.4385831509757],[14.3659809581844,46.4385685808473],[14.3660244835805,46.4385522676962],[14.3661008216007,46.4385344269796],[14.3661419618173,46.4385217893241],[14.3661877593145,46.4385227629009],[14.3662522496735,46.4385277987161],[14.3663343167815,46.4385433683779],[14.3664038687045,46.4385496017592],[14.3664884761397,46.4385593373486],[14.3665840531288,46.4385658047493],[14.3666709051525,46.4385727635723],[14.3667369478021,46.4385786174383],[14.3668056688741,46.4386004107457],[14.3668841944727,46.4386296358104],[14.3669334491107,46.4386579790382],[14.3669698865047,46.4386805832041],[14.3670172966741,46.4386884030777],[14.3670343104526,46.4386913762759],[14.3670823380417,46.4386908323507],[14.3671203299447,46.4386915824166],[14.3671685344701,46.4386982370162],[14.3672316435821,46.4387214385299],[14.3673075909548,46.4387373335118],[14.3673689600182,46.438747936569],[14.3673947400341,46.4387523907075],[14.3674411190498,46.4387522100315],[14.3674520038394,46.4387521676255],[14.3675069554734,46.4387380763826],[14.3675660952218,46.4387331851901],[14.367615590712,46.4387295002163],[14.3676523365392,46.4387367210388],[14.3677007984016,46.4387661391891],[14.3677509468152,46.4387960164914],[14.3677998387817,46.4388332643471],[14.3678328288081,46.4388726735275],[14.3678478949598,46.438886522181],[14.3678772537816,46.4389135854183],[14.3678963062524,46.4389428409289],[14.3679054593977,46.4389728514513],[14.3679235635323,46.4390053406274],[14.3679179556649,46.4390401279337],[14.3679061983137,46.4390777602842],[14.3678911668461,46.4391171739324],[14.3678860460978,46.4391435967406],[14.3679282894396,46.4392043798694],[14.3679611257218,46.4392458574649],[14.3679740465404,46.4392764286207],[14.3679700939844,46.4393143740175],[14.3679637783346,46.4393653519699],[14.3679804500338,46.4393866769679],[14.3680312957085,46.4394238455475],[14.3680817208923,46.439463620904],[14.3681304532533,46.4394922306348],[14.3681913649561,46.4395142498674],[14.3682484612673,46.4395398467818],[14.3682987524246,46.4395799811803],[14.3683288002778,46.4396263016322],[14.3683552813903,46.4396659446147],[14.3683716944693,46.4397096705954],[14.3683815570668,46.4397458929069],[14.3683808166874,46.4397987010644],[14.3683748791031,46.4398395145408],[14.3684230960411,46.4398339327916],[14.3684453790005,46.4398314467227],[14.368509683405,46.4398189361337],[14.3685799728753,46.4398065485225],[14.3686632382378,46.4397974714111],[14.3687432117972,46.4397917049506],[14.3688322466087,46.4397788808316],[14.3689300605523,46.439760886841],[14.3690200968721,46.4397514869527],[14.3690761936422,46.4397509867088],[14.3691595654365,46.439755225347],[14.3692275721761,46.4397601889089],[14.3693049682476,46.4397634947849],[14.3693919703191,46.4397689228803],[14.3694603374013,46.4397764974135],[14.3695166450674,46.4397915628838],[14.3695778154309,46.4398025165226],[14.3696621962512,46.4398095494187],[14.3697320363859,46.439813533118],[14.369794092384,46.4398154045767],[14.3698627561501,46.4398198315626],[14.3699420919059,46.4398242273317],[14.3700182453687,46.4398337337921],[14.3700925142474,46.4398373817878],[14.3701532616955,46.4398398756325],[14.3702279469071,46.4398412765893],[14.3702899319013,46.4398380191119],[14.3703645843973,46.4398309626426],[14.3704358948539,46.4398202889371],[14.3704889468132,46.4398242697267],[14.370525458363,46.4398293290604],[14.370605056925,46.4398222096876],[14.3706900568509,46.4398206981058],[14.3707738576089,46.4398216090465],[14.3708836539956,46.439825362021],[14.3709601041347,46.4398317205448],[14.3710313955385,46.4398340020076],[14.3710927701843,46.439827231918],[14.3711250780169,46.4398017681975],[14.3711483186394,46.4397839020402],[14.3711889743423,46.4397681109664],[14.3712650172218,46.4397419879662],[14.3713639704784,46.4397266972502],[14.3714540324258,46.4397037101539],[14.3715762423526,46.4396804497909],[14.37167154755,46.4396654986421],[14.3717583735221,46.4396409640415],[14.3718456001547,46.439615531878],[14.3719281521386,46.4396005104675],[14.3719978838655,46.4395912666339],[14.3720548893225,46.4395909498582],[14.3721198338405,46.4396019228601],[14.3721758313121,46.439598721458],[14.3722558724279,46.4395870149081],[14.3723538315927,46.4395675792702],[14.3723681751343,46.4395651388344],[14.3724156395652,46.439557032119],[14.3724623428099,46.4395472117819],[14.3725164801328,46.4395359926979],[14.3726226023709,46.4395196605889],[14.3727052892972,46.4395041895088],[14.3727917221525,46.4394911680959],[14.3728847483825,46.4394819615018],[14.3729590540547,46.4394710327375],[14.3730321255558,46.4394655853142],[14.3730830672709,46.4394606463261],[14.3731395634098,46.4394593365505],[14.3731908801742,46.4394670853058],[14.3732572087876,46.4394822038565],[14.3733395221045,46.439499299322],[14.3734024094068,46.439508101049],[14.3734688072213,46.4395171918824],[14.3735346731847,46.4395272694312],[14.3735925121776,46.4395337041866],[14.3736292758492,46.4395394836686],[14.373662049978,46.4395527087791],[14.3736793859697,46.4395730469152],[14.3736878623789,46.4395829000389],[14.3737004973554,46.4396159881319],[14.3737162980553,46.4396567409883],[14.3737852229968,46.4396497408908],[14.3738626096639,46.4396425171697],[14.3739150718503,46.4396411849255],[14.3739821213051,46.4396388528693],[14.3740378450551,46.439636818664],[14.3740777237971,46.4396433348094],[14.3741109784538,46.4396600712413],[14.3741375451874,46.4396585072045],[14.374173605113,46.4396461987398],[14.3742318336379,46.4396186267366],[14.3743040337064,46.4395869925343],[14.374345969096,46.4395730067344],[14.3743935520552,46.4395658895139],[14.3744415202529,46.4395592242296],[14.3745199045342,46.4395557842501],[14.3746011795226,46.439549930841],[14.3746663149292,46.439544259036],[14.3747900785044,46.4395443059001],[14.3748367715148,46.439546720424],[14.3748899582928,46.4395616762189],[14.3749503713417,46.4395706435099],[14.3750064462996,46.4395720296027],[14.3750502136733,46.4395799162061],[14.3750928731402,46.4395936447729],[14.375153480704,46.4396083710835],[14.3752073846702,46.4396289087736],[14.3752641253282,46.439640374989],[14.3753183605787,46.4396547065235],[14.3753575729659,46.4396739942874],[14.375426167317,46.4397072978438],[14.3754637129357,46.4396902286894],[14.3755188244585,46.43967343538],[14.3755734242725,46.4396672556808],[14.3756385542069,46.4396734592993],[14.3756509045305,46.4396746063602],[14.3756782198881,46.4396530727677],[14.3757229141323,46.4396481884686],[14.3757469418582,46.4396410320739],[14.375770724372,46.4396439509479],[14.3757904665963,46.4396473875836],[14.3757907576713,46.4396788785852],[14.3757970074845,46.4397014051341],[14.3758391162202,46.4397064033505],[14.3758758504621,46.439714791072],[14.3758910770907,46.4397145133326],[14.375898629956,46.4397143755649],[14.3758998499303,46.4397142409774],[14.3759413701776,46.4397096604566],[14.3759902869491,46.4397110969765],[14.3760302810102,46.439707536458],[14.3760583438815,46.4397003120435],[14.3761195927834,46.4396930887216],[14.376158531382,46.439690781977],[14.3762013747409,46.439699832706],[14.3762443921416,46.4397164418271],[14.3762677992204,46.4397408613202],[14.3762882725497,46.4397714727214],[14.3763279277973,46.4397519856054],[14.3763413163737,46.4397419820048],[14.3763621995322,46.4397252715396],[14.37632855374,46.4397085336299],[14.3763026677164,46.4396960666069],[14.3763063334844,46.439671344917],[14.3763196730077,46.4396542334409],[14.3763585317346,46.4396475176749],[14.3763645273254,46.4396353144828],[14.3764001011065,46.4396199436938],[14.3764296462397,46.4396310810996],[14.3764604448942,46.4396236015938],[14.3764814691904,46.4396173283672],[14.3764863171568,46.4396030496076],[14.3765113336881,46.4395890607421],[14.3765311828553,46.4395717148203],[14.3765508380679,46.4395713721209],[14.3765856630703,46.4395988227939],[14.3766041144377,46.4395899263967],[14.3766443717163,46.4395860971889],[14.3766844159161,46.4395781281971],[14.3767194403147,46.4395652734674],[14.3767518251084,46.4395556432533],[14.3768043108812,46.4395408143495],[14.3768267695157,46.4395457051245],[14.3768595353239,46.4395483128422],[14.3768808104626,46.4395542767951],[14.3769131920331,46.4395563425855],[14.3769330254629,46.4395631983714],[14.3769396529089,46.4395754703639],[14.3769633914669,46.4395708312913],[14.3769905606483,46.4395620722936],[14.3770204810699,46.4395517088207],[14.3770310618283,46.439548257636],[14.3770792766375,46.4395427621955],[14.3771245773206,46.4395303231925],[14.3771458832368,46.4395335881712],[14.3771949321239,46.4395234187973],[14.3772294163618,46.4395122703951],[14.377267082159,46.4395074371891],[14.3772897704064,46.439492175899],[14.3773179600618,46.4394852217748],[14.3773594396703,46.4394654743243],[14.3773887759159,46.4394492595405],[14.3774107038037,46.4394321946917],[14.377430815969,46.439414580136],[14.3774557922108,46.439392673506],[14.3774783994134,46.4393845193475],[14.3775035764739,46.4393792582046],[14.3775349701991,46.4393880661736],[14.3775576358297,46.439397636359],[14.3775834912118,46.4393899497069],[14.377607761401,46.4393728975677],[14.3776331885044,46.4393799636133],[14.3776775523934,46.4393697685369],[14.3777014854078,46.4393480361159],[14.3777218372293,46.4393322222079],[14.3777400352277,46.4393226944603],[14.3777670576441,46.4393153739954],[14.3778012424555,46.4393076426421],[14.3778218227524,46.4392946190216],[14.377833638092,46.4392855963541],[14.3778684858248,46.43927678895],[14.3778963320943,46.4392771203654],[14.3779461798374,46.4392653355589],[14.3779802159206,46.4392477966398],[14.377996739646,46.4392481564182],[14.3780146178092,46.4392324189741],[14.3780426341131,46.4392292424581],[14.3780565590284,46.4392063758976],[14.3780692289352,46.4392023061895],[14.3780956336147,46.4392149555735],[14.3781190758315,46.4392134635908],[14.378161498922,46.4392136942649],[14.3782076230251,46.4392089067388],[14.3782248270794,46.4392066610602],[14.3782522810417,46.4392185963545],[14.3782834882096,46.4392209252817],[14.3783044689887,46.4392070040538],[14.3783329976064,46.4392045500097],[14.3783663008238,46.4391827784133],[14.3783923661242,46.4391795012372],[14.3784196805665,46.4391808193019],[14.3784685926351,46.4391711884564],[14.3784924651146,46.439166189915],[14.3785164441951,46.4391632612523],[14.378538475155,46.4391485359604],[14.3785656980865,46.4391350084831],[14.3786069052246,46.4391048226069],[14.3786213749065,46.4391255942694],[14.3786323972621,46.439129073007],[14.3786567728511,46.4391256066506],[14.3786785376165,46.4391228458632],[14.378694256998,46.4391252704754],[14.3787042436785,46.4391397198899],[14.3787123525388,46.4391705335979],[14.378757496379,46.4391832846273],[14.3787692952745,46.4391927799915],[14.37878934966,46.4392089190929],[14.3788030181966,46.4392314857755],[14.3788163491487,46.439229023973],[14.378832361338,46.4392260670292],[14.3788547474426,46.4392373448648],[14.3788810658492,46.4392346987403],[14.3789011814495,46.4392510925117],[14.3789188293509,46.4392555968707],[14.3789465761521,46.4392532283976],[14.3789784159546,46.4392686061849],[14.3789999736462,46.4392611657847],[14.3790219237731,46.4392535475717],[14.3790346784502,46.4392420107274],[14.3790538109599,46.4392418446992],[14.3790588486412,46.4392566270908],[14.3790865395721,46.4392706327756],[14.3791216201208,46.4392756815959],[14.3791528365575,46.4392772006083],[14.3791660180928,46.4392853694428],[14.3791901211926,46.4392829811307],[14.3792162945172,46.4392931098466],[14.3792475828622,46.4392997574994],[14.3792621225759,46.4392914692298],[14.3792822716423,46.439293467955],[14.3793031034302,46.4393041074783],[14.3793274351288,46.4393045094403],[14.3793481962729,46.4392869880391],[14.3793765494069,46.4392770652928],[14.3794035109113,46.4392636261675],[14.3794259310502,46.4392489927866],[14.3794398578532,46.4392373722876],[14.3794681114528,46.4392247498858],[14.3794807567489,46.439222839162],[14.379501543183,46.4392260109136],[14.3795493119284,46.4392253703783],[14.37958773917,46.439233676123],[14.3796207621324,46.4392365543541],[14.3796431198162,46.4392503510342],[14.3796601482115,46.4392635789845],[14.3796890594995,46.4392732725946],[14.3797239880597,46.4392687836118],[14.3797389926154,46.4392539300106],[14.3797695134801,46.4392594037514],[14.3798061730281,46.4392629314391],[14.3798341177967,46.4392660519791],[14.3798533289078,46.4392589585724],[14.3798850842584,46.4392588608516],[14.3799113607832,46.4392599030228],[14.3799736309002,46.4392658187577],[14.3800138785321,46.4392627980393],[14.3800414303327,46.4392546701791],[14.3800706289499,46.4392505099082],[14.3801040352044,46.4392540198656],[14.380149885652,46.4392503996798],[14.3801964705362,46.4392623482233],[14.3802558831858,46.4393136830437],[14.3802568499392,46.4393141717182],[14.3803609551498,46.4393667947118],[14.3803973461909,46.4393620033914],[14.3803977096522,46.4393619555373],[14.3804487053117,46.4393636713223],[14.3804902555892,46.4393835098099],[14.3805248841269,46.4393825277777],[14.3805400290994,46.4393897174214],[14.3805842473325,46.4394038122616],[14.3805761628702,46.4393707495764],[14.3805776161039,46.4393573519544],[14.3805827548479,46.4393402855336],[14.3805832016821,46.4393238234891],[14.3805946720544,46.4393107500293],[14.3806096203161,46.4393008443456],[14.3806351585836,46.4392751613357],[14.3806537943679,46.439261406917],[14.3806741979699,46.4392524304655],[14.3807031029762,46.4392397213165],[14.3807211601038,46.4392310920293],[14.3807345711956,46.4392190187315],[14.3807438105859,46.4392190687603],[14.3807705773874,46.439211296353],[14.3807846275925,46.4392117323055],[14.3808054755653,46.4391979898395],[14.3808242363172,46.4391846859183],[14.380842071868,46.4391726365616],[14.3808663277031,46.4391567532599],[14.3808839250893,46.4391542394013],[14.3808970157424,46.4391474725651],[14.3809072832262,46.4391371816244],[14.3809199641163,46.4391321219928],[14.3809405158107,46.4391330429683],[14.380953411111,46.4391320331325],[14.3809610046195,46.4391280255959],[14.3809719693336,46.4391251159432],[14.3810284122705,46.4391169642812],[14.381076911286,46.4390977932906],[14.3811341492315,46.4390883863022],[14.3811611629371,46.4390817847462],[14.3811814087576,46.4390752365336],[14.3812094899863,46.4390663015288],[14.3812254322771,46.4390605397514],[14.381252203007,46.4390524073734],[14.3812763313762,46.4390477695144],[14.3812965669872,46.4390421209237],[14.381318574544,46.4390408904331],[14.38133002411,46.4390411323105],[14.3813759675836,46.4390522671763],[14.3814125434268,46.4390746875451],[14.381419692538,46.4390754459714],[14.3814420782845,46.4390752971397],[14.3814583335774,46.4390763747241],[14.3814726560586,46.4390872485563],[14.3814880898437,46.4390919204837],[14.3815101919197,46.4390938394089],[14.3815333645731,46.4390931549964],[14.3815519805711,46.4390926258781],[14.3815810873839,46.439096562003],[14.3816196624303,46.4390918222498],[14.3816455556402,46.4390922321617],[14.3816755560829,46.4390977025801],[14.3817042714941,46.4391017265273],[14.3817344560128,46.4391024295284],[14.3817641605919,46.4391110472655],[14.3817847477971,46.4391203354684],[14.3818907311511,46.4391274761145],[14.381995006542,46.4391360469491],[14.3820632994979,46.4391272390523],[14.3821195124849,46.4391279026453],[14.3821854507803,46.4391431938482],[14.382235901323,46.4391816135509],[14.3822910275452,46.4392323843415],[14.382336407152,46.4392819328593],[14.3823567068748,46.4393057042969],[14.3823853431305,46.4393392379629],[14.3824234750984,46.4393737223571],[14.3824427103094,46.43938277893],[14.3824806928883,46.4394006623652],[14.3825095488576,46.4394153032992],[14.3825094177085,46.4394153925609],[14.3825277005057,46.4394558876902],[14.3825340884147,46.4394646699322],[14.3825614041118,46.439502224135],[14.3825903933966,46.4395281119865],[14.3826209320471,46.4395435717038],[14.382625157764,46.4395462839177],[14.3826569800704,46.4395667085809],[14.3827030271254,46.4396033049095],[14.3827522462991,46.4396471159194],[14.3827702169852,46.4396576493986],[14.3828074536171,46.4396792631569],[14.3828474464443,46.4396988224722],[14.3828689317854,46.4397092849321],[14.3829233329138,46.4397321608793],[14.3829915404348,46.4397540316505],[14.3830893695785,46.4397688645897],[14.3831483050565,46.4397820481564],[14.3832162309548,46.4397942905118],[14.3832792026669,46.4398073158391],[14.3833472311387,46.4398104717258],[14.3834013637256,46.4398110335011],[14.3834488790135,46.4398213662788],[14.3835077801366,46.439837608446],[14.3835486119697,46.4398520437628],[14.3835695602509,46.4398870649352],[14.3835870862529,46.4399139703814],[14.3836321436002,46.4399345463852],[14.3836801917493,46.4399438023014],[14.3837254939126,46.4399542130069],[14.3837688511817,46.4399639834268],[14.3838110764291,46.4399933611342],[14.3838616421577,46.4400101879965],[14.3839000425595,46.440032527425],[14.3839354455063,46.4400436944464],[14.383991051381,46.4400405751195],[14.3840526231505,46.4400392872912],[14.3841140763125,46.4400485252505],[14.3841444152251,46.440058675269],[14.3841809762719,46.4400710180572],[14.3842536271307,46.4400797764179],[14.3843147179241,46.4400749770392],[14.384414523904,46.4400761440856],[14.3844895141886,46.4400851847977],[14.3845529134169,46.440094972813],[14.3846011021302,46.4401033294009],[14.3846215727846,46.4400768085087],[14.3846657982459,46.4400557236398],[14.3847342159964,46.4400474546389],[14.3848205613995,46.4400535872203],[14.3848931556454,46.4400673831754],[14.3850113941483,46.4400727874449],[14.3850948392197,46.4400822331032],[14.3852184847328,46.4400928844746],[14.385268058253,46.4400822646112],[14.3853101335348,46.4400671959081],[14.3853602571605,46.4400770920614],[14.3854025767847,46.4400865863756],[14.3854551460397,46.4400873187167],[14.3855139388252,46.4400785476807],[14.3855645965114,46.4400756709112],[14.385622749404,46.4400775128103],[14.3856766217174,46.4400896782062],[14.3857306373332,46.4401006747398],[14.3857772123338,46.4401020944949],[14.3858264648334,46.4400968708496],[14.3858773395863,46.44008625771],[14.3859275970017,46.4400726722318],[14.3859775496549,46.4400630437636],[14.38602403593,46.4400607741827],[14.3860766140474,46.4400723026541],[14.3861293544471,46.4400925590367],[14.3861560590911,46.4401018792863],[14.3861976342461,46.4401197364957],[14.3861924224149,46.4401434605338],[14.3862521758727,46.4401766201706],[14.3866946452275,46.4406651002866],[14.3866958866726,46.4407168395364],[14.3867446967457,46.4407162915491],[14.3867536781463,46.4407161597694],[14.3867951188488,46.4407228597925],[14.3868247574955,46.4407375038299],[14.3868662001368,46.4407672360871],[14.3868926399186,46.440777004592],[14.3869130218837,46.4407699162782],[14.3869629820696,46.4407596576328],[14.3870117810807,46.4407600991391],[14.387058614936,46.4407616996988],[14.3871130047578,46.4407510148797],[14.38714007507,46.440739373912],[14.3871723720066,46.440737477675],[14.3872023880398,46.4407416871485],[14.387229876019,46.4407508314039],[14.3872535093749,46.4407671525785],[14.3872522544677,46.4407862194365],[14.3872333333129,46.4408023126101],[14.3872161636618,46.4408176272672],[14.3872096707586,46.44082341868],[14.3871986747783,46.4408407239181],[14.3871991600563,46.4408670876471],[14.3872060623451,46.4408782808766],[14.3872158916774,46.4408859867181],[14.3872381859081,46.4409034645784],[14.3872802886248,46.4409207843996],[14.3873397358281,46.4409349582109],[14.3874022598949,46.4409416809856],[14.3874604511584,46.4409517993693],[14.3875200355505,46.4409537379395],[14.3875858544056,46.4409567895002],[14.3876409708233,46.44096257278],[14.3876926420995,46.4409622196472],[14.3877229084925,46.4409673300216],[14.3877770899352,46.4409868735974],[14.3878219680802,46.4410004293479],[14.387827767954,46.4410171047914],[14.3878671844235,46.4410302714101],[14.3879392684403,46.4410549490333],[14.3879819536799,46.4410783896539],[14.3880126552792,46.4411027558001],[14.3880556532396,46.441121519641],[14.3881123659745,46.441135858358],[14.388158900859,46.4411525717798],[14.3882045248125,46.4411692803097],[14.3882494173118,46.4411815763925],[14.3882925223951,46.4412024100206],[14.3883342365328,46.4412312434978],[14.3883778635112,46.4412635960083],[14.3884114636474,46.4412848286076],[14.3884357505681,46.4413125791849],[14.3884670686781,46.4413284013818],[14.3885002479866,46.4413407247029],[14.3885429967964,46.4413468912675],[14.3885820249672,46.4413482695302],[14.3885899402087,46.4413503811493],[14.3886353514822,46.441362859793],[14.3886760093983,46.4413814309511],[14.3886774328618,46.4413821583177],[14.3887190316159,46.441386429305],[14.3887558082417,46.4413913042929],[14.388797362093,46.4414112297418],[14.3888211773653,46.4414462652626],[14.3888490470604,46.4414795230501],[14.3888804693703,46.4414976849026],[14.3888955333007,46.4415355526747],[14.3889158454018,46.4415812758516],[14.3889612818628,46.4416148074119],[14.3890081569403,46.4416477168517],[14.3890430130884,46.4416847006729],[14.3890757247209,46.4417272511495],[14.3891080620775,46.4417683601019],[14.3891314124521,46.4417984447387],[14.3891726260361,46.4418255658086],[14.389230469269,46.4418552948265],[14.389283097965,46.4418858056967],[14.3893082719769,46.4419041140035],[14.3893419658159,46.4419286757061],[14.3893884017682,46.4419426890054],[14.3894211796688,46.4419676956428],[14.3894680558331,46.4419889088361],[14.3895099309713,46.4420034375566],[14.3895673881461,46.4420095023103],[14.3896182956495,46.4420077047152],[14.3897000521464,46.4420055319044],[14.3897003124246,46.4420055332934],[14.3897580122664,46.4420015226396],[14.3897582725446,46.4420015240284],[14.3898274316492,46.4419969446959],[14.3898276929318,46.4419968561202],[14.3898949330797,46.4419892975086],[14.3898951943621,46.4419892089327],[14.3899568013579,46.4419849491127],[14.3899570616361,46.4419849505011],[14.3900273628382,46.4419829862611],[14.3900276231163,46.4419829876493],[14.3900932573786,46.441979379023],[14.3900935186607,46.4419792904467],[14.3901565441105,46.4419762076897],[14.3901566742496,46.4419762083837],[14.3902192691261,46.4419767220843],[14.3902195294042,46.441976723472],[14.3902991032499,46.4419835355658],[14.3903665230025,46.441994871272],[14.390445834609,46.4420018618051],[14.3905257648286,46.4420117346104],[14.3905844522989,46.4420241932583],[14.3906429534867,46.4420416891868],[14.3906691390526,46.4420627016739],[14.3907223035943,46.4420802590983],[14.3908007071832,46.4420986706997],[14.390800708186,46.4420985807354],[14.3908468088155,46.4420843411697],[14.3908825461999,46.4420774239066],[14.3908828054759,46.4420775152572],[14.3909297416539,46.4420817238968],[14.3909982176334,46.4421034113709],[14.391058142555,46.4421216344256],[14.3910628015129,46.4421239984442],[14.3911027981013,46.4421436448515],[14.3911504791112,46.4421510962752],[14.3912068634477,46.4421600335238],[14.3912748020443,46.4421832474561],[14.3913536243375,46.4422108378158],[14.3914186719373,46.4422365554283],[14.3914747089028,46.4422650141206],[14.3915189833301,46.4422862126282],[14.3915588201374,46.4422851649949],[14.3915931570204,46.4422871470592],[14.3916395127486,46.4423084465617],[14.3916944937641,46.4423382490743],[14.3917509254231,46.4423546537907],[14.3917960749796,46.4423673996935],[14.3918266358571,46.4423812376065],[14.3918764474731,46.442396077572],[14.3919182034567,46.442421401139],[14.3919749155952,46.4424477039022],[14.3920429550392,46.4424853130638],[14.3920907414969,46.4424716217774],[14.3921431939685,46.442459664695],[14.3922004756125,46.4424464736776],[14.3922482510793,46.4424454679937],[14.3923039621953,46.4424564704262],[14.3923516508655,46.4424866837215],[14.3923888563438,46.4425233191197],[14.3924221626576,46.4425594839427],[14.3924313846306,46.4425611523889],[14.392478404488,46.4425695894124],[14.3925264884834,46.4425759627659],[14.3925393693967,46.4425763010929],[14.3925615632812,46.4425701210955],[14.3925779428325,46.442560131486],[14.3925936035256,46.4425445599353],[14.3926228663002,46.4425581208315],[14.3926742281639,46.4425857443781],[14.3927166055642,46.442625466103],[14.3927497938184,46.4426488545068],[14.3928254881601,46.4426769670588],[14.3928253580193,46.4426769663679],[14.392873134338,46.4427110486063],[14.3928988984574,46.4427232413131],[14.3929224052235,46.4427394706677],[14.3929370764073,46.4427543935424],[14.3929712265418,46.4427615024736],[14.3929916007235,46.4427668288545],[14.3930177630616,46.442766607831],[14.3930859472219,46.4427795654429],[14.3931518188439,46.4427898116529],[14.3932019144527,46.4428025832438],[14.3932578301783,46.4428069285394],[14.3933039553689,46.4428139209614],[14.3933514149369,46.4428179514434],[14.393386834624,46.4428279460145],[14.3934145640124,46.4428389794228],[14.3934311495338,46.4428573312353],[14.3934439360079,46.4428779121389],[14.3934646750905,46.4428972756417],[14.3934927021044,46.4429166777901],[14.3935280216899,46.4429239726958],[14.3935666537175,46.4429259769436],[14.3936143906551,46.4429284793023],[14.3936367504053,46.4429425431552],[14.3936748483022,46.4429575001691],[14.3937132833505,46.4429655312919],[14.3937544603636,46.4429727672094],[14.3938038842018,46.4429757282795],[14.3938320221356,46.4429851442974],[14.3938520871703,46.4430183594882],[14.3938595658322,46.4430598751491],[14.3938700887863,46.4430733364027],[14.3939266689681,46.4430882113452],[14.3939729804912,46.4430901661822],[14.394003392848,46.4430705340024],[14.3940389150924,46.4430595659783],[14.394058493206,46.4430545414373],[14.3940987867864,46.4430475573402],[14.3941016419247,46.4430482922238],[14.3941477185619,46.4430596925624],[14.3941960903984,46.4430636375564],[14.3942163197143,46.4430703124967],[14.3942468167878,46.443089997452],[14.3942575946595,46.4431156958968],[14.3942752047328,46.4431355824969],[14.3943057921238,46.4431588667019],[14.3943340968048,46.443176740629],[14.39436575828,46.4431970615064],[14.3943832641967,46.4432146083264],[14.3943918351777,46.443228059195],[14.3943783438047,46.4432358151154],[14.3943720696063,46.4432499971],[14.3943821883396,46.4432647157409],[14.3944006381766,46.443279298557],[14.3944247290006,46.4432898626038],[14.3944469978416,46.4433004169984],[14.394480335767,46.4433104002071],[14.3945083079663,46.4433230540888],[14.3945325658503,46.4433302901192],[14.3945709897446,46.4433276145022],[14.3946107130659,46.4433251256901],[14.3946565092298,46.4433266276737],[14.3946934238292,46.4433309616618],[14.3947194499309,46.4433430653736],[14.3947634490269,46.4433423085615],[14.394824865289,46.4433436232301],[14.394863159037,46.4433409468263],[14.3949003688107,46.4433421333707],[14.394933234085,46.443347795402],[14.3949717101023,46.4433639235887],[14.3950031853365,46.4433775855475],[14.3950056686778,46.4433883950455],[14.3950035897374,46.4434115962247],[14.3950265688894,46.4434285421106],[14.3950606443497,46.4434307016894],[14.3950837207272,46.4434153489644],[14.3951062486407,46.4434025124847],[14.3951354904814,46.4433827838444],[14.3951577799888,46.4433679667607],[14.395165386287,46.4433510027182],[14.3951707293823,46.4433386151598],[14.3951795036832,46.4433337132301],[14.3952276424356,46.4433352273736],[14.3952800293662,46.4433292065063],[14.3953331386636,46.4433167116175],[14.3953663232202,46.4433052809736],[14.3953954579482,46.4433187505114],[14.3954317310774,46.4433104851151],[14.3954531639888,46.4433025011412],[14.3954759705223,46.443311528693],[14.3955008953789,46.4433055425008],[14.3955326652442,46.4432925748466],[14.3955625472324,46.4432973212326],[14.3955738596652,46.4432982807159],[14.3956033422789,46.4433038347076],[14.3956277264644,46.4433114310518],[14.3956367329638,46.4433208354928],[14.3956426715766,46.443336971447],[14.3956490254915,46.4433508603536],[14.3956550158427,46.4433623181573],[14.3956696320541,46.4433940647185],[14.3956912204504,46.4434191003928],[14.3957300979487,46.4434460268065],[14.3957830000687,46.4434758163617],[14.3958310839782,46.4435058503482],[14.3958602018845,46.4435326351899],[14.3959052221211,46.4435572547806],[14.3959584097054,46.4435730104929],[14.3959931715873,46.4435955065652],[14.3960112910407,46.4436251671705],[14.3960160545785,46.4436329648291],[14.396028296779,46.4436557918079],[14.3960591155769,46.4436935618805],[14.3960715933333,46.4437068533131],[14.3960958019781,46.4437068012078],[14.3961269449191,46.4437152428607],[14.3961671212947,46.4437424458915],[14.3962054916049,46.4437681998583],[14.3962481258775,46.4437967653817],[14.3962916622556,46.4438261453781],[14.3962995284686,46.443832754687],[14.3963278013598,46.4438535969492],[14.396339139724,46.4438640033087],[14.3963401649394,46.4438772342613],[14.3963397526116,46.4438909974442],[14.3963488258419,46.4439179462655],[14.3963658706499,46.4439419681615],[14.3963874973638,46.4439517990302],[14.3964306892432,46.4439534664971],[14.3964558159598,46.443952789373],[14.3964738225143,46.4439486558225],[14.3965106800591,46.44393463511],[14.3965353199666,46.443930896431],[14.3965466166641,46.4439450812759],[14.3965503362115,46.4439618352599],[14.3965947023799,46.4439632389519],[14.3966374257703,46.4439644573843],[14.396641151847,46.4439645636478],[14.3966756121827,46.4439672645935],[14.3966961133517,46.4439729508615],[14.3967280840776,46.4439771681425],[14.3967760157877,46.4439739121493],[14.3968283853656,46.443981295962],[14.3968693857651,46.4439928483686],[14.3968935717026,46.4439948652769],[14.3969171027714,46.443973666553],[14.396930645779,46.4439848042365],[14.3969617384804,46.4440096198757],[14.3969814926856,46.4440240292115],[14.3970166932438,46.4440304227135],[14.3970499781369,46.4440099051752],[14.3970752441973,46.444031990975],[14.3971091652959,46.4440481843969],[14.3971477001524,46.4440708799447],[14.3971871320103,46.4440830537567],[14.3972503058691,46.44410210041],[14.397311551244,46.4441071915677],[14.3974022223349,46.4441230541602],[14.3974898285328,46.4441335923242],[14.3975528025379,46.4441353635819],[14.3975948770887,46.4441439523873],[14.3976389603402,46.4441474234862],[14.3976817161194,46.4441414407622],[14.3977192264557,46.4441390291853],[14.3977648734271,46.4441423285311],[14.3978279300153,46.444148418616],[14.397885642767,46.4441552002896],[14.3979709818331,46.4441588884545],[14.3980456976224,46.4441581121288],[14.398103579845,46.4441495097721],[14.3981363005867,46.4441447336402],[14.398141765661,46.44414485237],[14.3981744309166,46.4441451142363],[14.3981903518619,46.4441649013708],[14.3984261390056,46.4444530551052],[14.3984423243826,46.4444724837158],[14.3984697855854,46.4444607521604],[14.3984816486001,46.4444590151619],[14.3985163973588,46.444459197919],[14.3985755757865,46.4444629279837],[14.3986398244748,46.4444553485014],[14.3986940138827,46.4444393489168],[14.3987515553584,46.444426245958],[14.3988151270252,46.4444092160039],[14.3988596286908,46.4443865076608],[14.3989011647364,46.4443849265832],[14.3989546137634,46.4443888962478],[14.399033917582,46.4443851743894],[14.3991305455119,46.444380193951],[14.3991974256106,46.4443700188603],[14.3992502806882,46.4443569810011],[14.3992708113467,46.4443481818469],[14.3993135536498,46.4443315820225],[14.3993616518845,46.4443368729379],[14.3993806312867,46.4443389519457],[14.3994420790969,46.4443493512349],[14.3995112618288,46.4443546628334],[14.399590761608,46.4443567896456],[14.3996209786395,46.4443666649992],[14.3996770029328,46.4443731669956],[14.3997412418951,46.4443901485599],[14.3997987489237,46.4444038558514],[14.3998653928128,46.4444151818786],[14.3999468577142,46.4444161491494],[14.4000408293883,46.4444160123667],[14.4001107297244,46.4444389614195],[14.4001579040809,46.444457292754],[14.400201063524,46.4444856796141],[14.4002124114578,46.4445071519058],[14.4001758885716,46.4445760402803],[14.400172407279,46.4445826065804],[14.4001958964706,46.4445888477094],[14.400218607439,46.4445853962252],[14.4002502609449,46.4445805856963],[14.4003157251166,46.4445808390066],[14.4003734891416,46.444571155246],[14.4004285505483,46.4445705442227],[14.4004840063381,46.4445695753617],[14.4005362616611,46.4445756073314],[14.4005803444718,46.4445791672632],[14.4006287959943,46.4445878783437],[14.4006659535723,46.4445820451048],[14.4007115508685,46.4445780554717],[14.4007415809379,46.4445812717946],[14.4007955527307,46.4446088153868],[14.4008115092858,46.4446254534031],[14.4008590527787,46.4446457657138],[14.4009076148267,46.4446562766481],[14.400959196845,46.4446762501934],[14.4009894941383,46.4447025900514],[14.4010313429005,46.4447199934344],[14.4010487045494,46.4447271919626],[14.4011181709005,46.4447423107656],[14.4011742618329,46.444754660404],[14.4012242803503,46.444786681576],[14.4013134087857,46.4448128794976],[14.4014151900594,46.4448365344538],[14.4014993563639,46.4448642357429],[14.4015549673164,46.4448728939268],[14.4016284899632,46.4448623023249],[14.4016911748586,46.4448430168927],[14.4017660581393,46.4448389101352],[14.4018449020872,46.4448415717671],[14.4019310068454,46.4448586664582],[14.4019344027215,46.4448592466952],[14.4020059653498,46.4448714742308],[14.4020704172637,46.4448691121239],[14.4021549980659,46.4448470618817],[14.4021889072973,46.4448344498472],[14.4022096245258,46.4448267443742],[14.4022506052875,46.444804556128],[14.4023061744442,46.4447932404662],[14.4023725348761,46.444782970834],[14.402419810348,46.4447802488642],[14.4024739936936,46.4447885392634],[14.4025145356371,46.4448064750934],[14.4025416400987,46.4448273097103],[14.4025917716048,46.4448490743337],[14.4026283833403,46.4448574528106],[14.4026748645673,46.4448678621555],[14.4027234366449,46.4448655966804],[14.4027432306709,46.4448646204161],[14.4028176267495,46.4448574514577],[14.4029056698803,46.4448639391177],[14.4029199014688,46.444862950105],[14.4029646742842,46.4448598386428],[14.4030150743165,46.4448426165817],[14.4030515507332,46.4448301523016],[14.4031276455973,46.4447985202642],[14.4031967827046,46.4447723400171],[14.4033026690395,46.4447419429558],[14.4033621167507,46.4447091442705],[14.4034359266278,46.4446960338549],[14.4035161092347,46.4446952824708],[14.4036140521143,46.4447010114907],[14.403655316439,46.4447058274404],[14.4036761862473,46.4447082631448],[14.4037400352735,46.4447014884406],[14.4038090875623,46.4446830447708],[14.4038404858207,46.4446662647956],[14.4038676072043,46.4446517704687],[14.4039058152222,46.4446211999988],[14.4039484988142,46.4445979403833],[14.4040054221993,46.4445698066288],[14.4040789685036,46.4445569643334],[14.4041796573136,46.4445495716079],[14.4042243001676,46.4445495342665],[14.4042584999975,46.4445523215391],[14.4042961438523,46.4445734805493],[14.4043357867163,46.4446022973788],[14.4043642647577,46.4446183336996],[14.4043717485469,46.4446225479067],[14.4043755824317,46.4446236916329],[14.4044187112783,46.4446365578368],[14.404466833337,46.4446636193836],[14.4045366086691,46.4446862951693],[14.404579275484,46.444712338599],[14.4046333503085,46.444730614041],[14.4046947270655,46.4447476678906],[14.4047486590791,46.4447671121399],[14.4047930612442,46.4447772398939],[14.4048404453545,46.4447645308581],[14.4048798982196,46.4447630267379],[14.4049378854154,46.4447806026368],[14.4050074107235,46.4447904111742],[14.4050930204207,46.4447932857044],[14.4051201513268,46.4448117806365],[14.4051519095493,46.4448595397648],[14.4051614824132,46.4448888296896],[14.4051624647371,46.4449061989404],[14.4051643129495,46.444939677261],[14.4052088417278,46.4449262334648],[14.4052243820272,46.4449214559234],[14.4052968325937,46.4449016794844],[14.4053552292118,46.4448936159512],[14.4053932817454,46.4449251232327],[14.4054289877704,46.4449569781809],[14.4054995330537,46.4449568050907],[14.4055602420026,46.4449515425318],[14.4056336006007,46.4449559724334],[14.4056920266266,46.4449691417171],[14.4056968056329,46.4449706121985],[14.4057580540466,46.4449894580691],[14.4058104307905,46.4450083539178],[14.4058624659748,46.4450107835233],[14.4059147848574,46.4449990893449],[14.4059837282168,46.4449666423167],[14.405987391743,46.4449649181378],[14.4060357131699,46.4449497842951],[14.406136937707,46.4449410430842],[14.4062070327674,46.4449343894055],[14.4062575227593,46.4449352813248],[14.406317437214,46.4449432397769],[14.4063313452981,46.4449449314267],[14.4063348612084,46.444944769738],[14.406383574114,46.4449415137735],[14.4064283329689,46.4449547916809],[14.4064559672174,46.4449629423987],[14.4064978003519,46.4449819631521],[14.406525237065,46.4449963207334],[14.4065325557704,46.4450055356149],[14.4065455040022,46.4450117207399],[14.4065553711499,46.4450379531061],[14.4065571414259,46.4450427306829],[14.4065577696898,46.4450448032447],[14.4065589969095,46.4450516473054],[14.4065603337604,46.4450603812974],[14.4065638586839,46.4450713758841],[14.4065594886143,46.4450782808707],[14.4065585287391,46.445082774372],[14.4065558759777,46.4450873490588],[14.4067068082365,46.4450916409516],[14.4067499591198,46.4450852070398],[14.406759884462,46.4450821095869],[14.406777609824,46.4450798623189],[14.4067824233039,46.4450800672255],[14.4068174213549,46.4450932943511],[14.4068437132512,46.4451052167376],[14.4068631694467,46.4451353675035],[14.4069050133075,46.4451414325348],[14.4070048370248,46.4451418601946],[14.407064962007,46.4451424418358],[14.4071091404008,46.4451372726906],[14.4071506787601,46.4451355086895],[14.4072255464531,46.4451328377907],[14.4072717772958,46.4451424342416],[14.4073032189806,46.4451715674129],[14.4073403692272,46.4451903836492],[14.4074173435552,46.4452094961941],[14.4074811000583,46.445211266038],[14.4075396233695,46.4452155278867],[14.4075849725659,46.4452224205544],[14.4076259313467,46.4452381074883],[14.4076369660302,46.445252739724],[14.4076497973788,46.445266362647],[14.4076661749909,46.4452837505928],[14.4076971393332,46.4452849006257],[14.4077075669634,46.4452737324625],[14.4077172868639,46.4452633222842],[14.4077265380473,46.4452623805276],[14.4077348148583,46.4452432598575],[14.4077530174496,46.4452330076119],[14.4077698488427,46.4452411920387],[14.4077851901249,46.4452547669253],[14.4077978524252,46.4452753455695],[14.4078092332479,46.4452820622527],[14.4078356112402,46.4452860675284],[14.4078542525314,46.4452833749877],[14.4078651283478,46.4452646276434],[14.4078887542182,46.445258362119],[14.4079129952637,46.445267394613],[14.4079238916218,46.4452948017932],[14.4079410531271,46.445332587914],[14.4079600150517,46.4453639045568],[14.4079606167656,46.4453648983193],[14.4079713455271,46.4453704961787],[14.4080029381902,46.4453869800156],[14.4080433117696,46.4453966358047],[14.4081165079047,46.4454041222396],[14.4081771265033,46.4454072250002],[14.408197651836,46.4454108400275],[14.4082468281682,46.4454128938758],[14.4083318525827,46.4454098249564],[14.408382480997,46.4454099968962],[14.4084254969239,46.4454040115026],[14.4084619801403,46.4454003315147],[14.4084866939248,46.4453897529515],[14.4085069378892,46.4453832898689],[14.4085411696297,46.4453831969968],[14.4085614807679,46.4453705263471],[14.4085883771858,46.4453867700004],[14.4086081638655,46.4454105343324],[14.4086194610897,46.4454249878911],[14.4086506225515,46.4454319867111],[14.408679536762,46.4454301568795],[14.4087080838896,46.4454261658715],[14.4087381908387,46.4454223628597],[14.4087747665118,46.4454101361347],[14.408806813279,46.4453954568069],[14.4088284151313,46.4453837824479],[14.4088328871273,46.4453674310903],[14.4088524326194,46.4453653728483],[14.40888116456,46.4453924222763],[14.4089188059297,46.4454140295959],[14.4089301888661,46.4454205662389],[14.4089754185048,46.4454505799328],[14.4090234029231,46.4454665725808],[14.4090586747126,46.4454786308284],[14.4090947565886,46.4454879941617],[14.4091109314848,46.4455087707472],[14.4091327899066,46.4455455912884],[14.4091363023405,46.4455818671964],[14.4091580357152,46.4456061813075],[14.40919329109,46.4456197689122],[14.4092334298704,46.4456391397877],[14.409259316386,46.4456645549679],[14.409271222759,46.4456828803019],[14.4093228564849,46.4456984418245],[14.4093378593739,46.4457072463634],[14.4093518327488,46.4457149659478],[14.4093715945984,46.4457410692283],[14.4093895196615,46.4457805684945],[14.4093854197685,46.4457986312172],[14.4093855880995,46.4458553129517],[14.4093866773376,46.4458990438152],[14.4093878767328,46.4459084968198],[14.4093921984478,46.4459421677777],[14.4093900127163,46.4459758051302],[14.4093917500704,46.4459956973892],[14.4093966935108,46.4460200147162],[14.4094033279228,46.4460444307447],[14.4094238603836,46.4460474158008],[14.4094538713782,46.4460525190981],[14.4094815065172,46.446072725017],[14.4094898786059,46.4460929214401],[14.4094901853288,46.4461127163409],[14.4094895150191,46.4461265682018],[14.409492113027,46.4461390873935],[14.4094818251463,46.4461636859507],[14.4094822688212,46.4461828517709],[14.4094975621858,46.4462009246588],[14.4095069384393,46.4462366010398],[14.4095096479041,46.4462749420874],[14.4095307201651,46.446312298306],[14.4095526977782,46.4463381430832],[14.4095814247417,46.4463657321223],[14.4096802764408,46.4463840563818],[14.4097494550286,46.4463900815185],[14.4098511555575,46.4464097698771],[14.4099992993662,46.4464195311795],[14.410048071662,46.4464229317123],[14.4100951024827,46.4464309116924],[14.4101781179087,46.4464452851436],[14.4102474847819,46.4464474678439],[14.4103354248119,46.4464502349071],[14.4104511293909,46.4464627973645],[14.4105418178922,46.4464656939939],[14.4105584275151,46.4464583121215],[14.4106009012441,46.4464664483458],[14.4106057713927,46.4464855470028],[14.4106493513599,46.4464876609458],[14.4107049623971,46.4464845286571],[14.410751323216,46.4464943043072],[14.4107777718585,46.4464918314547],[14.4108330583995,46.446482579498],[14.4108316643994,46.4464670075732],[14.4108707851226,46.4464601914678],[14.410904268644,46.4464571250364],[14.410927704411,46.4464564360225],[14.4109432076027,46.446443020431],[14.4109833190716,46.44644088781],[14.4109896855531,46.4464298543357],[14.4109941870524,46.4464107139906],[14.411008417804,46.4463945927485],[14.4110327158922,46.4463863507061],[14.41105382444,46.4463842101678],[14.4110887909408,46.4463763829294],[14.4111212518588,46.4463836576748],[14.4111665307528,46.4463972063098],[14.4112103396955,46.446390144317],[14.4112306535039,46.4463772033006],[14.4112644932105,46.4463652316052],[14.4112780743644,46.4463610729447],[14.4113022257714,46.4463543595735],[14.4113263723268,46.4463480960203],[14.4113304514026,46.4463350949146],[14.4113325724341,46.4463283346174],[14.4113497141382,46.4463198757333],[14.411360387783,46.446295638873],[14.411367371972,46.4462876675237],[14.4113953874312,46.4462968086733],[14.4114003524991,46.4462962532243],[14.4114107644929,46.4462950884194],[14.4114536280485,46.4462791144757],[14.4115024319637,46.4462674896248],[14.4115172047686,46.4462614477056],[14.4115486822706,46.4462512631636],[14.4115727606018,46.4462392411516],[14.4115869087981,46.4462307668301],[14.4116074217311,46.4462234948569],[14.4116528271446,46.4462132020016],[14.4116922669659,46.4462008991097],[14.4117341050401,46.4461955362007],[14.4117544399581,46.4461806158678],[14.411760176811,46.4461675997801],[14.4117611194344,46.4461525797018],[14.4117646631099,46.4461377529409],[14.4117770985862,46.4461191032193],[14.4117920156075,46.4460996565327],[14.4118089510973,46.4460861582201],[14.4118031104476,46.4460725427688],[14.4117926289712,46.4460547648462],[14.4117764373979,46.4460354280707],[14.411764764079,46.4459832756196],[14.4117601416873,46.4459169442324],[14.4117571492617,46.4458563792838],[14.4117624658161,46.4458219482626],[14.4117543615589,46.4457888877263],[14.4117457593698,46.4457658112566],[14.4117163527922,46.445740828382],[14.4116938160233,46.4457184899574],[14.4116813849638,46.4456883761559],[14.4116807480206,46.4456629114747],[14.4116883577854,46.4456515261806],[14.4116986066614,46.4456361923909],[14.4117054460404,46.4456295698196],[14.4117338553784,46.4456020952746],[14.4117577298396,46.4455727080355],[14.4117773833715,46.4455485173204],[14.4117900179973,46.4455355367066],[14.4118079363963,46.4455274416259],[14.4118189912317,46.4455282182374],[14.4118439757794,46.4455287066062],[14.4118612531105,46.4455197085241],[14.4118768273018,46.4455238372471],[14.4119341780438,46.4455282707558],[14.4119814657708,46.4455365211915],[14.4120154189237,46.4455381352699],[14.4120344331228,46.4455370634186],[14.4120631029929,46.4455216460613],[14.4120819972304,46.445507527989],[14.4121168773507,46.4455197632189],[14.4121376434679,46.4455131222387],[14.4121723808969,46.4455023244928],[14.4121988860906,46.445494543394],[14.4122236175875,46.4454822546918],[14.4122447562264,46.4454893809601],[14.4122654768411,46.4454869682955],[14.4122963296081,46.4454622052559],[14.4123372608611,46.4454563876178],[14.4123493975628,46.4454775928432],[14.4123455454227,46.4454969165203],[14.4123690311334,46.4455157508774],[14.412384939252,46.4455372453855],[14.4123987708175,46.4455581894046],[14.4124352790312,46.4455521690673],[14.4124719077128,46.4455470490335],[14.4124906602197,46.4455582116316],[14.4125050743229,46.4455734005739],[14.4125486623474,46.4455747041085],[14.4125757080196,46.4455771822362],[14.4126043918663,46.4455725611706],[14.4126566131826,46.4455698603713],[14.4126811338309,46.4455771838665],[14.4127070033429,46.4455801057714],[14.4127302238581,46.4455751867103],[14.4127516963706,46.4455754769074],[14.4127686891036,46.4455687264676],[14.4127849347786,46.4455588232527],[14.4128090750147,46.4455530991711],[14.4128363471528,46.445558727337],[14.4128672586115,46.4455648240278],[14.4128872428007,46.445558268867],[14.4129153026039,46.4455632712702],[14.4129386919001,46.445554754248],[14.4129777766077,46.4455633220428],[14.4129915607135,46.4455644724281],[14.4130094351519,46.4455725714668],[14.413034809514,46.4455610056459],[14.4130691193421,46.445565770179],[14.4130975399474,46.4455614175477],[14.4131259016128,46.4455625527542],[14.4131471386682,46.4455726483583],[14.4131705068273,46.4456024582419],[14.4132009885627,46.4456000954924],[14.4132281364132,46.4456051831093],[14.4132496405623,46.4456146502773],[14.4132777755202,46.4456247812457],[14.413303957298,46.4456349921572],[14.4133249063473,46.4456355494702],[14.4133409607137,46.4456434591812],[14.4133443708737,46.4456459585476],[14.4133554243312,46.4456540598191],[14.4133721045678,46.4456521660467],[14.4133976609653,46.445647888619],[14.4134215790741,46.4456628562832],[14.4134305455783,46.4456763077454],[14.4134488926423,46.4456767617209],[14.4134804926371,46.4456793529616],[14.4134911124662,46.4456964116829],[14.4135158373856,46.4457211001843],[14.4135551665635,46.4457069067198],[14.4135886185873,46.4457067183689],[14.4136187678392,46.4456989556258],[14.4136368785794,46.4457093050184],[14.4136608162503,46.4457103274406],[14.4136810489537,46.4457169989503],[14.4137336827084,46.4457365222711],[14.4137493554045,46.4457436202414],[14.4137759652741,46.445762470323],[14.4137969103839,46.4457755333071],[14.4138472200171,46.4457811893407],[14.4138747256576,46.4457893376048],[14.4139145501933,46.4457896316651],[14.413963709739,46.4457933024219],[14.4139812480703,46.4457842153878],[14.4140158512207,46.4457859221723],[14.4140753195262,46.4457871265501],[14.4141194746564,46.4457841138491],[14.4141420935225,46.4457867488679],[14.4141660255029,46.4457761650736],[14.414197145501,46.4457749749333],[14.4142020863721,46.4457633041897],[14.4142366558013,46.4457560137723],[14.4142679262141,46.4457407891216],[14.4142863070567,46.4457380941989],[14.414318598368,46.4457369100242],[14.4143483792422,46.4457513676997],[14.4143719988085,46.4457456406222],[14.4144029105481,46.4457517368991],[14.4144247687676,46.4457524786051],[14.4144664780189,46.4457469340975],[14.4145046530082,46.4457432608436],[14.4145402674291,46.4457356158056],[14.4145680189544,46.4457329688067],[14.4145819227263,46.445747255178],[14.414609886367,46.445749107736],[14.4146446244836,46.445750365173],[14.4146812676777,46.4457681867603],[14.4147149800356,46.4457679994122],[14.4147553270055,46.4457559700148],[14.4147950395928,46.4457424078735],[14.4148214501257,46.445743442706],[14.4148426343867,46.4457341942554],[14.41487406463,46.4457161811984],[14.4148910011696,46.445702502495],[14.4149033459013,46.4456922191436],[14.4149129217571,46.4456731046024],[14.4149168800347,46.4456559406538],[14.4149461180346,46.445648172899],[14.4149629986735,46.4456397121371],[14.4149754290941,46.4456214219194],[14.4149806106901,46.4455994058663],[14.4149948979744,46.4455900321376],[14.4150257710365,46.445587580934],[14.4150267295078,46.4455872656354],[14.415051894094,46.4455789874929],[14.4150803501816,46.4455713056742],[14.4151098553083,46.4455750553559],[14.4151194139001,46.4455697060617],[14.4151256252258,46.4455609208031],[14.4151324487764,46.44555573746],[14.4151396870063,46.4455604528962],[14.4151521785108,46.4455729325838],[14.4151617950362,46.4455743313043],[14.4151761642924,46.4455694564536],[14.4152012384305,46.4455615773717],[14.4152235842636,46.4455532344861],[14.4152385183843,46.4455442239128],[14.4152444453252,46.4455376864343],[14.4152789963819,46.4455442509303],[14.4153070756539,46.4455474534535],[14.4153286744719,46.445548103691],[14.4153517097326,46.4455483114194],[14.4153750495626,46.4455443820972],[14.4153945022686,46.4455388134474],[14.4154126929474,46.4455295495889],[14.415430656044,46.4455172255968],[14.4154389083021,46.4455123194469],[14.4154486915409,46.4455103001496],[14.4154989558827,46.4455201837978],[14.4155222216004,46.445523181728],[14.415551087538,46.4455258483938],[14.4155819105106,46.4455280752047],[14.4156155560673,46.4455219492544],[14.4156360787865,46.4455136869422],[14.4156569919436,46.4455054266212],[14.4156801823469,46.4455032958658],[14.4156970609044,46.445495014924],[14.4157050066679,46.4454944257312],[14.4157263243089,46.4455091996886],[14.415747952273,46.4455192968066],[14.4157710811238,46.4455229237745],[14.415794588881,46.4455276323087],[14.4158107060892,46.4455296939682],[14.4158202088255,46.4455295625685],[14.415832881278,46.4455251288162],[14.4158395832645,46.4455191350834],[14.4158503778631,46.4455199099759],[14.4158652439221,46.4455294327164],[14.415884439493,46.4455357386607],[14.4159061617314,46.4455370192069],[14.4159252935081,46.4455371169143],[14.4159390334429,46.4455424053216],[14.4159629816648,46.4455424376499],[14.4159920810112,46.4455476245459],[14.4160165594421,46.4455467598742],[14.4160401989368,46.4455391431917],[14.4160635925484,46.4455301757046],[14.4160789169697,46.4455211670144],[14.416093217504,46.4455105336414],[14.4161009923662,46.4455015763732],[14.4161271357858,46.445503239328],[14.4161743378099,46.4454952030896],[14.4162033327952,46.445522341988],[14.4162107176001,46.4455255286209],[14.4162272464113,46.445525612991],[14.4162445359301,46.4455275906036],[14.4162621030441,46.4455279501772],[14.4162651305008,46.4455369625921],[14.4162774032834,46.4455455723465],[14.4162949996534,46.4455553788751],[14.4162970893324,46.445556565451],[14.4163119472106,46.4455650021505],[14.4163260507301,46.4455728115163],[14.4163414442059,46.445581707099],[14.4163510665293,46.4455825659313],[14.4163668279202,46.4455813867901],[14.4163876132099,46.4455850916433],[14.416405104444,46.4455925584081],[14.4164207020628,46.4455945273607],[14.4164344929779,46.4455950475783],[14.416441794732,46.4455938252608],[14.4164519616693,46.4455924376229],[14.416461852939,46.4455924880915],[14.4164636889235,46.4456033837839],[14.4164863039898,46.4456063781982],[14.4165099804176,46.4456074886608],[14.4165330157101,46.4456076961514],[14.4165555832376,46.4456029529216],[14.4165733583254,46.4455960259688],[14.4165934328578,46.4455931593761],[14.4166067492817,46.4455893586105],[14.4166071344332,46.4455776645238],[14.416608352033,46.4455745208839],[14.4166115512982,46.4455662609119],[14.4166223718486,46.445564606684],[14.4166371083693,46.4455618927941],[14.4166466716123,46.4455560935479],[14.4166482261679,46.4455445853651],[14.4166523121187,46.4455276019468],[14.416657283677,46.4455251981249],[14.4166736309387,46.445517903995],[14.4166886171774,46.4455161810381],[14.4166976382398,46.4455245942233],[14.4167160837453,46.4455280171744],[14.4167327369457,46.4455286419236],[14.4167519825473,46.4455302695569],[14.4167766194812,46.4455389423112],[14.4167922877196,46.44554648969],[14.4168006926257,46.4455516608185],[14.4168170903383,46.4455518344044],[14.4168345513178,46.4455499441082],[14.4168439565488,46.445546753159],[14.4168590652584,46.4455457505611],[14.4168722121449,46.4455456376548],[14.4168943642147,46.4455432314502],[14.4169045618493,46.4455389649005],[14.4169338436634,46.4455270582581],[14.4169602666156,46.445526923055],[14.4169827476911,46.4455302765666],[14.4170080689947,46.4455358038229],[14.4170348171347,46.4455417881947],[14.417073073022,46.4455427029467],[14.4170923551049,46.4455409118628],[14.4171081337415,46.4455381132541],[14.4171228948268,46.4455452960856],[14.4171343654904,46.4455314992232],[14.4171179176341,46.4455116220791],[14.4171298541892,46.4455029558601],[14.4171524024322,46.4455000118068],[14.4171705611394,46.4454937165034],[14.4171900597015,46.44548382924],[14.4172063761786,46.4454794139051],[14.417228346252,46.4454818650682],[14.417246531481,46.4454852866076],[14.4172737743136,46.4454937026241],[14.4172896741257,46.4455039502035],[14.4172998227991,46.4455042718201],[14.4173140396377,46.4455014652256],[14.4173193715628,46.4455140881385],[14.4173206084652,46.4455323582743],[14.417321271367,46.4455434279156],[14.4173167759928,46.4455622086642],[14.4173525354059,46.4455531239751],[14.4173960592866,46.4455604533002],[14.4174337165263,46.4455442706531],[14.4174417850375,46.4455321658528],[14.4174494304934,46.4455231178642],[14.4174550498802,46.4455209872164],[14.4174653248701,46.4455216693401],[14.4174805931652,46.4455301142837],[14.4174949053567,46.445542782928],[14.4174987139071,46.4455517992885],[14.4175002476069,46.4455666520881],[14.4175072897288,46.4455775742795],[14.4175237734907,46.4455818868051],[14.4175403797324,46.4455869197091],[14.4175551639009,46.4455919433313],[14.4175697414704,46.4455919276005],[14.4175807849003,46.4455937832324],[14.4175972607551,46.445611051333],[14.4176174021113,46.4456141228961],[14.4176335596831,46.44561240578],[14.417642206998,46.4456070516348],[14.417645664676,46.4456001415801],[14.4176469769415,46.4455869227273],[14.41765934103,46.4455869856838],[14.4176750017358,46.4455952526602],[14.4177036506629,46.4455938690445],[14.4177218074216,46.445587753583],[14.4177513539622,46.4455876341001],[14.4177932580859,46.4455759714369],[14.4177968575398,46.4456168359699],[14.4177983924185,46.4456486608669],[14.417798563238,46.445652202715],[14.4177984700644,46.4456731651629],[14.4178015790497,46.4456867664026],[14.4178153640533,46.44570006211],[14.4178303299853,46.4457124641309],[14.4178559115679,46.4457302283927],[14.4178807822333,46.4457414212479],[14.4179029027163,46.4457419836847],[14.4179336110959,46.4457427697643],[14.4179627003666,46.4457367099045],[14.4180051206775,46.4457010279017],[14.4180149996684,46.44569001191],[14.4180227024248,46.4456877991369],[14.4180537745026,46.4456788730451],[14.4180922449546,46.4455007489958],[14.4181367128964,46.4456516743628],[14.4181671906259,46.4456496701479],[14.4182008808792,46.4456515509612],[14.4182249984644,46.4456601307916],[14.418253062652,46.4456647720285],[14.4182820503337,46.4456682483506],[14.4183107586576,46.4456612867683],[14.4183290503082,46.4456547220485],[14.4183493525923,46.4456426794045],[14.4184128737828,46.4456177209784],[14.4184533605196,46.4456047013213],[14.4184796811234,46.4456019561276],[14.4184899369957,46.4456044374546],[14.4185087616007,46.4456089416795],[14.4185172633652,46.4456050262421],[14.4185341013238,46.4456005233998],[14.4185583673073,46.4455951586228],[14.4185878765486,46.4455863116806],[14.4186123961173,46.4455815779687],[14.4186509171459,46.4455820436925],[14.4186744739903,46.4455821634332],[14.4186962154559,46.4455938800234],[14.4187305057129,46.4455882962516],[14.4187558702836,46.4455897747076],[14.4187821009225,46.4455954861317],[14.418805962106,46.4456037046581],[14.4188408600774,46.4456144084433],[14.4188725062655,46.4456249157556],[14.4188926218707,46.445630416143],[14.4189157567231,46.4456335026874],[14.4189325487416,46.4456333180949],[14.4189513637725,46.4456264860258],[14.4189936954879,46.4456235521487],[14.4190179940274,46.4456273643412],[14.4190304432507,46.4456194202855],[14.4190440245931,46.4456151707338],[14.4190684877103,46.4456157448451],[14.4190965653373,46.4456191263685],[14.4191198370393,46.4456215837794],[14.4191423058591,46.4456261064092],[14.4191653191817,46.4456283825592],[14.4192040823797,46.4456305587495],[14.4192294269057,46.4456339263607],[14.4192608836319,46.4456377748513],[14.4192854673503,46.4456392492247],[14.4193037752642,46.4456433908167],[14.4193307390811,46.4456536043186],[14.4193537421338,46.4456621547041],[14.4193582235023,46.4456638204573],[14.419388135678,46.4456660416179],[14.4194230154837,46.4456662186873],[14.4194697435847,46.4456660060405],[14.4194738674899,46.445665489516],[14.4195139250976,46.4456604722414],[14.4195369986538,46.4456570805362],[14.419553196505,46.4456638204978],[14.4195583132518,46.4456678337475],[14.4195739784204,46.4456801205016],[14.4196273498429,46.4456794016878],[14.4196714960021,46.4456771965244],[14.4197029938647,46.4456771764084],[14.4197233079719,46.445672413854],[14.4197277851406,46.4456713642005],[14.4197588264067,46.4456653137878],[14.4197854989726,46.4456539329955],[14.419791855947,46.4456436187393],[14.4197917236444,46.4456315621387],[14.4198070388881,46.4456233626295],[14.4198279046633,46.4456195098173],[14.4198600752018,46.445617423769],[14.4199109641906,46.4456175919267],[14.419947131129,46.4456191249091],[14.4199676535206,46.445623097687],[14.4199855430582,46.4456176102984],[14.4200337803857,46.4456223534043],[14.4200816014993,46.4456295235592],[14.4200866467389,46.4456324281696],[14.4201068757499,46.4456517842402],[14.42012869997,46.4456679994584],[14.4201438455769,46.4456880495051],[14.4201483274461,46.4456929133344],[14.4201625032993,46.4457082972952],[14.4201756034486,46.4457125922836],[14.4201913514362,46.445712672122],[14.4202177467973,46.4457151451453],[14.4202426990721,46.4457186904827],[14.4202639795093,46.4457248263208],[14.4202845067359,46.4457283492182],[14.4203079086887,46.4457308070474],[14.4203334474178,46.4457281474336],[14.4203462367329,46.445720029917],[14.4203507444205,46.4457171688379],[14.4203660443374,46.4457104086902],[14.420384690901,46.4457071743165],[14.4203996656291,46.4457065304504],[14.4204203602183,46.4457065453563],[14.420441789902,46.4457108825253],[14.4204641735633,46.4457111758915],[14.4204883607799,46.4457009519465],[14.4205108578187,46.4457151011996],[14.4205254997481,46.4457212933219],[14.4205399672393,46.4457193872927],[14.4205491782236,46.4457222230193],[14.4205619255798,46.4457352432291],[14.4205750776967,46.4457469159438],[14.4205781108473,46.445751799728],[14.4205886426266,46.4457687573154],[14.4206151601239,46.4457597147544],[14.4206265265793,46.4457584332577],[14.4206479986289,46.4457560124153],[14.4206778074663,46.4457557135657],[14.4207014525805,46.4457597919992],[14.4207184787321,46.4457498016419],[14.4207344975194,46.4457488931114],[14.4207487795526,46.4457522043544],[14.420766465481,46.4457536434732],[14.4207962285472,46.4457576629027],[14.4208340527382,46.4457502070355],[14.4208518955133,46.4457491277861],[14.4208801730699,46.4457459421017],[14.4208829562355,46.4457289519365],[14.4208946433881,46.4457192044269],[14.4209083046936,46.4457073976107],[14.4209392862477,46.4456946888234],[14.4209654313176,46.4456839348727],[14.4209852930231,46.4456765679506],[14.4209891636066,46.4456675006147],[14.4209950073875,46.4456564639365],[14.4210020501451,46.445642824209],[14.4210113364417,46.4456385526796],[14.4210326950928,46.4456373112619],[14.4210645027931,46.445632613919],[14.4211291917664,46.4456201656735],[14.421177419117,46.4456135720742],[14.4212064955799,46.4456086809296],[14.4212277793302,46.4456022208582],[14.4212386426281,46.445596517777],[14.4212506162814,46.4455965783694],[14.4212680561678,46.4455966666213],[14.4212776985827,46.4455956357787],[14.421292041583,46.4455931892067],[14.4213124977459,46.4455911334435],[14.4213322139806,46.445585205239],[14.4213495694408,46.4455809745094],[14.4213595321619,46.4455742771944],[14.4213740205427,46.4455703918336],[14.421389797069,46.4455677725628],[14.4213967673239,46.4455609701353],[14.4214065370209,46.4455602098346],[14.4214187690583,46.4455604516559],[14.4214304843124,46.4455603309829],[14.4214421465675,46.4455529225014],[14.4214541687863,46.4455483948674],[14.4214750696586,46.4455412130562],[14.4214857846751,46.4455372186242],[14.421504359688,46.4455407314277],[14.4215212646793,46.4455421664797],[14.421536853904,46.4455449444185],[14.4215526180358,46.4455434946676],[14.4215689389455,46.4455386288849],[14.4215810097146,46.4455295130324],[14.421591350464,46.4455239872141],[14.421596106264,46.4455173535141],[14.4216035402505,46.4455036257583],[14.4216142266849,46.4455023302584],[14.4216316808246,46.4455010689826],[14.4216440782269,46.4454979827399],[14.4216526889532,46.4454960469522],[14.4216668636793,46.4454971982672],[14.4216757363191,46.4455074097012],[14.4216852673198,46.4455169047067],[14.4217034973117,46.4455284230295],[14.4217262561203,46.4455301575596],[14.4217401648485,46.4455318473382],[14.4217532006177,46.4455299339165],[14.42177339454,46.4455280566841],[14.4217882961696,46.4455220140893],[14.4217982435965,46.4455167561726],[14.4218092645704,46.4455084447152],[14.421812486168,46.445499194131],[14.4218173863649,46.4454912116075],[14.4218238254942,46.4454853961346],[14.4218316696007,46.4454821069135],[14.4218393407269,46.4454828654504],[14.4218622674959,46.445493327856],[14.4218789728571,46.4455013296284],[14.4218947976407,46.4455064479194],[14.421911922006,46.4455117527164],[14.4219247314981,46.4455189250632],[14.4219302288998,46.4455283096906],[14.421934699392,46.4455363395829],[14.4219454350848,46.4455426917189],[14.4219639891946,46.4455481836737],[14.4219759209692,46.4455522026418],[14.421988486359,46.4455578442642],[14.422007538235,46.4455654979985],[14.4220153461844,46.4455656274277],[14.422027345523,46.4455632588888],[14.4220410681878,46.44555793006],[14.4220469619699,46.445554451029],[14.4220571287624,46.4455530628921],[14.422069752198,46.4455532166519],[14.4220886056281,46.4455550213445],[14.4221133252479,46.4455559559791],[14.4221270981387,46.445558184842],[14.4221361818852,46.445560749889],[14.4221515869541,46.4455563292438],[14.4221633745033,46.4455493711699],[14.4221769148575,46.4455366638947],[14.4221874180388,46.445528079876],[14.4221965940514,46.4455219183311],[14.4222151045898,46.4455192227894],[14.4222373646952,46.445518885397],[14.4222524590381,46.4455192315584],[14.4222754933753,46.4455195278572],[14.4222934538332,46.4455196185823],[14.4223064648537,46.4455200441828],[14.4223198691722,46.4455202018594],[14.4223391501327,46.4455184998549],[14.4223465952099,46.4455160183097],[14.4223548278325,46.4455129109543],[14.4223616174123,46.4455108759454],[14.4223725403541,46.4455118308097],[14.4223933848662,46.4455222825919],[14.4224060120996,46.4455220764554],[14.4224239108713,46.4455156890358],[14.4224497553363,46.4455087119516],[14.4224669719821,46.4455052900781],[14.4225104159155,46.4454956127941],[14.4225581224022,46.4454890159825],[14.422589433931,46.4454943023384],[14.4226200918734,46.4454998552949],[14.4226519268588,46.4455048743675],[14.4226729690513,46.4455089392535],[14.4226891957621,46.445512979828],[14.4227040962828,46.4455193529161],[14.4227243632974,46.445522874062],[14.4227307291582,46.4455239858292],[14.4227618232732,46.4455005707312],[14.4227722085614,46.4454908164586],[14.4227741399168,46.4454804796999],[14.4227748315573,46.4454642886586],[14.4227790561636,46.4454586418943],[14.4227927682769,46.4454543025879],[14.4228193507964,46.445451377778],[14.4228499574523,46.4454494629355],[14.4228756764193,46.4454543611119],[14.4228872291981,46.445457298437],[14.4229110444025,46.4454575985481],[14.4229369913769,46.4454532309901],[14.422960101688,46.4454463299644],[14.4229654558087,46.4454446475555],[14.4229960206487,46.445434365288],[14.4230247339594,46.4454268627299],[14.423036414039,46.4454300705911],[14.4230628283945,46.4454307436612],[14.4230787064569,46.4454308237583],[14.4230847018152,46.4454300442747],[14.4230938254751,46.4454288307229],[14.4231053877576,46.4454308683778],[14.4231188737709,46.4454356148236],[14.4231335738546,46.4454363187586],[14.4231478806455,46.4454372906168],[14.4231614150951,46.4454374488512],[14.4231681903917,46.4454367632667],[14.4231987760227,46.4454121758799],[14.4232293179484,46.445391726867],[14.4232458514872,46.4453913603984],[14.423257044212,46.4453914168425],[14.4232771962587,46.4453934977969],[14.4232947396511,46.4453961054111],[14.4233155519347,46.4453972899918],[14.4233354038177,46.4454031481465],[14.4233458859977,46.4454088690854],[14.4233502863478,46.4454112304826],[14.4233780383491,46.4454208172171],[14.4234105886472,46.4454197217506],[14.4234310455083,46.4454052498039],[14.4234448951854,46.4453878655175],[14.4234565979454,46.4453765883407],[14.4234671949771,46.4453714235232],[14.4234793556798,46.4453660866478],[14.4234892772916,46.4453632576336],[14.4235033361121,46.4453630585924],[14.4235038567037,46.4453630612165],[14.4235274115759,46.445363359887],[14.4235424992426,46.4453643356319],[14.423565101326,46.4453685881556],[14.423590523017,46.4453769934882],[14.423618669283,46.4453862222729],[14.4236534437777,46.4454087099878],[14.423669681133,46.4454240866493],[14.4236839196196,46.445431535909],[14.4236977029812,46.4454327749697],[14.4237103425238,46.4454313991461],[14.4237289574924,46.4454311330654],[14.4237414784497,46.4454410028436],[14.4237457382361,46.445444353183],[14.4237652558933,46.4454572272095],[14.4237812233233,46.4454611763531],[14.4237991448751,46.4454649554003],[14.4238250813501,46.4454615772537],[14.4238456883879,46.4454575424658],[14.4238620386805,46.4454622132837],[14.4238691759623,46.4454642285699],[14.4239057039662,46.4454685511775],[14.4239303733185,46.4454742535561],[14.4239345513371,46.445473015026],[14.423949915233,46.4454601367867],[14.4239756501943,46.4454511794745],[14.4239927176153,46.4454495560122],[14.424006846866,46.4454550253498],[14.4240271663383,46.4454659240381],[14.4240400626313,46.4454772351877],[14.4240545320861,46.4454874746226],[14.4240815318053,46.4454943583091],[14.4241064633805,46.4454998820309],[14.4241162007972,46.4455021803033],[14.4241494381681,46.4455099950787],[14.4241865098494,46.4455244869011],[14.4242075019271,46.4455333196423],[14.4242446251166,46.4455552791837],[14.4242711390191,46.445583573149],[14.4242694058482,46.4455953155896],[14.4242688964642,46.4455987667256],[14.4242614738553,46.4456238308834],[14.424255457935,46.4456389154945],[14.4242533474176,46.4456539297961],[14.4242473040041,46.4456716233872],[14.4242827672934,46.4456781897546],[14.4243035512749,46.4456820731013],[14.4243254885908,46.4456876716724],[14.4243521902389,46.4456981525791],[14.4243720679301,46.4457015815036],[14.4243909338099,46.4457022162742],[14.4244168030849,46.4457052254982],[14.4244416700215,46.4457045409177],[14.4244627114795,46.4457086954401],[14.4244884525078,46.4457115240632],[14.4244988719876,46.4457108567378],[14.4245127606017,46.4457021096023],[14.4245342063631,46.4456925907641],[14.4245570439644,46.4456868576489],[14.4245843657178,46.4456878948116],[14.4245981412147,46.4456775276434],[14.424610322716,46.445670211421],[14.4246288549754,46.4456654462968],[14.4246490374876,46.4456646481348],[14.4246697096584,46.4456631507815],[14.4246769120292,46.4456626290892],[14.424696784598,46.445654181942],[14.4247110692946,46.445644896957],[14.4247279569578,46.4456356250632],[14.424742975184,46.4456308422448],[14.4247530420804,46.445626574338],[14.4247847021531,46.4456482363162],[14.424820997518,46.4456499483423],[14.424851554037,46.4456528011017],[14.4248784872274,46.4456536563008],[14.424903183276,46.4456568394542],[14.4249217471937,46.445661431282],[14.4249236057513,46.4456456059746],[14.4249457594154,46.4456430182794],[14.4249845238194,46.4456451025466],[14.4250042543446,46.4456501500745],[14.4250148233537,46.4456600098991],[14.4250245963296,46.4456713052346],[14.4250568287136,46.445675695848],[14.4250784059469,46.4456784134366],[14.4251102848042,46.4456792934427],[14.4251366756506,46.4456822151559],[14.4251490838066,46.4456904647593],[14.4251520336946,46.4456946181888],[14.4251546935002,46.4457139750254],[14.4251560063945,46.4457376436335],[14.425153333885,46.4457566137898],[14.425156948767,46.4457841626616],[14.4251578338103,46.4457990120966],[14.4251594486451,46.4458187235589],[14.4251639655608,46.4458347608534],[14.4251692051461,46.4458439640892],[14.4251781172977,46.445850486695],[14.4251919334808,46.4458609926107],[14.4252183589967,46.4458730014103],[14.4252589433459,46.4458876904768],[14.4252793199995,46.4458931910521],[14.4253051364332,46.4459012381078],[14.4253347054431,46.4459113733144],[14.4253606435287,46.4459202306953],[14.4253814295725,46.4459239339171],[14.4254005709763,46.4459231303916],[14.4254152158027,46.445916726156],[14.425436264424,46.4459078349411],[14.4254641248748,46.4459071651772],[14.4254778592155,46.4459130821967],[14.4254980191091,46.4459144430419],[14.4255136635019,46.4459120024779],[14.4255345999253,46.4459014012587],[14.4255559267883,46.4458908019967],[14.4255816068451,46.4458870622856],[14.4256149770477,46.4458822815555],[14.4256518593813,46.4458776983927],[14.4256895790055,46.4458801370524],[14.4257159699811,46.4458830586325],[14.4257419308054,46.4458897567704],[14.4257602393022,46.4458938973312],[14.42578866541,46.4459013275935],[14.4258188474464,46.4459150645373],[14.4258446289976,46.4459264401717],[14.4258863950149,46.4459525610884],[14.4259115593214,46.445985526316],[14.4259260110323,46.446009890653],[14.4259373684641,46.4460314503986],[14.425954866295,46.4460632075296],[14.4260005655661,46.4460742332514],[14.4260133088926,46.4460753768433],[14.426052593301,46.4460775533276],[14.4260809763205,46.4460767060965],[14.4261062867666,46.4460709850815],[14.4261090865252,46.4460894429007],[14.4261108176887,46.4461105044762],[14.4261152224774,46.4461372475531],[14.4261285794962,46.4461543188324],[14.4261490118539,46.446166927131],[14.426161280676,46.4461760756207],[14.4261904680473,46.4461853989641],[14.4262217839069,46.4462027402737],[14.4262614471352,46.4462308298338],[14.4263055307852,46.4462593914018],[14.4263363326148,46.4462808586536],[14.4263467492888,46.4462881185208],[14.4263919460013,46.4463098479481],[14.4264243239727,46.4463252151974],[14.4264582042794,46.4463462580567],[14.4264806483759,46.4463656241046],[14.426507789375,46.4463715182597],[14.4265460224295,46.446374678968],[14.4265939752314,46.4463818470583],[14.4266413517524,46.4463943204462],[14.4266948896275,46.4464150119342],[14.4267431649853,46.4464286593903],[14.4267875914499,46.4464493951342],[14.426833145966,46.4464618593105],[14.4268778383451,46.446454017147],[14.426881001814,46.446453462053],[14.426937451358,46.4464447479577],[14.4269875970567,46.4464414004271],[14.4270265271638,46.4464401559564],[14.4270619507504,46.4464381741494],[14.4270826211185,46.4464281111326],[14.4270758901036,46.4463997369886],[14.42706318444,46.4463701633087],[14.4270651065436,46.446348220354],[14.42710220694,46.4463352706428],[14.4271604812606,46.4463262956693],[14.4272190470005,46.4463267689341],[14.4272638007822,46.446328702485],[14.427303873871,46.446330162732],[14.4273531866903,46.4463317591987],[14.4273789207372,46.4463601385036],[14.4273916198539,46.4463655102919],[14.4274269594853,46.4463715352464],[14.4274508440036,46.4463776827831],[14.4274576364789,46.4464002091885],[14.4274577261716,46.4464164941359],[14.4274386382045,46.4464293286785],[14.4274376708094,46.4464299791443],[14.4274328195552,46.4464582053128],[14.427438766088,46.4464869353865],[14.427454313546,46.4465061767462],[14.4274828344608,46.4465046101007],[14.4275260510943,46.4465041966443],[14.4275555349903,46.446510102278],[14.4275630169178,46.4465289433738],[14.4275825434045,46.4465410970332],[14.4276082975801,46.4465417845879],[14.4276157243199,46.4465419828572],[14.4276426655362,46.4465421176883],[14.4276588985807,46.4465456177707],[14.427669841735,46.4465570986733],[14.4276811217634,46.4465861253328],[14.4277028173707,46.4466044351573],[14.4277065381951,46.446607575314],[14.4277088569792,46.4466084383845],[14.4277376547749,46.4466191571552],[14.427771787307,46.4466161790028],[14.4277972742909,46.4466184657917],[14.4278172999545,46.4466451070139],[14.4278341886646,46.4466605763083],[14.4278455986305,46.4466647719917],[14.4278887684658,46.4466812724488],[14.427936754681,46.4466852912067],[14.4279472865646,46.4466863335517],[14.4279921143174,46.4466936653633],[14.4280467618025,46.4466954681509],[14.4280917875195,46.4466963231023],[14.4281211772074,46.446698809274],[14.4281478920936,46.4466957039487],[14.4281683606618,46.4466924774167],[14.4281872194025,46.4466938312818],[14.4282174570818,46.4467023496316],[14.4282545240713,46.4467174698952],[14.4282911260086,46.4467272796157],[14.4283220925967,46.4467283341049],[14.4283387161947,46.4467318360428],[14.4283705684358,46.4467353241248],[14.4283919254796,46.4467342612639],[14.4284172814535,46.4467366372294],[14.4284465146802,46.4467416416842],[14.4284754753777,46.4467478143745],[14.4284945822166,46.4467503390334],[14.4285100893527,46.4467610329352],[14.42852974691,46.4467606813131],[14.4285577529688,46.4467585720093],[14.4285801879184,46.4467540056847],[14.4285972527941,46.4467526514315],[14.4286103378733,46.4467584748603],[14.4286248207557,46.4467675441765],[14.4286274667901,46.4467883403728],[14.4286248029555,46.4468065908928],[14.4286190437038,46.44682212686],[14.4286027412342,46.4468377001218],[14.4285970553495,46.446846218826],[14.4286006905178,46.4468595524881],[14.4286173747142,46.4468697124383],[14.4286445707561,46.4468703881239],[14.4286691477761,46.4468725802028],[14.4286900908991,46.4468737644583],[14.4287224205887,46.4468813934287],[14.4287518831892,46.4468893679477],[14.4287848439064,46.4468988894137],[14.4288040565144,46.4469037537586],[14.4288505314007,46.4469154120002],[14.4288985291788,46.4469183507768],[14.4289332355021,46.4469227526499],[14.4289697432731,46.4469291428379],[14.4289984598078,46.4469337846932],[14.4290273328198,46.4469359081739],[14.4290523003407,46.44693810212],[14.4290776827575,46.4469379589223],[14.4291055794132,46.4469338696072],[14.4291256538011,46.4469310008147],[14.4291442429475,46.4469332528721],[14.4291661934865,46.4469376809742],[14.429196443672,46.4469450295224],[14.4292279596757,46.4469558032244],[14.4292494164131,46.4469701255014],[14.4292630631084,46.4469844987694],[14.4292711433459,46.4469959652307],[14.4292916133908,46.4470050643395],[14.4293098271465,46.4470058749832],[14.4293292630046,46.447001833364],[14.4293517783503,46.4470020356778],[14.429372976206,46.4470037608968],[14.4294028745161,46.4470074188813],[14.4294387913411,46.4470205536906],[14.4294712588903,46.44702746338],[14.4295062275131,46.4470316864483],[14.429539087412,46.4470384181363],[14.4295566137957,46.4470427341262],[14.4296051473597,46.4470442357651],[14.4299453967044,46.4466935213005],[14.4300339384674,46.4466278349378],[14.4310315861769,46.4458539356136],[14.4314882326628,46.4455479705794],[14.4318927167586,46.4451760667877],[14.4323344959293,46.4447090688302],[14.4327464852498,46.4441897389926],[14.4327554175429,46.4441567644396],[14.4327711082659,46.4440996215737],[14.4327845943161,46.4440542537932],[14.4328423779579,46.4440295288023],[14.4328605543693,46.444033847512],[14.4328731926162,46.44400745911],[14.4328786736387,46.444006046775],[14.4328866139653,46.44399340043],[14.4329576035851,46.4439879043972],[14.4329867345612,46.4439901181286],[14.4330280618225,46.4439959911012],[14.4331404262369,46.4440168812256],[14.4332384402864,46.4440159274733],[14.4333545547753,46.4440391751815],[14.4334428821754,46.4440435714383],[14.4334802721529,46.443952167565],[14.4335482005374,46.4439155265068],[14.433577002466,46.4438866989328],[14.4336587176338,46.4438509358158],[14.4337428804886,46.443842715469],[14.4338070759731,46.4438146028899],[14.4338395127697,46.443774097191],[14.4339855843916,46.4437197587849],[14.43402984455,46.4436812009081],[14.4341745346082,46.4436596943424],[14.4342273286483,46.4436516783181],[14.4342751622987,46.443645077247],[14.4343023926615,46.4436171414118],[14.4342972411429,46.4435993019414],[14.4343230005555,46.4435877333002],[14.4343275417607,46.4434759234942],[14.4343574193629,46.443456277946],[14.4344060970872,46.4433806742764],[14.4344549997479,46.4433587835767],[14.4344505633501,46.4433221439925],[14.4344812784697,46.4432970144044],[14.4344797739101,46.4432663273149],[14.4345019982143,46.4432316189529],[14.4345272919329,46.4432021440024],[14.4345602620282,46.443185482689],[14.4345453230938,46.4431450124564],[14.434546901904,46.4431182093066],[14.4345490208304,46.4430895194645],[14.4345508923308,46.4430721645749],[14.4345367705913,46.4430281895643],[14.4345342867821,46.4430087428321],[14.4345331043577,46.4429994851556],[14.4345326771187,46.4429961401289],[14.4345188246528,46.442976458253],[14.4344970113497,46.4429463005326],[14.4345340715615,46.442924261271],[14.4345582763434,46.4429119651319],[14.4345677294285,46.4429040045692],[14.4345914305378,46.4428774907275],[14.43462731194,46.4428561653649],[14.4346597686716,46.4428387817269],[14.4346961128958,46.442823036749],[14.434701897907,46.4428048015035],[14.4347305778018,46.4427750733342],[14.4347771065309,46.44275613976],[14.4348359438199,46.4427425752019],[14.4348848632277,46.4427441664793],[14.4349022808505,46.4427463218445],[14.4349346992933,46.4427326266949],[14.4349514755827,46.4427212834356],[14.4349934993161,46.4427226606578],[14.4350472154157,46.4427134792039],[14.4351156811895,46.4427127377555],[14.4351246563281,46.4427132319336],[14.4351805866441,46.4427164771658],[14.4352205345893,46.4427424057691],[14.4352443542714,46.4427547592683],[14.4352765987999,46.4427578874887],[14.4353167448113,46.4427646534996],[14.4353640170597,46.4427871093991],[14.4354187911511,46.4428266965468],[14.4354700561281,46.4428658164984],[14.4354876207291,46.4428789487976],[14.4355256679098,46.4428999195804],[14.4355651950003,46.4429162192323],[14.4355921734878,46.4429125736501],[14.4356394931937,46.4429052497142],[14.4356791856736,46.4429055355447],[14.435734077766,46.4428959097228],[14.4357916311965,46.4428806289157],[14.4358288146122,46.4428718153813],[14.4358553726542,46.4428458551889],[14.4358929446055,46.4428372234894],[14.435949906643,46.4428161816277],[14.4359835555664,46.4427967341918],[14.4360168428194,46.4427744959032],[14.4360508804394,46.4427678260552],[14.4360859203849,46.4427775356163],[14.4361196691326,46.4427862491344],[14.436168206549,46.4427870282524],[14.4361681950038,46.4427629163282],[14.436168811689,46.442728371021],[14.4362289620925,46.4427136426144],[14.4362951187083,46.4427096501694],[14.4363502274197,46.4427168494448],[14.4363786424625,46.442737952412],[14.4363907069523,46.4427543863443],[14.4364356346943,46.4427518186829],[14.4364837454831,46.4427561043813],[14.436493705195,46.442762091452],[14.4365297838575,46.4427846716556],[14.4365740494812,46.4427705845619],[14.4365977229701,46.4427592750399],[14.4366452452009,46.4427575298041],[14.4366935730396,46.4427786408087],[14.4367512316164,46.4428162621927],[14.4367836849827,46.4428370250685],[14.4368111106824,46.4428404890036],[14.4368309141886,46.442825831499],[14.4368318220459,46.442813510127],[14.4368793458036,46.4427989891106],[14.4369008791272,46.4427806513552],[14.4369285851027,46.4427695415583],[14.4369706673187,46.4427652502537],[14.4370023225471,46.4427371556163],[14.4370697764402,46.4427209332363],[14.4371055821458,46.442719490017],[14.4371322640179,46.4427193514281],[14.4371603519416,46.4427343346545],[14.4372352363134,46.442780137836],[14.4372618556804,46.4427987125972],[14.4372525521077,46.4428427519489],[14.4372340399121,46.4428836870191],[14.437218772911,46.4429254477819],[14.4372615531497,46.4429671342967],[14.4372845314037,46.442985421227],[14.4373161546494,46.4429730710354],[14.437335689921,46.4429718176019],[14.4373597301365,46.4429501632169],[14.4373990775672,46.4429207567681],[14.4374401761398,46.4429108823336],[14.4374838702246,46.4429270218797],[14.4375325287844,46.4429539821828],[14.4375570106268,46.4430032260126],[14.4375867619675,46.4430210063731],[14.4376502115711,46.4430524478739],[14.4376637322654,46.4430699733967],[14.4376715320091,46.4430800834179],[14.4376784041599,46.4430759146544],[14.4377049285329,46.4430598245089],[14.4377566582786,46.4430159937019],[14.4377820170075,46.4430053220076],[14.437880785398,46.4429941114455],[14.4379692342527,46.4430371917538],[14.4380462059359,46.4430319918682],[14.4381124176591,46.4430100047129],[14.4381801531225,46.4429917137601],[14.4382421879178,46.4429835613368],[14.4382943561329,46.4429603354898],[14.4383384866856,46.4429466968986],[14.438358850364,46.4429154874651],[14.4383678424229,46.4429016762973],[14.4383692598377,46.4428650656099],[14.4383832023343,46.442825457461],[14.4383849029228,46.4427992846432],[14.4383812161241,46.4427654379493],[14.4383547880424,46.4427662078636],[14.438338239882,46.4427554202075],[14.4383351099618,46.4427053817091],[14.4383138891877,46.4426680300538],[14.438318018117,46.4426461877059],[14.4383428381648,46.44259925547],[14.4383986214821,46.4425661506657],[14.438451591147,46.4425535451005],[14.4384997712488,46.4425510825671],[14.4384859479674,46.442465093677],[14.4384938394446,46.4424063822352],[14.4385053007315,46.4423675716133],[14.4385152712986,46.4423345117296],[14.4384941095136,46.4423040880587],[14.4384681711718,46.4422825479279],[14.4384203420564,46.4422255422257],[14.4383649020182,46.4421746170645],[14.438357053983,46.4421649380406],[14.4383444987729,46.4421494536243],[14.4383240331988,46.4421242132868],[14.4383046436394,46.4420986566452],[14.4382817883878,46.4420684045559],[14.4382804150952,46.4420627297221],[14.4382690411178,46.442017059238],[14.4382616575935,46.4419503554506],[14.4382620651305,46.4419233665526],[14.4382766156248,46.4418879000012],[14.4383127237909,46.441869633562],[14.4383641098569,46.4418590895609],[14.4383565483043,46.4418350305261],[14.4383582137396,46.441812276379],[14.4383607727994,46.4417785503207],[14.4383654122409,46.4417450144178],[14.4383616219769,46.4417212438119],[14.4383484101151,46.4416897795152],[14.4383835585694,46.4416509052854],[14.4384002796803,46.441619498011],[14.4384030671465,46.4416142034882],[14.4384041498595,46.4416101601697],[14.4384139109085,46.4415721509297],[14.4384578053663,46.4415307105018],[14.4384908499749,46.4415065809345],[14.4385218844189,46.4414754238543],[14.4385795065788,46.4414659000379],[14.4386076655705,46.4414612698724],[14.4386276291783,46.4414055866682],[14.4386319018815,46.4413823954649],[14.4386438994048,46.4413166865216],[14.4386565873221,46.4412471122688],[14.4386768893351,46.4412091547414],[14.4386821530775,46.4412035124865],[14.4387179424318,46.4411655409933],[14.4387236328667,46.441131020564],[14.4387236089736,46.4411206739337],[14.4387233704565,46.4410678605618],[14.4387211546707,46.4410428381165],[14.4387247046805,46.4410139752717],[14.4387441249112,46.4409985058234],[14.438739070354,46.4409457587853],[14.4387382074296,46.440941076127],[14.4387295273818,46.440899197627],[14.4387197904133,46.4408715291488],[14.4387138486906,46.4408418099932],[14.4387051685454,46.4408126172155],[14.4387047940258,46.4408062817431],[14.4387030617966,46.4407769788813],[14.4386669844713,46.4407543093921],[14.438661293542,46.4407508626119],[14.4385988104114,46.4407268938866],[14.4385344094729,46.4406995868334],[14.4384975320376,46.4406788027259],[14.4384545407736,46.440670404404],[14.4383992639507,46.4406670740102],[14.4383541833354,46.4406466994225],[14.4383166772875,46.4406364386226],[14.4382585088314,46.4406358830195],[14.438217673561,46.440632983349],[14.4381802045386,46.4406191238987],[14.4381481097298,46.4406141978372],[14.4380862586201,46.4406174027814],[14.4380265634063,46.4406261064366],[14.4379681195881,46.4406396745735],[14.4378857524157,46.4406636515528],[14.4378383011074,46.4406713356517],[14.437794199795,46.4406569936259],[14.4377176605133,46.4406331352596],[14.4376360616957,46.4406077224787],[14.4375568355707,46.4405920380344],[14.4374580394741,46.4405937113963],[14.4373520469482,46.440599127996],[14.4373056756179,46.4406030384603],[14.4372943983797,46.4406026422459],[14.4372788757571,46.4406020968724],[14.4372583761905,46.4405959680372],[14.437249370256,46.4405788283802],[14.4372454843173,46.440571432847],[14.4372018838898,46.4405463866641],[14.4371827802116,46.4405310877762],[14.437150765712,46.4405057387104],[14.4371275157906,46.4404760242573],[14.4371194246593,46.4404655479513],[14.4370741107798,46.4404552483153],[14.4370163709375,46.4404510054326],[14.4369657302272,46.4404524655609],[14.4368916308235,46.4404318575612],[14.4368157216171,46.4404100709952],[14.4367816638871,46.44040621452],[14.4367289288904,46.4403709565957],[14.4366334913444,46.440324601971],[14.4365258548486,46.4402875440119],[14.4364292831134,46.440262866324],[14.4363300813474,46.4402155931989],[14.4362536092117,46.440185346333],[14.4361816891294,46.4401553917661],[14.4360969276878,46.4401969897157],[14.4360457493741,46.4402253477245],[14.4359865211413,46.4402518666175],[14.4359242074989,46.4402620857476],[14.4358775974421,46.4402639251526],[14.4358288977768,46.4402664739881],[14.4357824102997,46.4402564379594],[14.4357678657129,46.4402533972042],[14.4357086732294,46.4402386200401],[14.4356711204987,46.4402203508383],[14.4356118777512,46.4401852402249],[14.4355598029048,46.4401743668051],[14.4355059564084,46.4401712220107],[14.435430448832,46.4401736383543],[14.4353380775171,46.4401833489032],[14.4352492616683,46.4401890282984],[14.4351946984925,46.4401922676669],[14.4351532139766,46.4401892737257],[14.4351144428261,46.4401755867776],[14.4350556689101,46.4401581122518],[14.4350142095932,46.4401400934453],[14.4346218358057,46.4401144023974],[14.4341853508457,46.4401006376864],[14.4334252646054,46.4396665496486],[14.4332033078487,46.4394721049549],[14.4328122504275,46.4395082234062],[14.4321264045963,46.4393707651097],[14.4318220760173,46.4391386612234],[14.4316942456208,46.4389686178284],[14.4316445479263,46.4389025083094],[14.4315600803201,46.4382908493664],[14.4315543839839,46.4382495997601],[14.4311481755484,46.4380041219308],[14.4307727797835,46.4376243812239],[14.4302747666187,46.4373104261646],[14.4302272025504,46.4372571665224],[14.4301788055289,46.4372029740582],[14.4304132478047,46.436663196342],[14.4304181402285,46.4366519319503],[14.4302234726778,46.4364607388078],[14.4301947744727,46.4364325526646],[14.4301391772486,46.4360983978669],[14.4303977148662,46.4357147051839],[14.4310653744112,46.4346063619665],[14.4313300121909,46.4342103715673],[14.4318423604567,46.4340569103964],[14.4328022059421,46.4338917218573],[14.4330470977631,46.4337795741982],[14.4331207270265,46.433618623334],[14.433963497423,46.4330589568636],[14.4341062369328,46.4328436038022],[14.4341476376452,46.432781141623],[14.4344890856152,46.4321143547771],[14.4344974901721,46.4320440399339],[14.4345041667485,46.4319898211437],[14.4347901403083,46.4317038712022],[14.4349529746913,46.4316485346666],[14.435138162732,46.4313691034874],[14.435131995426,46.4311977704604],[14.4357979075606,46.4309836724101],[14.4358295465121,46.4309735000015],[14.4363069300684,46.4310343159943],[14.4363489561975,46.431039669786],[14.4366508302795,46.4309626555643],[14.4366610252214,46.4309600546093],[14.4369614610625,46.4309904765379],[14.4370196538029,46.4309963690001],[14.4372156082336,46.430921218968],[14.4374392107805,46.4307893436647],[14.4377295091167,46.4308146132826],[14.437858726376,46.4306746256397],[14.4380548787793,46.4306432904531],[14.4384991382701,46.4303108746594],[14.4386810887487,46.4302305250712],[14.4389055144843,46.4299163720079],[14.4392092277989,46.4297750795208],[14.4394620768043,46.4295436570448],[14.439755934791,46.4292844542745],[14.4403314220884,46.4288412913752],[14.4404295899735,46.4287717751815],[14.4406003962085,46.4288133671382],[14.4406314640967,46.4286254820684],[14.4413227349082,46.4284883281182],[14.4416653566447,46.4285491115413],[14.4417367206421,46.4284921491136],[14.4418003952509,46.4283599342946],[14.4421547874962,46.4280704310006],[14.4420363576624,46.4278945019641],[14.4421559340878,46.4276774481442],[14.4422516717562,46.4276416572278],[14.4422006405867,46.4273764470175],[14.4420327047942,46.4267988308045],[14.4419321665472,46.4266166910159],[14.4418288633322,46.4263358406505],[14.4417085133968,46.4261190555084],[14.4414540049774,46.4255473135535],[14.4415055494596,46.4253031170045],[14.441558826248,46.4251822776504],[14.4417755452605,46.4244723033255],[14.4416985427127,46.4242792118316],[14.4418724992229,46.4239980951257],[14.4418312292991,46.4238222723753],[14.44190233881,46.4238005747549],[14.4421954321474,46.4237111426352],[14.4419421356225,46.4230388154491],[14.4413104825722,46.4226831391465],[14.4407931964921,46.4220347164998],[14.4395971197414,46.4202135372214],[14.4389317059201,46.4193743632234],[14.4383568907846,46.4184684225816],[14.4374013022059,46.4171852512823],[14.4362322413321,46.417080617068],[14.4341716341137,46.416906604883],[14.4326620500373,46.4157452597833],[14.4312787881406,46.4130997460267],[14.4304495583466,46.411511155174],[14.430430811809,46.4039277429521],[14.4304546253402,46.4037390139611],[14.4304557441661,46.4036315050602],[14.4304739104058,46.4035480131499],[14.4305102371758,46.4033690632421],[14.4305634874996,46.403226005758],[14.430634282818,46.4030591035049],[14.4307217525898,46.4029520244773],[14.4307565875152,46.4029163897081],[14.430757830168,46.4027969153577],[14.4307946523256,46.4025701935802],[14.4308655695644,46.4023914156941],[14.4309876242888,46.4022725425179],[14.4311270979388,46.4021418797816],[14.4313183230951,46.4019995081843],[14.4315266013264,46.4018930292143],[14.4316827492631,46.4018220989871],[14.431838765818,46.4017512578636],[14.4320461748054,46.4017283560341],[14.4322019432967,46.4016813553119],[14.4324273903705,46.40158692599],[14.432687539361,46.401456860197],[14.4328440555955,46.4013501220256],[14.433017365996,46.401279275086],[14.4332428029424,46.4011729680205],[14.4333993172842,46.4010662290753],[14.4335033257668,46.4010189701143],[14.4335382886207,46.4009832451505],[14.4336247535453,46.4009598312798],[14.4336936823166,46.4009721386892],[14.4338662487724,46.400972993113],[14.4349832018899,46.4014681355591],[14.4350691804284,46.4015044584753],[14.4351209378757,46.4015047141451],[14.4351898686054,46.4015169306903],[14.4352411331282,46.4015649581007],[14.4353096936061,46.4016130708945],[14.4354643567283,46.4016855408275],[14.4357399549168,46.4017466412737],[14.4359812084801,46.4017836395729],[14.436170951147,46.4017964513086],[14.4363609384983,46.4017855117773],[14.4363683834633,46.4017823995107],[14.4367249707109,46.4016320166701],[14.43717706981,46.4013116990714],[14.4378553260038,46.4008134506854],[14.4381857371378,46.4005642371605],[14.4382903608704,46.4004692026292],[14.4384290705165,46.4003981775227],[14.4390202307999,46.3999830768591],[14.4395931020609,46.3996513759543],[14.4399059658109,46.3994379695854],[14.440236000802,46.3992365224893],[14.4403234456788,46.3991294359352],[14.4406028122485,46.3988083491462],[14.4408302995717,46.3984988840845],[14.4412668822967,46.3979993433263],[14.441563532165,46.397678338574],[14.4416685017247,46.3975355283379],[14.4419979098006,46.3973938133566],[14.4421888553097,46.397287230323],[14.4424663771274,46.3971452608862],[14.4426573208601,46.3970386770578],[14.4429002596727,46.3969085040702],[14.4430562569974,46.396849523589],[14.4433166016968,46.3966955023636],[14.4434909852354,46.3965290961941],[14.4436652367653,46.3963627790826],[14.4449875155436,46.3953061141094],[14.4451260909017,46.3952590122975],[14.4453330974313,46.3952600165272],[14.4456259684784,46.3953211770018],[14.4459189523688,46.3953584051487],[14.4462639385849,46.3953840082681],[14.4466605568849,46.3954217362806],[14.4468328653221,46.3954464120494],[14.4470742188161,46.3954715113868],[14.4472467775398,46.3954843116506],[14.4474017924737,46.3955089029712],[14.4475744721412,46.3955097372634],[14.4478165495129,46.3954631321329],[14.4480243996179,46.3953805530739],[14.44837155365,46.395191131069],[14.4487711691358,46.3949182884272],[14.4491362028573,46.3946572438641],[14.4494678560924,46.3942886127709],[14.4495726782149,46.3941577605609],[14.4497818515068,46.3939557039594],[14.4499560766535,46.3937892871017],[14.450181810533,46.3936470497648],[14.4503727270981,46.3935404528695],[14.4493080254957,46.3929978474181],[14.4490851763285,46.3928534511719],[14.4487086337238,46.3925411486064],[14.4483502219116,46.3921332936705],[14.4479913328703,46.3917732995527],[14.447837884881,46.3915814615179],[14.4477360755021,46.3914137148302],[14.4476515491525,46.3912341754261],[14.44756714408,46.391042670469],[14.4474654572687,46.390862958045],[14.4474315949815,46.3907911779425],[14.447294841992,46.3906590702295],[14.447157606401,46.3905748243032],[14.4471062207505,46.3905387676294],[14.4469872431233,46.3903590611343],[14.4468853085789,46.390191313046],[14.4467662124341,46.3900234818385],[14.4466639255201,46.3899035961304],[14.4465091596189,46.3898431067643],[14.4463205429101,46.3897228028712],[14.4462172921278,46.3896983707675],[14.4461141525911,46.3896500969326],[14.4459770424133,46.3895538841064],[14.4459090920117,46.3894460401611],[14.4458239700484,46.3893262368565],[14.4457733122083,46.3892184766254],[14.4457060875544,46.3890390195617],[14.4456728343483,46.3889074114905],[14.4456054892502,46.3887399198495],[14.4455903833359,46.3885367832086],[14.4455768789282,46.3884579935521],[14.4455740589691,46.3884411553972],[14.4455762360525,46.388226136458],[14.4456822651515,46.3879758126992],[14.4457702760345,46.3877971080023],[14.4458419715938,46.3875346515955],[14.4459126987781,46.3873678290976],[14.446139987034,46.3870703180051],[14.4464014932464,46.3868087803698],[14.446645584905,46.38655912394],[14.4468558155623,46.386237686654],[14.4469959344009,46.3860353008376],[14.4470661746532,46.385916159615],[14.4471545391356,46.385701647227],[14.4472259836754,46.3854631208118],[14.4472794140791,46.38529612383],[14.4474019967554,46.3851175848907],[14.4474898775479,46.38495075427],[14.4476299907138,46.3847483676064],[14.4477698615269,46.3845699117624],[14.4478739468928,46.3845106739011],[14.448064835899,46.3844040805683],[14.4484116693402,46.3842266226473],[14.4486893591144,46.3840726725459],[14.448863554942,46.3839063469079],[14.4489513089205,46.3837514806061],[14.4491950151343,46.3835376250426],[14.449403548323,46.3833953061551],[14.449647490758,46.3831576085497],[14.4498742612562,46.3829078617202],[14.4501009194016,46.3826820460664],[14.450830926547,46.3821479798602],[14.4514574409647,46.381613502528],[14.4520929095481,46.3810014199852],[14.4528868899806,46.3809694131257],[14.4538623217573,46.3809143352956],[14.4541042216471,46.3808915581298],[14.4543897439504,46.3808093380776],[14.4547017882401,46.3806615652371],[14.4549267427951,46.38059093113],[14.4551511616008,46.3805740964548],[14.4553752951864,46.3805990063458],[14.4559608333098,46.3807153364432],[14.4562628713826,46.3807107449528],[14.4564703562966,46.3806580188662],[14.4566960311366,46.3805276442155],[14.4568692439656,46.3804568504179],[14.457128240143,46.3804401760839],[14.4574637787304,46.3805312892453],[14.4577224793743,46.3805444824069],[14.4580254609178,46.380444431914],[14.4582424803297,46.3803080751256],[14.4584079381977,46.3801535695813],[14.458940747295,46.3794752840584],[14.4590969726683,46.3793864123737],[14.4592957531903,46.3793455161022],[14.4595628515296,46.3793766489672],[14.460001166547,46.3795519130587],[14.4601984872985,46.3796723256587],[14.4603777437436,46.3798582412577],[14.4605486094228,46.3800382688969],[14.4607803230076,46.3801647807804],[14.4610556666264,46.3802436334574],[14.4613398242324,46.3802987747458],[14.4620558907622,46.3802961174616],[14.4622797198341,46.3803390065098],[14.4624166010254,46.3804591310463],[14.4627800626699,46.3812431335187],[14.4628909614221,46.3813750115216],[14.4631232125652,46.3814478087032],[14.4634162518378,46.3814730263064],[14.4635885823715,46.3814917389465],[14.4637775587601,46.381576297886],[14.4640440417308,46.3816849720303],[14.4642765878935,46.3817278980111],[14.4645095434404,46.3817289891113],[14.4646908638832,46.3817059058615],[14.4647949967087,46.3816526808302],[14.4648474362506,46.3815812196851],[14.4649342659758,46.3815159474615],[14.4651330042551,46.3814930349774],[14.4653052186488,46.3815237105757],[14.4655031279503,46.3815724101636],[14.465735733604,46.381609305426],[14.4658909057448,46.3816279344304],[14.4660548911169,46.3816226721981],[14.4662792521877,46.3816118434458],[14.4664258891203,46.3816125277405],[14.4667282223259,46.3815780397471],[14.4671166981913,46.381561946522],[14.4674617684486,46.3815576159387],[14.467783380597,46.3815592031702],[14.4681941548708,46.3816565730038],[14.4683874017411,46.3817573388846],[14.4684904161995,46.38181899773],[14.4691206299019,46.3818101390134],[14.4691746840328,46.3815715180315],[14.4692452032825,46.3814045900264],[14.4693674747598,46.381249868216],[14.4695069191348,46.3811071920269],[14.4696109736787,46.3810480241842],[14.4696282631481,46.3810481043732],[14.4706585884866,46.3815664304694],[14.4710196367047,46.381711424313],[14.4710883196576,46.3817475502974],[14.4714503923264,46.3817731565494],[14.4718299867003,46.3817748204374],[14.4722786090705,46.3817768916049],[14.4726757219023,46.3817548812935],[14.4732629763103,46.3816978473203],[14.4736777078204,46.3816280503313],[14.4742137935293,46.3815111254591],[14.4746802612678,46.3814415626962],[14.4750432656222,46.3813834892069],[14.475509844969,46.3813020474538],[14.4760621856053,46.3812926133487],[14.4765802734855,46.3812352454179],[14.4770816568602,46.3811300243716],[14.4774967367509,46.3810363729145],[14.4780321261957,46.3809910435455],[14.4784117146818,46.3809927755308],[14.4786357309563,46.3810176392872],[14.4789286777427,46.3810667488923],[14.4792730061014,46.381140023906],[14.4797038804717,46.3811897595079],[14.4801351127781,46.3812155629366],[14.4805319925001,46.3812173664886],[14.481049735046,46.3811958750049],[14.4816018482372,46.3812102553154],[14.4822918873815,46.3812253474326],[14.4829478166762,46.3812043829005],[14.4834994620235,46.3812546501965],[14.4840513511192,46.3812929498425],[14.4843960249598,46.3813304026904],[14.4848447571302,46.3813204589665],[14.4855186313879,46.3812159778547],[14.4862959980968,46.3811239238129],[14.4870046703943,46.3809956580804],[14.4876616001758,46.3808672461174],[14.4879555413887,46.3807968561099],[14.4882150321687,46.3807264011424],[14.4884574563905,46.3806319370658],[14.488630964045,46.3805251982269],[14.4887009950745,46.3804179965092],[14.4888497229742,46.380055000246],[14.489207007805,46.3795900091539],[14.4893714324826,46.3785605799389],[14.4896265007525,46.3772612830862],[14.4920947758886,46.3764792712986],[14.492782469399,46.376278270185],[14.4959784217483,46.3732682167747],[14.4966663555215,46.3726813988781],[14.4978427288161,46.3716988721743],[14.4995016269941,46.3694826079328],[14.5013845622964,46.3680689356218],[14.5019185030635,46.3666225528653],[14.5019961964691,46.3654385154866],[14.5057495388212,46.362330292307],[14.5062681677119,46.3621029270967],[14.5082136196395,46.3612341843071],[14.5105858965468,46.3601189162112],[14.5110335030378,46.3599237947884],[14.5134767229634,46.3581231914059],[14.5154866783567,46.3570874327796],[14.5178982823493,46.3565605889621],[14.5188562529241,46.3563208024807],[14.5188820719659,46.3563253196915],[14.5202569710235,46.3579916898061],[14.5211044438228,46.3587699817134],[14.521882695491,46.358875715213],[14.5223399612004,46.3593707567342],[14.5235228037501,46.3599946912915],[14.5254032865597,46.3607959646458],[14.5272777715459,46.3607169071338],[14.5284491529302,46.3605983934874],[14.5294460088513,46.360252063294],[14.530952273271,46.3601170873153],[14.5312669526697,46.3599270995324],[14.5354561923659,46.3573985579365],[14.5355701667434,46.3577499074969],[14.5360704686454,46.3585166911266],[14.5363010950483,46.358904501454],[14.53703856701,46.3593033615147],[14.5375661833782,46.3599172984582],[14.5380422111851,46.3604860390628],[14.5385955364192,46.3611361532951],[14.5390074420594,46.3616056630611],[14.5395607907357,46.3622556826112],[14.5398954959306,46.3626349073649],[14.5418580989531,46.3626067089195],[14.5422869461168,46.3626084262588],[14.5434149950838,46.3629188367538],[14.5440633453352,46.363092368236],[14.5452338351492,46.3629890641474],[14.5460778698142,46.3630733914218],[14.5472855584082,46.3631861439805],[14.5488828221892,46.3633364096426],[14.5502463219002,46.3634677396527],[14.5509085808449,46.3635333220144],[14.5522348676754,46.3634485521857],[14.5531189344151,46.3634070250709],[14.5543019718736,46.3633575697253],[14.556109084886,46.3632746280155],[14.5565379381163,46.3632762919295],[14.5575779455997,46.3632353349793],[14.5593828077751,46.3634312423684],[14.560979680683,46.3636353200182],[14.5615769046646,46.3637095879672],[14.5624670694952,46.3645317316971],[14.5632409417949,46.3652724505534],[14.5636151628938,46.3656247653012],[14.5643227971155,46.3665271712742],[14.5645672969658,46.3668340031399],[14.5648888497823,46.367258089659],[14.5652102712144,46.3676993591542],[14.5652112536522,46.3714739943968],[14.565162885248,46.3724554487396],[14.5651786272786,46.3724568900001],[14.5651739417146,46.3724904312445],[14.5651510422412,46.3726494402934],[14.5651072233829,46.3729537064178],[14.5651291193354,46.3729896494756],[14.5651443052007,46.3730145776339],[14.5651445615878,46.3730150284621],[14.5651852150662,46.3730844604592],[14.5652083286074,46.3731529260462],[14.5652158367673,46.3731895726524],[14.5652204247809,46.3732666049821],[14.5652158876763,46.3732814328906],[14.5652041431848,46.3733199856496],[14.565164511658,46.3733838040949],[14.5651335665478,46.3734504446492],[14.5651288058647,46.3734606832001],[14.5650955158047,46.3735111149641],[14.5650859153632,46.3735256588418],[14.5650824451802,46.3735370719173],[14.5650652370792,46.3735925183639],[14.5650529774789,46.3736468140106],[14.5650505513807,46.3736904405501],[14.565054265087,46.3737138470451],[14.565057238197,46.3737323023372],[14.5650691392274,46.3738050438889],[14.5650717452438,46.3738533680404],[14.5650729022744,46.3738620297635],[14.5650783706728,46.3739029670675],[14.5650826536038,46.3739365424091],[14.5651045118335,46.3739666757361],[14.565112868474,46.3739783137302],[14.5651592096408,46.3740354413758],[14.5651966921804,46.3740950544979],[14.5652186813011,46.3741578476445],[14.565254059963,46.3742041370918],[14.5653123076134,46.3742515031375],[14.5653529734818,46.374286746262],[14.5653720517842,46.3743396315425],[14.5653649958016,46.374377032512],[14.5653709357232,46.3745294653549],[14.5653811311468,46.374604269706],[14.5653811341824,46.3746368264577],[14.5653811371868,46.3746690485888],[14.5654042131296,46.3746849842834],[14.5654792595925,46.3747368094808],[14.565514165884,46.37476078433],[14.5655603656075,46.374770316801],[14.5657983721446,46.3748194450148],[14.565846915007,46.3748121617579],[14.5659202684643,46.3748234166421],[14.5659246650779,46.3748263123915],[14.5659603572233,46.374849570322],[14.5659984083403,46.3748704079869],[14.5660209152221,46.3749008135072],[14.5660708574528,46.3749466181399],[14.5660825123589,46.3749849898546],[14.5661127667429,46.3750055279842],[14.5661481948427,46.3750293246772],[14.5661961879904,46.3750258179532],[14.5662008702484,46.3750254758327],[14.5662522144694,46.3750255806225],[14.566297975214,46.3750257541841],[14.566350287815,46.3748698535246],[14.5663921266265,46.3748063129665],[14.5663922580337,46.3748061335235],[14.566392390153,46.3748058641125],[14.5663925208482,46.3748057746375],[14.5663925222723,46.3748055947016],[14.5663926522554,46.3748055951945],[14.5663926536795,46.3748054152586],[14.5663929164939,46.3748050563726],[14.5663930479011,46.3748048769296],[14.5663930486132,46.3748047869616],[14.5663931785963,46.3748047874545],[14.5663934428348,46.3748042486326],[14.5665791705786,46.374692219512],[14.5670263215681,46.3745774914014],[14.5670433409546,46.3744634730687],[14.5667593939403,46.3743885317703],[14.5666925523186,46.3742607001447],[14.5669577058562,46.3741148724543],[14.5679144801656,46.3738736814741],[14.5689607595796,46.37348958661],[14.5695777434765,46.3728505997015],[14.569647945618,46.3729649467178],[14.5697519357552,46.3728982199045],[14.5699205868452,46.373088782383],[14.5703806807037,46.3731443142969],[14.5709293580308,46.372826528613],[14.570891685876,46.3723423450632],[14.5708675487686,46.3720386034623],[14.5705930765926,46.3719995155345],[14.5705046342967,46.3718573896045],[14.5705755952068,46.371626251508],[14.5710525525794,46.3712529538046],[14.5719365719277,46.3707992152761],[14.5729428105172,46.3709552979105],[14.5737537532103,46.3712044833275],[14.5747372129517,46.3710147078948],[14.5750608013605,46.3707873852497],[14.5754336690977,46.3707418954878],[14.5757968240129,46.3708428407693],[14.5764327363979,46.3707339042127],[14.5772461474798,46.3706311086622],[14.5786277230556,46.3704556366665],[14.5791875669588,46.3704511303546],[14.5800519336282,46.3703295185272],[14.5808588662039,46.3702733682764],[14.5817250071846,46.3705314266466],[14.5823838307281,46.3706204763219],[14.5828001050854,46.3707796244336],[14.5831507645316,46.370833446097],[14.5837176229437,46.370795743991],[14.5841445730647,46.3707306291388],[14.5844613622764,46.3706746493361],[14.5846959784599,46.3705707757578],[14.5851446185772,46.3707305726977],[14.5854232669814,46.3708194846069],[14.5861682774924,46.3708221831276],[14.5866076154268,46.3709409140224],[14.587536099179,46.3713310507045],[14.5882803245078,46.3714391782642],[14.5892295495787,46.371301967739],[14.5900419758002,46.371363454074],[14.5908269167976,46.37167684415],[14.5914213116365,46.3714504439125],[14.5920072980814,46.3712005282317],[14.5923906955297,46.3708737724022],[14.5928570026392,46.3707933803166],[14.5936131569547,46.3704326784043],[14.59415679419,46.3701943873245],[14.5946574495135,46.3700379046086],[14.5954890952497,46.3697654491599],[14.5961246549725,46.3696973385116],[14.5970826240876,46.3695131289473],[14.5974132666942,46.3694440263459],[14.5982020913925,46.3692475156015],[14.5991348727482,46.3690398079469],[14.599929908718,46.3691480378381],[14.6008510772264,46.3693914786443],[14.6020188311542,46.3694717538796],[14.6026616356219,46.3695501044119],[14.6033181541757,46.3694938127672],[14.6039746720552,46.3694374273801],[14.6046856192474,46.3694750658353],[14.6053875711784,46.3695887840394],[14.6057925119759,46.3697777695918],[14.6061634532768,46.3699957871171],[14.6069547796014,46.3706431496724],[14.6073837393533,46.3710372552715],[14.6078449514868,46.3716658434221],[14.60870800687,46.3729228107961],[14.6091643947994,46.3735760288544],[14.6093835347103,46.3738331039347],[14.6095895488425,46.3739806395213],[14.6100949949377,46.3740994157934],[14.6102810859596,46.3741609602508],[14.6103479571496,46.374189258961],[14.6103603983386,46.3741945196484],[14.6103645456154,46.3741962432211],[14.6103846327316,46.3742047688996],[14.610485198389,46.374247397682],[14.6106871532597,46.3744180399014],[14.6109381023241,46.3748466142664],[14.6111306599966,46.3751696339208],[14.6114853422044,46.3753056154491],[14.6117726309916,46.3753768581758],[14.6122242728564,46.3755883819575],[14.6122719172742,46.3756337987198],[14.6122865076084,46.3756477036605],[14.6122872824293,46.3756484260522],[14.612292447478,46.3756533019761],[14.6122977412401,46.3756583582773],[14.6123399626594,46.3756986283008],[14.6125647588914,46.3759128003837],[14.6129614113722,46.3761074903557],[14.6131393340681,46.3761674729909],[14.6134006427263,46.3762555381924],[14.6136614816553,46.3765024892619],[14.6137609773766,46.3767900114522],[14.614039627404,46.3769080939548],[14.6148588777104,46.3771980421411],[14.6155503620887,46.37761639283],[14.6166448067561,46.3785224716777],[14.6169966149912,46.3790745401587],[14.6170582493902,46.3792210386686],[14.6171298570548,46.3793914127252],[14.6171936192115,46.3799776042632],[14.6174535850223,46.3803359270961],[14.6182216343243,46.3807076428468],[14.6190331251266,46.3809096338166],[14.619710373368,46.3813487847852],[14.6202721809166,46.3817516502076],[14.6205899538293,46.3823269866107],[14.6206047837293,46.3826259177688],[14.6208563015977,46.3830076869571],[14.6210204534047,46.3831458859055],[14.6211846054171,46.3832841745858],[14.621885231708,46.3836204637023],[14.6252642098525,46.3848445678801],[14.6263023638109,46.385375371816],[14.6266686623609,46.3856724809855],[14.6270350948932,46.385969589402],[14.6274969765593,46.3865512241407],[14.6278817138617,46.3872556854705],[14.628181582225,46.3879950479334],[14.6281931236767,46.3888037393216],[14.628019371825,46.3894419639657],[14.6275302843718,46.3903897393363],[14.6272630652313,46.3910802908473],[14.6270369389005,46.3919410196126],[14.6270581529652,46.3925680920243],[14.6273447608364,46.3940164687363],[14.6276039145623,46.3957753323554],[14.6275672351695,46.3961971734776],[14.6274289076019,46.3966127454065],[14.6272743506417,46.3969287571419],[14.6272889816049,46.3972627744072],[14.6276313284577,46.3979964273734],[14.6286194892133,46.3996873021494],[14.629188384365,46.4007321727667],[14.629791611063,46.40174206313],[14.6304741837342,46.4022716758788],[14.6316494811609,46.4025977406299],[14.632359973619,46.4027699805191],[14.6330783364491,46.4031268600019],[14.633481080362,46.4036174091604],[14.6343126630997,46.4046865773233],[14.6351096301386,46.4058610737595],[14.6354021796653,46.4064597682039],[14.6356086228176,46.407274925456],[14.6357240009973,46.4077616713081],[14.6358733277942,46.4082485250984],[14.63602408609,46.4085010111809],[14.6365361343261,46.4092293279136],[14.6369732079786,46.4097521826065],[14.6371752590984,46.4099404113593],[14.6377572363075,46.4103465816232],[14.6384239747254,46.4107413208073],[14.6391246711637,46.4111361632347],[14.6395455700656,46.411553512007],[14.6399726934542,46.4123107854929],[14.6403732309468,46.4132555611189],[14.6407009675483,46.4136609163824],[14.6411739618347,46.4142518847435],[14.641693804425,46.4147422315076],[14.6421190633868,46.41549454235],[14.6421148555826,46.4157599405484],[14.6424783301969,46.4165730561746],[14.6433176846062,46.4170259765898],[14.6440143463968,46.4175388165481],[14.6444248946818,46.4182609327209],[14.6448703809084,46.4188131127072],[14.6452754585831,46.4190780716345],[14.6457573800942,46.4192495185313],[14.6462911009998,46.4192570185221],[14.6469431400487,46.4193352378027],[14.6474337894047,46.4194656782983],[14.6475898689972,46.41957160407],[14.6477459491943,46.4196775296284],[14.6479009594526,46.4198689230691],[14.6487099786924,46.4207251351383],[14.6487874923305,46.421134016348],[14.6490157036956,46.4212928839726],[14.6495908645204,46.4213943342912],[14.6504116438783,46.4215784953195],[14.6509696905125,46.4217735449998],[14.6514683603738,46.4219977411833],[14.6518108395275,46.4222542087846],[14.6524091836078,46.4232957203392],[14.6533551592345,46.4238083605552],[14.6544628289388,46.4242043408455],[14.6552315602757,46.4246051371475],[14.6559159547332,46.4249294701224],[14.6565426858604,46.424989924345],[14.6576946875446,46.4250871267021],[14.6582709543342,46.4250830020211],[14.6586272112306,46.4250371917085],[14.6589080472221,46.4248387465285],[14.6593163403588,46.4246055921809],[14.6598413059755,46.4245024299391],[14.6598544485712,46.4245021091492],[14.6598809939673,46.4245014683387],[14.6598772204339,46.4245015470861],[14.6599038964916,46.4245008166891],[14.6599186003171,46.4245005005345],[14.6617665045505,46.424454607827],[14.6617939050726,46.4244419131474],[14.6618061697515,46.4244362813184],[14.6618109974496,46.4244340463492],[14.6618617530292,46.4244106243369],[14.6621319714946,46.424285735134],[14.6623366958314,46.4240636644814],[14.6624408373071,46.4236537095509],[14.6627392730401,46.4233616482807],[14.6628801993802,46.4233152794732],[14.6629110962394,46.4233051139849],[14.663008219007,46.4232731910129],[14.663044981943,46.423261153407],[14.6631808239116,46.4232163887051],[14.663597507232,46.4229890917638],[14.6636659195348,46.4228867273701],[14.6637343315808,46.4227843629331],[14.6639482922959,46.4224333897219],[14.6642456341158,46.4223171223164],[14.6645338004366,46.4223178779836],[14.6649569170793,46.4224188049031],[14.6653628856751,46.4225371342285],[14.665837375268,46.4225561557046],[14.6668213204726,46.4221296004118],[14.667818030561,46.421548055654],[14.668213726892,46.4213866287774],[14.668416921989,46.4213036360956],[14.668616594643,46.4212221623327],[14.6687018886693,46.4211874111746],[14.6690158075313,46.4210593033447],[14.6697462249069,46.4207917752471],[14.6702808720327,46.4206702391355],[14.6705614661937,46.4205011846531],[14.6709524593651,46.4202971789796],[14.6717423896919,46.4199947210657],[14.6723704860813,46.4198207210109],[14.6729638091393,46.4198047851125],[14.673387307276,46.4198411735784],[14.6739377313075,46.4199071626293],[14.6744541325312,46.4199848382405],[14.6751141905585,46.420144882257],[14.6756049843609,46.4202635061787],[14.6761196353673,46.4201763445032],[14.6768947629968,46.4199741254866],[14.6777441159816,46.4196483118389],[14.6781136253279,46.4195744975038],[14.6785155110298,46.419591912475],[14.6794735583278,46.4195183970881],[14.6800665061828,46.4195434495529],[14.6808039373047,46.4195103319026],[14.6814655434871,46.4194067318572],[14.682533062274,46.4194330923466],[14.6835066229193,46.4195998957739],[14.684301954213,46.4198129833864],[14.6850123312392,46.4200727957763],[14.6854016159768,46.4201559198102],[14.685766341674,46.4200983521438],[14.686343999577,46.4198420842413],[14.6868366608589,46.419638303043],[14.6876170679219,46.4195056624847],[14.6888800651569,46.4194504449759],[14.689362130821,46.4195982263303],[14.690123129642,46.4199050187663],[14.6908753851381,46.4202411126619],[14.691517855558,46.4205299412475],[14.6918564191933,46.4205894243443],[14.6922042618456,46.4205259426202],[14.6925358195569,46.4203275512414],[14.6927657720618,46.4201289759544],[14.6929281113005,46.4198774063651],[14.6930064486187,46.4195260144303],[14.6931099240088,46.4191922340054],[14.6933317754522,46.4189291273998],[14.6935953458328,46.4187657287937],[14.6937996595484,46.4185904748524],[14.6941052750297,46.4184916960352],[14.6945036392744,46.418486912815],[14.6948169241249,46.4185287755147],[14.695078103445,46.4187931739042],[14.6953990632605,46.4189756783913],[14.6956194029425,46.4189821130768],[14.6957509408602,46.4189326197746],[14.69588260863,46.4188831266662],[14.6962673193474,46.4185497309834],[14.6963648360695,46.4184652382967],[14.6964666566808,46.4184021697818],[14.6969121637015,46.4181299328323],[14.6973037231049,46.4178027596949],[14.6974828161608,46.4175981921744],[14.6977310748785,46.4171183193457],[14.6980980316703,46.4166504554312],[14.698421444201,46.416387606902],[14.6988373812705,46.4162597760766],[14.699184897503,46.4162255124456],[14.6996690874082,46.4160099574843],[14.7000516452981,46.4157765898203],[14.7004690497627,46.4153792069836],[14.7005606139306,46.4149778209662],[14.7001130744748,46.4138253028623],[14.7003471768482,46.4128590092712],[14.7009269468265,46.4120232662722],[14.7012016542385,46.4115251907086],[14.7011877191002,46.4109567238502],[14.7011397101264,46.4104350422707],[14.7014549043728,46.4101194409831],[14.7015926735331,46.4097095372602],[14.7014118181926,46.4086952829097],[14.700893280183,46.4071649768506],[14.7010333454828,46.4066198545801],[14.701485015183,46.4059113504818],[14.7017583428881,46.4057075616113],[14.7020348423695,46.4055897017784],[14.7020416215562,46.4055867504282],[14.7020613058828,46.4055784344938],[14.7020627404402,46.4055777184705],[14.7021108440218,46.4055572406303],[14.7022619337144,46.4054928556239],[14.7023866902305,46.4054396481526],[14.7026590250473,46.40522604779],[14.7028210969705,46.4050071219721],[14.703188564376,46.4044220110417],[14.7034952267984,46.4041122297228],[14.7038694851212,46.4038319528768],[14.7044214277191,46.4035696783459],[14.7045750244221,46.4033766394712],[14.7045939553086,46.4030016928966],[14.70446825526,46.4027493618023],[14.7043172243761,46.4024677247742],[14.7042682743298,46.402115994903],[14.7043969472629,46.4018174467553],[14.7046098413214,46.4016245610331],[14.704983887272,46.4013794582044],[14.7054171020003,46.4011344166004],[14.7058676361837,46.40086017759],[14.7062164342696,46.4005680413345],[14.7063366399479,46.4002694691748],[14.7064316382867,46.3999181096459],[14.7067306834075,46.3994441942527],[14.706834821033,46.3989639304954],[14.7068120047118,46.3984892792333],[14.7068480751834,46.398067411462],[14.707146197308,46.3977634461919],[14.7076217664143,46.3975185045429],[14.7082401018959,46.3975200837308],[14.7088155200603,46.3976446295555],[14.7093488225115,46.3976928606845],[14.7098960485345,46.3975923139218],[14.7102228083214,46.3974020456336],[14.7109024829263,46.3970169838793],[14.7119505112901,46.3963422426279],[14.7125410243265,46.3952505900974],[14.7132900655123,46.3939523102891],[14.7134025021282,46.3935130873552],[14.7131934161609,46.392991005475],[14.7131981125714,46.3920944633288],[14.7134300184802,46.3914855858767],[14.7142635141051,46.3908078558122],[14.7146372599871,46.3905978086458],[14.7150110030036,46.3903877602437],[14.715660074693,46.3901638203235],[14.7163090115313,46.3899397864068],[14.7164381414122,46.3897858075521],[14.7165362638463,46.3896688194702],[14.7166669629297,46.3895128648923],[14.717085226599,46.3888868971108],[14.7178414863187,46.3882188463154],[14.7182327922559,46.3880517464951],[14.7188358550362,46.3876898405025],[14.7189813258074,46.3874147987801],[14.7193665645244,46.3865777607373],[14.7195966378488,46.3863087738369],[14.7204723916767,46.3856252534709],[14.7212928875911,46.3848869796266],[14.7216365387633,46.384778232683],[14.7220947815452,46.3846332352492],[14.7221225185632,46.38462439558],[14.7227564114596,46.3845032144749],[14.7230283953736,46.3844511508744],[14.7237712925874,46.3843179921182],[14.7239044724852,46.3842822355974],[14.724167186111,46.3842117929403],[14.7243140973204,46.384134142847],[14.7246141746624,46.3839757081893],[14.7246506734311,46.3839565424067],[14.7250118428246,46.3836964972332],[14.7252587910659,46.3834506617905],[14.7252925212378,46.3831539303735],[14.7252563344508,46.3829037256338],[14.725339854836,46.3826072937254],[14.7258831577556,46.3823454337777],[14.7260705979442,46.382116818165],[14.7264148357235,46.381885248555],[14.7268122804453,46.381698070482],[14.7270221509194,46.3814803033214],[14.7270490197101,46.3811756375067],[14.7267537588059,46.3809464074084],[14.7269422104784,46.3805131998773],[14.7271696845704,46.3801270496992],[14.7272653932765,46.3799123385201],[14.727361337805,46.3796762148394],[14.7277014654027,46.3793781432702],[14.727973250446,46.3792029877612],[14.7286020844036,46.3790643078435],[14.72901564655,46.3790295702977],[14.729351693782,46.378896939868],[14.7296346969288,46.378501739098],[14.7297630339849,46.3782582223733],[14.7298953841611,46.3780442253009],[14.7301418022725,46.3778963557178],[14.7305603842,46.3776319296998],[14.7308711457185,46.3773781348753],[14.7312035406281,46.3771655965477],[14.7313956703328,46.3769268163606],[14.7316594231501,46.3767411965723],[14.7319294971004,46.3764854139711],[14.7321028703064,46.3762532464183],[14.7324890906129,46.375876634155],[14.7326508678822,46.3757290109354],[14.7328512937895,46.3755459394103],[14.7329785196739,46.3754993618971],[14.7331648484643,46.375488010681],[14.7334100799662,46.3755530915182],[14.7336810747281,46.3755595710329],[14.7339693499441,46.3754606446226],[14.7341485940634,46.375168027374],[14.7343626838381,46.3746586617255],[14.7345334742347,46.374366024196],[14.7346703083126,46.3740792456737],[14.7347398458413,46.3737043196675],[14.734486995341,46.3734693595141],[14.7341574661239,46.3733396660874],[14.7338363425215,46.3731924470081],[14.7334561649948,46.3730274551577],[14.7331014214725,46.372844977137],[14.7329169305449,46.3724811551651],[14.7328511539746,46.3720825217299],[14.7326748581564,46.3717715312103],[14.7324360438758,46.3714606640522],[14.7321820401195,46.3710668978646],[14.7319563109929,46.3707127844386],[14.7315426238328,46.3702556629315],[14.7311108384984,46.3697534220448],[14.7306431109645,46.3692404782908],[14.7303223525879,46.368840972377],[14.7302098785533,46.3685602685371],[14.7301351153835,46.3682495133996],[14.7301449488751,46.3679681983273],[14.7302144513888,46.3676050607424],[14.7303343668872,46.3673240052752],[14.7305307293327,46.3669846488919],[14.7306590321508,46.3667153090079],[14.7309992484613,46.3664055309922],[14.731279377516,46.3662362349659],[14.7316523735942,46.3661316652027],[14.7321270867109,46.36600969828],[14.7325937346,46.3657822648613],[14.7328827190667,46.3655543246971],[14.7331155488404,46.3653279621949],[14.7332899305711,46.3650404627609],[14.7334800344705,46.3646998269956],[14.7336736153142,46.3642850631137],[14.7339103954623,46.3639392270137],[14.7342740775106,46.3634730345977],[14.7345989787689,46.363150704182],[14.7348846964158,46.3629218515684],[14.7351619214223,46.3627287869229],[14.7353400516945,46.3625222665962],[14.7355562099113,46.3623257307145],[14.7359689985563,46.3619388206024],[14.7362618421222,46.3617119603115],[14.7367117112444,46.3614492926578],[14.7370511121423,46.3612684226065],[14.7374744160982,46.3610155876306],[14.7377306260975,46.3607836010729],[14.7379601646552,46.3605848420077],[14.738155923962,46.3603567646272],[14.7383431790149,46.3601403636468],[14.7387004378273,46.3597543961091],[14.7388961632218,46.3595321654539],[14.7393642833105,46.3593328683875],[14.7396509820977,46.3592173691711],[14.740075224255,46.3590074426938],[14.7407705515451,46.3587393785475],[14.7413638577114,46.358582553302],[14.7417929713426,46.358522252916],[14.7423464339043,46.3584088784695],[14.7428718928857,46.3582811330182],[14.7433283542686,46.3580686577296],[14.7437732659112,46.3579077080154],[14.7442825066104,46.3576614281525],[14.7445967681111,46.3574829985581],[14.7450213284498,46.3572815116424],[14.7454767207904,46.3571557572463],[14.745883434724,46.3571026792772],[14.7462918362773,46.3570217126459],[14.746628003228,46.3568811138024],[14.7469290089369,46.3566722382599],[14.7471836591781,46.356145482406],[14.747298102524,46.3557868416316],[14.7473565510191,46.3555385612396],[14.7474641238843,46.3552886798578],[14.7475730260818,46.3550603043359],[14.7477448342377,46.3546872143816],[14.747851249937,46.3544339111529],[14.7478418861724,46.3542661847869],[14.7471384526833,46.3544522207595],[14.7465700483841,46.354435577438],[14.7462289440809,46.3543547468819],[14.7458164779458,46.3541675910645],[14.7454834106443,46.3540075117955],[14.7450775548081,46.3537970655528],[14.7447120621404,46.353625305491],[14.7443083456059,46.3534867480234],[14.7438456721943,46.3535082052677],[14.7434713110148,46.3535946378304],[14.7428037020088,46.3537874753379],[14.7423020220676,46.3538413180879],[14.7416649553947,46.3539208544475],[14.7411373140166,46.3539411642637],[14.7406354115063,46.3539590108424],[14.740113305329,46.353935332724],[14.7396585136256,46.3536913768134],[14.739446871716,46.3533580024679],[14.7392972560799,46.3531245468672],[14.7389634670356,46.3527666009075],[14.7384938713635,46.352660172038],[14.7381291161402,46.3525847514273],[14.7377576488959,46.3525002271973],[14.7374309421497,46.3521314064828],[14.7372250427812,46.351715447808],[14.7371312236894,46.351446129137],[14.7369832460868,46.3511451959936],[14.7367771638251,46.350741741979],[14.7363930936529,46.3504169618578],[14.7361195617556,46.3502884822591],[14.7355685935985,46.3500336713635],[14.7351925232374,46.3498843490279],[14.7346646871851,46.3496302171198],[14.7342897725905,46.3492434611168],[14.7340489804704,46.3488496382516],[14.7339003387501,46.348422740066],[14.7337706619902,46.3480238667862],[14.7335398301733,46.3477211165926],[14.733147017364,46.3475992795733],[14.7328086879476,46.3475750071044],[14.7324366777941,46.3475038699156],[14.7320263825203,46.3473711916142],[14.7316887706538,46.3473334218627],[14.7312960797717,46.3471085619691],[14.7308909862163,46.3468966273543],[14.7306213426541,46.3466439836816],[14.7303605349474,46.3463387271556],[14.7302187485321,46.3458987943563],[14.7300339910509,46.3456112607908],[14.7297730474264,46.3453352431309],[14.7296170543662,46.3451432360975],[14.7295884405756,46.344833578113],[14.7295912923488,46.3445186862257],[14.7297134572098,46.3442723644243],[14.7299607842559,46.3439354673649],[14.7302570220012,46.3436114610284],[14.7305509359725,46.3432837596177],[14.7308152604557,46.3429226984882],[14.7308967914333,46.3426952635893],[14.7310177576297,46.3423734517668],[14.7309607821147,46.3420709249446],[14.73105966874,46.3417742529955],[14.7312211446087,46.3414562249896],[14.7311718505276,46.3411502074063],[14.7310215961657,46.3409019837028],[14.7305155113489,46.3405784256927],[14.7299850122294,46.3400433756701],[14.7298588445731,46.3398912964122],[14.7298680622944,46.3394439817977],[14.7296512054483,46.3392166521021],[14.7293021270531,46.3391438493617],[14.7288059531658,46.3390805936152],[14.7282735967898,46.3390316451206],[14.7278324261002,46.3389316276762],[14.7274824552336,46.3387778432345],[14.7272835597588,46.3385982365253],[14.7271716652095,46.3383209484782],[14.7271132859032,46.3380706894034],[14.7270795338725,46.3378051939745],[14.7266719613244,46.3374821237619],[14.7263079572967,46.3372275344455],[14.7259170817409,46.3369701804179],[14.7257179562419,46.3367609698621],[14.7255839454647,46.336544717541],[14.7254477701216,46.3362420875329],[14.7253821695095,46.3359054378128],[14.7253065289443,46.3356803281822],[14.7253182717726,46.3354104428423],[14.7254364897485,46.335147920922],[14.7256037323608,46.3349000918541],[14.7257844195226,46.3346648007695],[14.7257655896447,46.3343261040182],[14.7262406542917,46.3340810811418],[14.7264694661547,46.3339878787136],[14.7264711603561,46.3336480615071],[14.7263608304262,46.3334244889819],[14.7260576301795,46.3332763901532],[14.7248000116708,46.3328180260029],[14.7242799893674,46.332627833704],[14.7240157745982,46.3324778440683],[14.7235169786204,46.332252160878],[14.7232895759844,46.3320406282584],[14.723316055747,46.3318121653829],[14.7234132018635,46.3316333576292],[14.7234174384674,46.3313597653135],[14.7232705400815,46.3311021820932],[14.7230139457377,46.3309369134287],[14.7226769576853,46.3308226428808],[14.7223136659206,46.3307219830943],[14.7218270326619,46.3306380267324],[14.721393916181,46.3305532989914],[14.7211061908862,46.3303816521848],[14.7208115321771,46.3301946026334],[14.7204824146195,46.3300413872571],[14.7202292178941,46.3299001429455],[14.7199766606204,46.3296593014321],[14.7198534048024,46.3292522393644],[14.7196923331435,46.3290022642818],[14.7195840347317,46.3286679353471],[14.7194330484358,46.3284273416202],[14.7191881937249,46.3283329904763],[14.7187910266175,46.3282324161957],[14.7183520128372,46.3280613799094],[14.7180830106471,46.3277383498214],[14.7180795924472,46.3274430555518],[14.7181352014793,46.3271857847096],[14.7182804766252,46.3269685920733],[14.7184016797174,46.3266081955869],[14.7184199258635,46.3263679271027],[14.7182695129877,46.3259925560924],[14.718118690421,46.3257226302609],[14.7180946207515,46.3254530167809],[14.718180699803,46.3251543441514],[14.7180890391894,46.3248962603132],[14.7179546814329,46.3247084286818],[14.7176253239444,46.3245845349971],[14.7173386058907,46.3244021744169],[14.7170520497584,46.3242139653735],[14.7168334788473,46.3239380219582],[14.7166481088129,46.3237969375044],[14.7164538142308,46.3237495807867],[14.7161999688499,46.3237664954542],[14.7159196686675,46.3239767822824],[14.7154297081911,46.3238466350014],[14.7151427968174,46.3237286879114],[14.7148142734572,46.3234466185047],[14.7145102921146,46.3233404134943],[14.7140452748954,46.3233099208566],[14.7137493089428,46.323285787764],[14.7132519288938,46.3229622640546],[14.7125941851724,46.3225621294335],[14.7123834085842,46.322415126026],[14.7121041532368,46.322449512108],[14.7117488840339,46.3224427689269],[14.7114034488663,46.3221958258344],[14.7109923902069,46.3215384462332],[14.7107560215857,46.3214440983576],[14.7103921017906,46.3214783560387],[14.7100027663776,46.321530092531],[14.7096897075461,46.3215234499939],[14.7094961403925,46.3213413061044],[14.7092108688492,46.3209187050218],[14.7090439633665,46.3204846181879],[14.7087749541587,46.3201557175924],[14.7084291419673,46.3199849702544],[14.7080993980588,46.3199431019816],[14.7077269525988,46.3199948738525],[14.7073626343002,46.320105326684],[14.7066598528266,46.3202499994184],[14.7061889403769,46.320040776418],[14.7061717667778,46.3197799950671],[14.7062406758517,46.3195457065473],[14.7063685463437,46.3193585344963],[14.706369549324,46.319171036578],[14.7062525656192,46.3189011816468],[14.7060081216154,46.3187422936302],[14.7056620403149,46.318600777909],[14.7053914603383,46.318594232935],[14.7050360908324,46.3186109511787],[14.7046386141138,46.3186099251535],[14.7041400952232,46.3184914035402],[14.7040739902371,46.3182041335444],[14.7038910116159,46.3176293719624],[14.7037821990437,46.3174122588727],[14.7035634407122,46.3172124051288],[14.7033018749844,46.3170769494439],[14.7029740260897,46.3167127934218],[14.7025618706189,46.3162839975737],[14.7021319834876,46.3160133239139],[14.7020734417708,46.3158900903846],[14.7020660193735,46.315702570434],[14.7020929292934,46.3154096033515],[14.7020097367846,46.3151632245219],[14.7018758393722,46.3149051071055],[14.7016244805717,46.3144473061761],[14.7015754005379,46.3141365963841],[14.7017299010086,46.3137326674453],[14.7015875665796,46.3134510450451],[14.7015729810031,46.3130290404426],[14.701542055463,46.3124840020435],[14.7012727818387,46.3122429848418],[14.7010790837291,46.3120960049322],[14.7007957109492,46.3113217782109],[14.7003327520968,46.3109103854182],[14.7002169035276,46.310441239823],[14.6999012690145,46.3093972811766],[14.6998696892204,46.308975321422],[14.6998801137324,46.3086120434083],[14.699350860217,46.3079601582016],[14.6986194743486,46.3071671121995],[14.6982227892033,46.3070371365761],[14.6979280786299,46.3068019822497],[14.6975482426257,46.3066778969452],[14.6970967913826,46.3057215628031],[14.6967527888641,46.3052225678388],[14.6965482508218,46.3049999751092],[14.6960275795627,46.3048514884228],[14.6956390309332,46.3047800969709],[14.6948729462327,46.304174525145],[14.6946201632493,46.3039921074861],[14.6942336446699,46.3035575009334],[14.6939060019883,46.3031815322748],[14.6937049969225,46.3028176882499],[14.6936141090485,46.3024482908067],[14.6934556238569,46.3020493812797],[14.6931049095481,46.3012514709167],[14.693090784545,46.3007591976204],[14.6931424909318,46.3005658971468],[14.6931816068129,46.3004188083378],[14.6930953093416,46.3002514092269],[14.6928661404931,46.2999127700019],[14.6928418513202,46.2996600640585],[14.692802324713,46.2993931016227],[14.6923883429573,46.2993508715364],[14.6921710452868,46.2988873819805],[14.6921749531838,46.2981900212493],[14.6922651179034,46.2974806564526],[14.6927480489414,46.2954042361622],[14.6932250645832,46.2933113323635],[14.693544431681,46.2909245150664],[14.6937655264977,46.2896785466631],[14.6931259809548,46.2883241040348],[14.6927853659376,46.2872449655302],[14.6922504598687,46.2861476685131],[14.6916438862529,46.2857768792452],[14.6906603858714,46.284795597321],[14.6905846698425,46.2847367307057],[14.690499563678,46.2848244030035],[14.6904565623178,46.284970850973],[14.6903294777615,46.2850232304374],[14.6901102379594,46.2849171892665],[14.6898409835778,46.2847054748601],[14.6894703853504,46.2844466092041],[14.6890825860398,46.2842697500292],[14.6887964051389,46.2840462907469],[14.6886964485376,46.2837999451951],[14.6885451920921,46.2836295761408],[14.6883944984057,46.2833830021157],[14.6883268969734,46.2831525794609],[14.6882499200558,46.2827448863007],[14.6885041936253,46.2813840324477],[14.6880962728461,46.280892752646],[14.6875284827481,46.2804485398002],[14.6872561249054,46.2801948836681],[14.6862834460992,46.2786900451079],[14.6870594566256,46.2786129962493],[14.6863559786511,46.2779628196807],[14.6862435083319,46.2776620942352],[14.6852677204455,46.2767582516375],[14.6850182281577,46.2765045629715],[14.684929057614,46.2761248148342],[14.6841803410462,46.2755219152318],[14.6837923624956,46.2754577724227],[14.683405815228,46.275235371252],[14.6830014147866,46.2748919067221],[14.6825195943581,46.2746321698157],[14.6818826221612,46.2743459073635],[14.6813596656959,46.2740441240509],[14.6807700833392,46.273441735232],[14.6802012334757,46.273203068868],[14.6790193559901,46.2724726017983],[14.678359129869,46.2722653398753],[14.6779049942949,46.2719162289012],[14.6768135452912,46.2713283296055],[14.6763361276739,46.271058232105],[14.6762008359269,46.2707890120448],[14.6762706050117,46.2705519528583],[14.6764315784025,46.270315241737],[14.6760558875473,46.2694284012496],[14.6756418119,46.2688266625466],[14.6752127601808,46.2680822736998],[14.6749646256307,46.2675913996422],[14.6744431759058,46.2670523316964],[14.6738098621078,46.2661492742242],[14.6736530403855,46.2656428224987],[14.6730184392487,46.2649611786085],[14.6722695445956,46.264326618968],[14.6710888142441,46.2634537357639],[14.6709511417875,46.2636115109989],[14.6704265820031,46.2636259252305],[14.6696745408651,46.2635448492131],[14.6680890788511,46.2633049799299],[14.6671216010883,46.2633483230534],[14.6663694726815,46.2632830601685],[14.6657081892466,46.2632970537043],[14.664931627902,46.2635163824109],[14.6641091081945,46.2637830762219],[14.6631470448066,46.2645078520513],[14.6626901923013,46.2646490213094],[14.6622566226715,46.2646952467472],[14.6613220895023,46.264629501677],[14.6599538904165,46.264625710544],[14.6594529988806,46.2644820634422],[14.6589754321845,46.2642593080646],[14.6586568702769,46.2641477814453],[14.6581329903677,46.2640514753329],[14.6570834617331,46.2641434330935],[14.6552138353462,46.2641065899033],[14.6545992329934,46.2639151631326],[14.6541888913279,46.2638981775974],[14.6532081515539,46.2639428924018],[14.652638421151,46.2638780922887],[14.6517053868519,46.2635591809497],[14.6508858862511,46.2633196044278],[14.6500423831292,46.2632856253499],[14.6479941200233,46.2626472817689],[14.6468085597836,46.2626123151703],[14.6456468506658,46.2624192387855],[14.6446199594309,46.2625427326155],[14.6445094133814,46.2624861562257],[14.6445274009472,46.2623724870819],[14.6448477482486,46.2622416731051],[14.6453318891952,46.2621173046197],[14.6456771738914,46.2621422178703],[14.6459020096506,46.2620770546493],[14.6457473021491,46.2619687885029],[14.6452811356469,46.2619614949651],[14.6448749150701,46.26203221184],[14.6445206060647,46.2620790660608],[14.6442186869644,46.2620482561211],[14.6436581485396,46.2619508698326],[14.6429334423502,46.2618649345351],[14.6422941562456,46.261928975955],[14.6417491328383,46.2621190006061],[14.6414521936704,46.2623194279568],[14.6411740309915,46.2627433148395],[14.6407639217994,46.262911175046],[14.6399651611552,46.2630195984604],[14.639303226727,46.2631125229251],[14.6387093668595,46.2632689092567],[14.6382296322842,46.2634098185355],[14.6377733252752,46.2634401340306],[14.637249176523,46.2633911467815],[14.6350625264709,46.2630052246067],[14.6342416592942,46.2630027814969],[14.6329845970691,46.2634577021698],[14.6320024497057,46.2636919822484],[14.6315461613162,46.2637380181114],[14.6295814332147,46.2642856293792],[14.6273179112835,46.2651960813935],[14.6266085932491,46.2655734503156],[14.6262892303448,46.2655883319932],[14.6258797241209,46.2654289113723],[14.625264154804,46.2654112402749],[14.6243043612214,46.2657246130972],[14.6238709677457,46.2657391132631],[14.6228473071966,46.265356417766],[14.6219123777389,46.2653535098299],[14.620839954089,46.2654609842733],[14.6200173034786,46.2657114353142],[14.6190132355131,46.2658190298035],[14.6174836896167,46.2660672848181],[14.6163435205242,46.2660637344817],[14.6151335470066,46.2662655245726],[14.614152605689,46.266309903677],[14.6133985191366,46.2665447932787],[14.6128037701826,46.2668117079227],[14.6123012177354,46.2669366859136],[14.6117295145531,46.267172092819],[14.6111816275166,46.2672494065434],[14.6102010024024,46.2672462474401],[14.6089229503363,46.2674003242508],[14.6074634895042,46.2673956827594],[14.6063696220357,46.2672814360138],[14.6056876959615,46.2669630135106],[14.6043715642187,46.2660257238437],[14.6035998365887,46.2655171364101],[14.6029407799577,46.2651987767013],[14.603046963194,46.2663219101319],[14.6032026640807,46.2668758703311],[14.6033824548049,46.2672559973642],[14.6038351656494,46.2677319008838],[14.6054412131309,46.2688604886627],[14.60589916509,46.269351607268],[14.6061921136515,46.2698586207076],[14.6063244725246,46.2705074166304],[14.6065694035661,46.2713621863235],[14.6071126087559,46.2719648888253],[14.6079284376239,46.2727106799825],[14.6085879676379,46.2729974318615],[14.6099306156327,46.2734129234657],[14.6103622974913,46.2736673072633],[14.6108832914423,46.2741908303351],[14.6120432276086,46.2746530904043],[14.6123378221663,46.2749386716504],[14.6126070397137,46.2756036687773],[14.6133970650736,46.2768080110249],[14.6147759313372,46.2786468370704],[14.614841783618,46.2790265613263],[14.6147479233948,46.2794215825754],[14.6145640413399,46.2796266390851],[14.6135363151092,46.2798131910119],[14.6127156445588,46.2797473437003],[14.6121667408984,46.2799511593459],[14.6113418388911,46.2805020465709],[14.6105855292361,46.2810214912579],[14.6098743205479,46.2816201702538],[14.6089832173355,46.2818387274893],[14.6085036779228,46.2819005168314],[14.6079096411431,46.2820409070579],[14.6070887179602,46.2820066886938],[14.6062451842554,46.2819407164],[14.6056497799438,46.2822708412761],[14.6051011817037,46.2824430437828],[14.60457631301,46.2824729899125],[14.6039381775918,46.2823918756889],[14.6034371743839,46.2822795634418],[14.6030491927875,46.2822941421719],[14.6027723338971,46.282751858247],[14.6024833300891,46.2830221195944],[14.6018795805667,46.2831917755931],[14.6012175698923,46.2832528088841],[14.6006247638617,46.2832192495445],[14.6002158914454,46.2829649091713],[14.5997146600879,46.2828842499917],[14.5988689438182,46.2831344674475],[14.5981610351583,46.2832428272546],[14.5975202367687,46.2835254248901],[14.5969721807008,46.2836185048391],[14.5963321853118,46.2837903430373],[14.5953271596198,46.2839768113306],[14.5947337664292,46.2840223048049],[14.5940961991891,46.2838462171732],[14.5926835062458,46.2836359670294],[14.591679634191,46.2836484014248],[14.5899465361175,46.2835793985371],[14.589215765381,46.2836876209627],[14.5881891824459,46.2836999431145],[14.5869688938196,46.2836546941281],[14.5859606471239,46.2835930155025],[14.5850376488418,46.2833955996514],[14.5842266623178,46.2831792397202],[14.5833607843067,46.2828266362445],[14.5829148009025,46.282514426619],[14.5816611165748,46.2815584816238],[14.5812138035626,46.281440420208],[14.5728433302598,46.2805952971584],[14.5674113532148,46.2802068884017],[14.565785125879,46.2803758097657],[14.5641889185105,46.2802923606584],[14.5630141121324,46.2800550287823],[14.5623720481912,46.2797614232315],[14.5593994185553,46.2801389561527],[14.558979570422,46.2800985594812],[14.5581693612234,46.2798042816235],[14.5571906284931,46.2795870813838],[14.5564629522838,46.2794872708922],[14.5553697664553,46.2795608508169],[14.5552593841454,46.2793468276469],[14.5548685161933,46.2791900146677],[14.5536358267696,46.2791854788264],[14.5531885940462,46.279067308004],[14.5490998619198,46.2786381044146],[14.5489099394965,46.2786325867423],[14.5477321316709,46.2786461981879],[14.5476980558684,46.2786557803846],[14.5456626263064,46.279223801955],[14.544146235211,46.2796471132594],[14.5439687777726,46.2796402874959],[14.5438981803392,46.279187625941],[14.5439074896139,46.2791447463611],[14.5439078598821,46.2791001216512],[14.5438824333308,46.2790524249517],[14.543835621733,46.279001673847],[14.5438059199028,46.2789688054778],[14.5438021068729,46.2789122877511],[14.5437768537373,46.2788437181784],[14.5437429686699,46.2787989567752],[14.5436961327695,46.2787511745952],[14.5436578854427,46.278700457594],[14.5436154867702,46.2786496340368],[14.5435772395879,46.2785989170083],[14.5435389185133,46.2785571069153],[14.5434794345335,46.2784855214982],[14.5433473507945,46.2783748681081],[14.5432662540458,46.2783121034989],[14.5432066974167,46.2782493349187],[14.543134814216,46.2781240763686],[14.5430583032105,46.2780404563897],[14.5429734452836,46.277915145879],[14.5429225511272,46.2778406254175],[14.5428804006849,46.2777601117549],[14.5428257457305,46.2776229555786],[14.5427750503473,46.2775245932154],[14.5427326710725,46.2774560448783],[14.5426900950589,46.2774111584209],[14.5426475485642,46.2773783283373],[14.5426006407089,46.277339452654],[14.5425493769878,46.2773094667694],[14.5424552395999,46.2772704020523],[14.5423783098935,46.2772373442958],[14.5423100180475,46.2771954138195],[14.5421865520461,46.2770789453667],[14.5421270474377,46.2770102382538],[14.5420803875804,46.276941672526],[14.5420380845686,46.2768641270108],[14.5419834071063,46.2767300293736],[14.5419584608896,46.2766405870532],[14.5419545509506,46.2765959451824],[14.5419591797869,46.2765543066013],[14.5419852668416,46.2765068158166],[14.5420157653473,46.2764593426963],[14.5420459354368,46.2764357108836],[14.5420977930947,46.2763942614553],[14.5421366818194,46.2763676054809],[14.5422447225791,46.2762638502851],[14.542326978383,46.2761868934605],[14.5423789599167,46.2761305090137],[14.5424652684585,46.2760654446392],[14.5425432364745,46.2759735351126],[14.5425995733963,46.2759082607416],[14.5426215570392,46.2758548152253],[14.5426567514638,46.2757418609494],[14.5426835615215,46.2756229349593],[14.5428130383835,46.2755312312557],[14.5429857581615,46.275403981294],[14.5430851326522,46.275312156951],[14.5431286479643,46.2752438619895],[14.5431380516462,46.2751427707978],[14.5431299833194,46.2750831769518],[14.5431260478563,46.2750415040904],[14.5431180775043,46.2749701242737],[14.5431270856347,46.2749166268007],[14.5431448551189,46.2748393216973],[14.5431455721091,46.2747530412038],[14.5431375285007,46.2746904783698],[14.543116812812,46.274607081314],[14.5430744353314,46.2745385330753],[14.5429511725833,46.274398133593],[14.5427853847142,46.2742070895071],[14.5427217243427,46.2741235206318],[14.5426920936184,46.2740668995596],[14.5426585094739,46.2739864200238],[14.5426163568359,46.2738909708091],[14.5425785345377,46.2737896907064],[14.5425366601552,46.2736764280692],[14.5424944825076,46.2735840377602],[14.5424306742866,46.2735183725975],[14.5423324851241,46.2734524798082],[14.5421916541821,46.2733656326108],[14.5421232869759,46.2733177635232],[14.5420936139454,46.2732819257065],[14.5419356517877,46.2731801641589],[14.5418460568228,46.2731262716875],[14.5417309163649,46.2730395268598],[14.5415175643362,46.2728898574127],[14.5414706610888,46.2728509812523],[14.5414027475818,46.2727644254803],[14.5413560426588,46.2727017973926],[14.5413009490852,46.2726182620678],[14.5412669459788,46.2725883448287],[14.5412114555073,46.27255240319],[14.5410960686907,46.272495437542],[14.5409636504856,46.2724115916665],[14.5409253662623,46.2723816571364],[14.5408785630364,46.2723309047927],[14.540810576712,46.272253255622],[14.5407001435105,46.2721159642355],[14.5406451507355,46.2720205526517],[14.54049249586,46.2717968080143],[14.54045416269,46.271772811296],[14.540419905991,46.2717578281776],[14.5403262023279,46.2716681989939],[14.540228248035,46.2715904289786],[14.5402069108431,46.2715665005213],[14.5401603828596,46.2714829990755],[14.5401352169355,46.2714204570999],[14.5401315578888,46.2713460353116],[14.5401104939973,46.2712894479983],[14.5400810476317,46.2712267988189],[14.5400216016162,46.2711521526023],[14.5399704940968,46.2711043516438],[14.5399192872933,46.2710684266035],[14.5398853852739,46.2710266330106],[14.5398258147453,46.2709669215871],[14.5397915835695,46.2709489692955],[14.5397444595203,46.2709368132918],[14.5395989088028,46.2709035673399],[14.5394146974928,46.2708700754952],[14.539221794059,46.2708365483235],[14.5391276746578,46.2708124162897],[14.5390590146179,46.2708001731908],[14.539020657123,46.2707792349469],[14.5389736080739,46.2707581716711],[14.5389525757523,46.2707134606072],[14.538952974828,46.2706658668771],[14.538961836904,46.2706301836149],[14.5390097095366,46.2705530004787],[14.5390575269662,46.2704669098421],[14.5390925547507,46.2703897648559],[14.5391014166904,46.2703540815807],[14.5390847154577,46.2703034498259],[14.5390253215689,46.2702228651173],[14.539012752352,46.2701900645246],[14.5390215645284,46.2701603192251],[14.5390690324031,46.2701158843415],[14.5391165801644,46.2700773879313],[14.5391468528218,46.2700567263573],[14.5391642522745,46.2700240465734],[14.5392329067866,46.2700213541876],[14.5393231967412,46.2700068725938],[14.5394219698887,46.2699863969584],[14.5395250288658,46.2699808739002],[14.539597914829,46.2699841365088],[14.5396622383191,46.2699873645964],[14.539726815815,46.2699757482413],[14.5398043565049,46.2699344031973],[14.5398691783543,46.2698780715132],[14.539921404806,46.2697919982497],[14.5399606577015,46.2697058727606],[14.5399910547812,46.2696702760605],[14.5400041219677,46.2696436068606],[14.5400386511832,46.269625841288],[14.5400902299729,46.2696171415188],[14.5401717027443,46.2696174692163],[14.5402324164096,46.2695403371988],[14.5402542203756,46.2694928295279],[14.5402849405862,46.2694185459566],[14.5403025625486,46.2693591451159],[14.5403033335034,46.2692669266009],[14.5403127164514,46.2691688045375],[14.5403606107219,46.2690886518177],[14.5404216468713,46.2689728328952],[14.5405043118172,46.2688303790867],[14.5405737905801,46.2687443748443],[14.5406256122764,46.2686909595674],[14.5406774884512,46.2686465417172],[14.5407638673216,46.2685874170008],[14.5408671664182,46.2685372674268],[14.5409619832384,46.2684930218768],[14.5410782062677,46.2684487721998],[14.5412243458996,46.26841076057],[14.5413748969283,46.2683726764765],[14.5415038134304,46.2683463817748],[14.541619811476,46.2683290323684],[14.5417357359707,46.2683204998371],[14.5418345847079,46.2683060505613],[14.5419591949976,46.2682827071763],[14.5420495000165,46.2682504089666],[14.5421528776041,46.2682061967162],[14.5422692720731,46.2681411629063],[14.542359830702,46.2680939300602],[14.5424288292823,46.2680495799457],[14.5425020100353,46.2680171228711],[14.5426183535543,46.2679581166461],[14.5427475655007,46.2678961027084],[14.5428683137305,46.2678221784369],[14.542937162748,46.2677957319093],[14.5430666023657,46.267721842172],[14.5432086564392,46.2676598790339],[14.5432861165276,46.2676275285249],[14.5434324075944,46.267586455614],[14.543621559004,46.2675395254612],[14.5438064036669,46.2674956368705],[14.5439784048981,46.2674516967549],[14.5441202596009,46.2674135743553],[14.5442579627962,46.2673754352314],[14.5443096618341,46.2673518886001],[14.5443784111776,46.2673373171539],[14.5445203144943,46.2672932562769],[14.544662168417,46.2672551332011],[14.5447697001827,46.267225780558],[14.5448942822281,46.2672054029455],[14.5450532413744,46.2671852519657],[14.5451949718785,46.267161973173],[14.5454012752354,46.2671270746216],[14.5455603566509,46.2670920779869],[14.5457280251678,46.26705405619],[14.5458912827134,46.2670160166276],[14.5460634040818,46.2669571384412],[14.5462269133337,46.266904253962],[14.5463731685416,46.2668513007929],[14.5464893830364,46.2668071355435],[14.5466186931855,46.2667480866974],[14.5467177759429,46.266689007842],[14.5468944699471,46.2665945174811],[14.5470972241736,46.266470349233],[14.5472743093793,46.2663281744861],[14.5473781122279,46.2662155801955],[14.5474132248237,46.2661263766479],[14.5474572167957,46.2659986100938],[14.5474923208064,46.2658946510181],[14.5475663765289,46.2657551270482],[14.5476358579048,46.2656512139834],[14.5477228609306,46.2655147102204],[14.5478226573604,46.2653841951617],[14.5478745176669,46.2653248385477],[14.5479437356772,46.2652686096014],[14.5480517428162,46.265164938567],[14.5481899513795,46.265064265896],[14.5483020992514,46.2649933609276],[14.5484139959536,46.2649372103254],[14.5485520075687,46.264860379114],[14.5487026821346,46.2647896258684],[14.5488965709786,46.2647011384325],[14.5490729547256,46.2646274270701],[14.5491892110344,46.2645773210494],[14.5493397711778,46.2645361674222],[14.5494516975875,46.2644919822439],[14.5495419190548,46.2644685850344],[14.5496193547794,46.264454044654],[14.5497867694303,46.2644457067757],[14.5499368088306,46.2644522356718],[14.5500182004487,46.2644615532736],[14.550074054396,46.264452775848],[14.5501429769009,46.2644322634341],[14.5502890761179,46.2643971191534],[14.5504050388479,46.2643827297747],[14.5504565140345,46.2643859012697],[14.5505511461723,46.2643624306334],[14.5506929641395,46.2643272690062],[14.5508819512698,46.2642983206508],[14.5509894012471,46.26427786909],[14.5511956331368,46.2642340525235],[14.5513031070967,46.2642106316732],[14.5514364594689,46.2641635595453],[14.5515698687098,46.2641253947505],[14.5516815739524,46.2641080182894],[14.5517588788929,46.2640934759465],[14.5519220355453,46.2640821491592],[14.5521279750998,46.2640740488004],[14.5522310459746,46.2640655452448],[14.5523083756135,46.2640479435661],[14.5523686779918,46.2640184887894],[14.5524074804779,46.2640007361967],[14.5524506845232,46.2639681553771],[14.5524680009206,46.2639444704504],[14.5524853905111,46.2639117885689],[14.5524901793451,46.2638493664772],[14.5524949930578,46.2637838854207],[14.5525254995287,46.263733440339],[14.5525559735739,46.2636710287941],[14.5526211855526,46.2635642168406],[14.5526517400834,46.2635078337335],[14.5526910982344,46.2634217041989],[14.5527259492304,46.2633474333735],[14.5528084048206,46.2632257533462],[14.5528648129722,46.2631485977019],[14.5529341445475,46.2630774307414],[14.5530206138207,46.2629885162036],[14.5531201269943,46.2628907453155],[14.5531977682497,46.2628345460898],[14.5532969432347,46.262778340974],[14.5534261543927,46.2627134357993],[14.5535035781615,46.262683957319],[14.5536196576714,46.2626546297138],[14.5537572367954,46.2626135095489],[14.5540197543631,46.2625223121461],[14.554299143695,46.2624460253591],[14.5544066850164,46.2624136945797],[14.5545743572716,46.2623726907098],[14.5546947395249,46.2623404996577],[14.5548235875465,46.2623201278278],[14.554935312139,46.2622997791695],[14.5550425638455,46.2623031657107],[14.5551411822194,46.2623154258284],[14.5552097303536,46.2623245997923],[14.5553124606984,46.2623577493578],[14.555376559521,46.2623877795149],[14.5554878761305,46.2624179032511],[14.5555777070818,46.2624420951571],[14.5556677644991,46.2624543215425],[14.5558607835386,46.2624550715138],[14.5559766209094,46.2624555214409],[14.5560711028884,46.2624499501553],[14.5562256346433,46.2624296764676],[14.5564448032411,46.2623888697235],[14.5566124013941,46.2623568598182],[14.5568313440121,46.2623279278143],[14.5569946140027,46.2623017487784],[14.5571665168554,46.262266695678],[14.5572954586752,46.2622345350401],[14.5573900603353,46.2622140277078],[14.5574889903445,46.2621875988707],[14.5575876226466,46.262182042395],[14.5577250640297,46.2621736668776],[14.5578922446945,46.2621772825548],[14.5579094969863,46.2621773492658],[14.5579739318045,46.2621657220407],[14.558017035684,46.2621450150796],[14.5580728033001,46.2621303852034],[14.5581459290245,46.2621187914738],[14.5582317192239,46.2621131848115],[14.5582961546226,46.2621014674346],[14.5583393775367,46.2620659153638],[14.5583867849511,46.2620423457701],[14.5584598530035,46.2620217543756],[14.5585157024312,46.2620130627783],[14.5585459535322,46.2619774605386],[14.5585506260028,46.2619448185937],[14.5585335413183,46.2619238790267],[14.5585165141461,46.2619119369204],[14.5585124010663,46.2618910474381],[14.5585168008451,46.2618762189791],[14.5585427235916,46.2618465382052],[14.5585901307296,46.2618229685254],[14.5586289534942,46.261802244804],[14.5586632937085,46.2617905010079],[14.5586806895374,46.2617726636459],[14.5587152441072,46.2617341988539],[14.5587369681486,46.261710440009],[14.5587755888896,46.2616987126995],[14.5588657172576,46.2617020295721],[14.5589216622566,46.2616813718134],[14.5589519129115,46.2616457694626],[14.5589735884813,46.2616280385376],[14.5589909496653,46.2615983246351],[14.5590428519414,46.2615479603245],[14.5591033153055,46.2614976290043],[14.5591723397344,46.2614473306606],[14.5592500210913,46.2613850993156],[14.5593149073926,46.2613169703928],[14.559384242035,46.2612278950008],[14.5594407102588,46.2611418290501],[14.559505977193,46.261026106069],[14.559592824561,46.2609044380256],[14.5596364267361,46.260821291503],[14.559649721412,46.2607647500493],[14.559663062877,46.2607023605657],[14.5596803996258,46.26067561555],[14.5597235247408,46.2606520289046],[14.5597622504788,46.2606432707546],[14.5598267075931,46.260628583506],[14.5598783223834,46.2606139367575],[14.5599041005451,46.2606021596266],[14.559951387983,46.260593344396],[14.559998745937,46.2605757121187],[14.5600417180967,46.2605550038822],[14.5600892184613,46.2605195575733],[14.5601066024339,46.2604868744933],[14.5601669924319,46.2604454495907],[14.5602316501328,46.2604218556139],[14.5603046196922,46.2604132289907],[14.560373142612,46.2604253688557],[14.5604202385665,46.2604404853627],[14.5604929234397,46.2604674866094],[14.5605357152287,46.2604855556132],[14.5605914204648,46.2604946769881],[14.5606386358363,46.2604948584397],[14.5606858644932,46.2604771354083],[14.560776418453,46.2604269188121],[14.5608454637129,46.2603736504394],[14.5608800278054,46.2603499405007],[14.5609273503422,46.2603204313404],[14.5609963828569,46.2602849773695],[14.5610308171166,46.2602612668864],[14.5610698273988,46.2602167903273],[14.5610934083738,46.2601714447723],[14.5611132260115,46.2601425497224],[14.5611264103869,46.2601158785178],[14.5611352563382,46.2600801934144],[14.5611697377828,46.2600505448887],[14.5611699509627,46.2600238238916],[14.561161651282,46.2599910420664],[14.5611277161509,46.2599522236582],[14.5611021412247,46.2599223446051],[14.561085232564,46.259895557879],[14.5610726524872,46.2598627596142],[14.5610600848686,46.2598121468515],[14.5610735075416,46.2597556057142],[14.5610953606636,46.2596991869109],[14.5611257859043,46.2596576464621],[14.5611347265329,46.2596100853561],[14.561122040469,46.2595743175974],[14.5611052036915,46.2595385339035],[14.5610796868873,46.2595176523113],[14.5610582504706,46.2595056036789],[14.5610456460865,46.2594758643789],[14.5610372754804,46.2594519895418],[14.5610376315978,46.2594073645732],[14.5610424576846,46.2593390040384],[14.5610428619001,46.2592883510991],[14.5610302812668,46.2592556427964],[14.5610047777995,46.2592168567191],[14.5609794040774,46.2591780711341],[14.5609755509188,46.2591245227271],[14.5609633990626,46.2590381025056],[14.5609857029434,46.2589251827429],[14.5610475630694,46.2586992294911],[14.5610696297264,46.258615999708],[14.5610832066618,46.2585238300538],[14.5611181721828,46.2584496470232],[14.5611492034324,46.2583157971332],[14.5611583445788,46.2582593295095],[14.5611803161488,46.2581879756999],[14.5611981731161,46.2580958224525],[14.5612030225597,46.2580244928934],[14.5611989797889,46.2579946964886],[14.5612251473643,46.2579501705688],[14.5612554418237,46.2579086295712],[14.5612557977449,46.2578640045891],[14.5612263816907,46.2577954226473],[14.5612309942539,46.2577537830919],[14.5612484003438,46.2577181308161],[14.5612786472989,46.257682527812],[14.5613176318606,46.257641020142],[14.5613480313916,46.2576025385852],[14.5613611097216,46.2575728078707],[14.561365745837,46.2575281993068],[14.56136607799,46.2574865433222],[14.5613583955314,46.2573763875292],[14.5613589644303,46.2573050415319],[14.5613466826477,46.2572186208252],[14.5613600089605,46.2571740456001],[14.5613860226333,46.2571324881388],[14.5614207264713,46.2570909640074],[14.5614424598118,46.2570493901131],[14.561430069521,46.256992839862],[14.561426310742,46.2569274154431],[14.5614194825223,46.256710105681],[14.5614336508347,46.2565436209416],[14.5614557160195,46.2564603910474],[14.5614606366905,46.2563800644804],[14.5614783979119,46.2562997871633],[14.5615133858473,46.2562225450046],[14.5615612615381,46.2561394140718],[14.5616222148987,46.2560265523631],[14.5617004427556,46.2558944127556],[14.5618273090109,46.2555506642186],[14.5618196874903,46.2554653410669],[14.5617062548886,46.2553114131636],[14.5616174782316,46.2551234801005],[14.561611074373,46.2549016732825],[14.5616882702332,46.254475589456],[14.5617739074153,46.2540154383105],[14.5618335430299,46.2537256853849],[14.5619079831336,46.2532706196019],[14.5610844161329,46.2528610548772],[14.5608337154169,46.2526814966368],[14.5605907210978,46.2523167139538],[14.5603686078755,46.2524068223454],[14.5599582693526,46.2524848694642],[14.5593385839726,46.2520787758059],[14.5589290738628,46.2520374288303],[14.5587719905569,46.2522017424328],[14.5586865592614,46.2526334609484],[14.5583994024774,46.2526664517682],[14.5580073189659,46.2525057752167],[14.5577033716678,46.252578467249],[14.5571277218239,46.2528264525391],[14.5560955619626,46.2527484922476],[14.5557203309963,46.2525253423537],[14.5553292212876,46.2522452667995],[14.5548299906884,46.2521523617607],[14.5542919435437,46.2517920846817],[14.5536617014656,46.2516702323842],[14.5531712869942,46.2515148235651],[14.5525951018354,46.2516361026007],[14.5522013695533,46.2515375707021],[14.5512888125615,46.2516036316132],[14.5504712572265,46.2515027997848],[14.5496748668225,46.2511774739012],[14.5489373796858,46.2513410159818],[14.5484912316224,46.2514355256045],[14.5476333758595,46.2515049223912],[14.5468098979778,46.2514785382418],[14.5460893532107,46.2512847579968],[14.5458286132422,46.2511340981011],[14.5452658663462,46.25089901216],[14.5446825318195,46.2508014995224],[14.544064861147,46.2509194213219],[14.5436188213564,46.2511097331811],[14.5434185847723,46.2514521791298],[14.5432068441351,46.2515396864187],[14.542863714281,46.2513470332482],[14.5424814190481,46.2506396690458],[14.5416394433399,46.2504847827184],[14.5410157233833,46.2505812503203],[14.5409438752658,46.2503478428452],[14.5407656487326,46.2501026715207],[14.5405300670451,46.2498459328728],[14.5404017075546,46.2495156673125],[14.5399770318265,46.249337702992],[14.539551562894,46.2492393596647],[14.539127081958,46.2490387198595],[14.5389816304502,46.2487993460838],[14.5388872491671,46.2483157224487],[14.5386764193918,46.2480476531968],[14.5381866184834,46.2478125566613],[14.5372548736431,46.2475131391209],[14.5365435599206,46.2473113283465],[14.5362168279773,46.2471792731375],[14.5360373027239,46.2472302790195],[14.5357627203465,46.2473732106203],[14.5356940427031,46.2476125289051],[14.5356937767242,46.2480436767494],[14.5350075304928,46.2481134956794],[14.5345229893255,46.2479176329114],[14.5345328063374,46.2477689480935],[14.5344989946453,46.2477033103429],[14.5344997998588,46.2476081225574],[14.5344077574388,46.2473281127561],[14.5343997526613,46.2472625800637],[14.534392251078,46.2471375774922],[14.5343670775207,46.2470780030421],[14.5342992529219,46.2469706593242],[14.5342567607493,46.2469347670849],[14.5342058321364,46.2468690595073],[14.5341295497844,46.2467498048344],[14.5340448393622,46.2466304257866],[14.5339682850776,46.2465586754615],[14.5339002104244,46.2464810214583],[14.5337554085723,46.2463674253609],[14.5335336224491,46.2462177058812],[14.5333971794161,46.2461278962146],[14.5333118871259,46.2460621379503],[14.5332356878975,46.2459487312266],[14.5331596615366,46.2457996959744],[14.5330922231906,46.2456625721346],[14.5329990083986,46.2455372193594],[14.5328797075234,46.2454295745187],[14.5327175404105,46.2453456870924],[14.5325038146564,46.2452554704776],[14.5323670217274,46.2452073154899],[14.532110170933,46.2451408544724],[14.531844740305,46.2450921723374],[14.5315620632942,46.2450434189234],[14.531382146884,46.2450188388487],[14.5312876925091,46.245024389852],[14.5311845775937,46.2450418716325],[14.5310814910992,46.2450712298319],[14.5308839728821,46.2450882341352],[14.5307639944363,46.2450758653789],[14.5305585038173,46.2450393026463],[14.5303872478055,46.2450028801699],[14.5302503276991,46.2449547221243],[14.5300879864082,46.2448766784688],[14.5299172391884,46.2447807854253],[14.5296868598883,46.2446370512741],[14.5294393647873,46.2444932462098],[14.5291404928046,46.2443372626529],[14.5288414184082,46.2442051202434],[14.5285934918507,46.2440970307233],[14.5283200214457,46.2439887453083],[14.5280634366501,46.2438924953108],[14.5279009480269,46.2438323524951],[14.5277984749826,46.2437902719384],[14.527661356328,46.2437658627569],[14.5275671863414,46.2437535972643],[14.5274987942775,46.2437294718617],[14.5274562813408,46.2436817005878],[14.527430731479,46.2436519039855],[14.5274314985897,46.2435625642476],[14.5273891665019,46.2435088554953],[14.5273295371509,46.2434610134153],[14.5273297652298,46.2434193569887],[14.5272791308098,46.2433358328985],[14.5272364645731,46.2433059654774],[14.5271851898329,46.2432819106663],[14.5270823328022,46.2432696088466],[14.5269882666366,46.2432453769329],[14.5269028843972,46.2431914898776],[14.5268348514458,46.2431257081894],[14.5267754782714,46.2430481758773],[14.5267157478277,46.2430122094545],[14.5266560174622,46.2429762430006],[14.5266306734188,46.2429226042945],[14.5265708410505,46.2428985137734],[14.5265456778763,46.2428389375965],[14.5264682921841,46.2428504935024],[14.5264171471014,46.2428265288545],[14.5263830918344,46.2427906686079],[14.5263059891657,46.2427844109758],[14.5262031851583,46.2427660804103],[14.5260919756059,46.2427299902822],[14.526049260125,46.242705970438],[14.5260152837053,46.2426760486082],[14.5259722598985,46.2426878366046],[14.5258950039717,46.2426993926608],[14.5258349667682,46.2426991436783],[14.5257751076501,46.2426631762279],[14.5257068712429,46.2426212357923],[14.5256642337346,46.2426032443004],[14.5256128060224,46.2425970927203],[14.5255267087055,46.2426264264429],[14.5254577542202,46.2426677976301],[14.5253632513398,46.2426793717115],[14.5252860977323,46.2426790513803],[14.5252088929018,46.2426846689847],[14.5251742742277,46.2427142162144],[14.5250972230462,46.2427020197803],[14.5250026175403,46.2427254695381],[14.5249250530553,46.2427727428317],[14.5248736252701,46.242766590919],[14.5247016094068,46.2428194097002],[14.524607030624,46.2428547356419],[14.5245550377747,46.2429139914115],[14.5245118595733,46.2429435928164],[14.5243915794065,46.242966845312],[14.5242628940798,46.2429723380785],[14.5242028565927,46.2429720882378],[14.5241428191065,46.2429718383656],[14.5240829877841,46.2429477465466],[14.5239972999553,46.2429295752193],[14.523928601539,46.2429411655751],[14.5238769168691,46.2429647031454],[14.5237995565923,46.2429882237237],[14.5237567897592,46.2429702309828],[14.5237228658144,46.2429343704912],[14.523714641143,46.2428808024531],[14.5236987096814,46.2427437975839],[14.5236647076339,46.2427019985478],[14.5236305261616,46.2426959179291],[14.5235960600532,46.2427077406882],[14.5235440662593,46.242766995996],[14.5235267434032,46.2427907665769],[14.523492459072,46.2427965618891],[14.5234579936501,46.2428082946366],[14.5234063081268,46.2428319219638],[14.5234058959948,46.2428795158209],[14.52338841878,46.2429211003377],[14.5233795519969,46.2429566925748],[14.5233449313936,46.2429863292142],[14.5232935550228,46.242974238605],[14.5232338269489,46.2429382703717],[14.5231143188053,46.2428723617668],[14.5230288647889,46.2428422243151],[14.5229344133637,46.2428477684304],[14.5228743760241,46.2428475178926],[14.5227631692964,46.2428113345652],[14.5226523239978,46.2427334952626],[14.5226268038456,46.2427155741057],[14.5226101773577,46.2426440663297],[14.5225511205117,46.2425308139593],[14.5225091553733,46.242435447543],[14.5222692920541,46.2423867599521],[14.5220722199191,46.2423681216959],[14.5219347713105,46.2423973280117],[14.5218309354025,46.2424980231315],[14.5216752582349,46.2426401586514],[14.5214332988119,46.2428474329696],[14.5212863584207,46.2429837562954],[14.5210441893206,46.2432147817007],[14.5208106282128,46.243439904464],[14.5206205046708,46.2436057369156],[14.5204648212342,46.2437478707355],[14.5203353041227,46.2438485467285],[14.520215746526,46.2437884831227],[14.5200959805104,46.2437523512598],[14.5200018905472,46.2437162371],[14.5198734118462,46.2436977930495],[14.5196850496946,46.2436613726626],[14.5195652850931,46.243625150276],[14.519462845518,46.2435651578127],[14.5194032230299,46.2435173116255],[14.51936082102,46.2434576614037],[14.5193184969122,46.2434039496929],[14.5192671737038,46.2433858293259],[14.5191986812399,46.2433736649055],[14.5191509842735,46.2437419925822],[14.519012127185,46.2439317907576],[14.5185987501816,46.2441205231434],[14.5179791606633,46.2443560703389],[14.5174959275065,46.2446872908699],[14.5161119932744,46.246014297364],[14.5155569123425,46.2467259698738],[14.5145948568681,46.2468649458848],[14.5137027894871,46.2468613349085],[14.5130782252262,46.2476678908013],[14.5124530912185,46.2485220362767],[14.5109413282497,46.248753917045],[14.5090850032522,46.2491271753883],[14.5091477932112,46.2497936923525],[14.5089927133418,46.2518394535645],[14.5094726668737,46.2518889293521],[14.5104983491057,46.2523213250265],[14.511593500304,46.2526588172528],[14.5122740621088,46.2533277895213],[14.5124084570944,46.2536614412211],[14.5128851882668,46.2540916528091],[14.5137748498069,46.2543807428166],[14.514872580354,46.2544326415772],[14.5164494587289,46.2546292537824],[14.516375958398,46.2551999986471],[14.5160985835396,46.2555320832864],[14.5155470478077,46.2558154103925],[14.5147866021869,46.2564310166779],[14.5132618377249,46.2581381519355],[14.5128462265651,46.2585648308291],[14.5121599445847,46.2585620845332],[14.5111997881292,46.258463062624],[14.510785428405,46.2587469530195],[14.5100961772144,46.2590773497509],[14.5089929665258,46.2596440324462],[14.5083061163154,46.2596888560211],[14.5071368166358,46.2599696638941],[14.5056234335348,46.2603442533193],[14.5045238804467,46.2604825497117],[14.503494227491,46.2604784427737],[14.5028765399227,46.2604759386237],[14.5021197648232,46.2606632072722],[14.5010885125766,46.2608493634646],[14.4991643950706,46.2610793779642],[14.4966878293042,46.2616878727848],[14.4955140632918,46.2624444962875],[14.4946217457717,46.262440735418],[14.4934508740558,46.2628641825322],[14.4934552565799,46.2623883377217],[14.4927057548161,46.2617666339744],[14.4919589084359,46.2608592744634],[14.4902407373827,46.2610900537454],[14.4887297341041,46.2611789475094],[14.4873552058359,46.2613635342118],[14.4835103818292,46.2614425004744],[14.4804211909326,46.2614769985319],[14.4773977731349,46.2617971964083],[14.4732740041724,46.2623504973508],[14.470595102024,46.2625292257233],[14.4670266313768,46.2624184452663],[14.4645555487562,46.2624076189982],[14.4637964285474,46.2628326001222],[14.4628313048521,46.2632566984606],[14.4614560447277,46.2634885657485],[14.4600799684023,46.2638156034762],[14.4589756839668,46.264429303648],[14.4560847807358,46.265225518946],[14.4553264992383,46.2655552568359],[14.4538143765236,46.2657387846426],[14.4517545461624,46.2657771510797],[14.4495584191453,46.2657196334797],[14.4470899355262,46.2654229597834],[14.4451697610229,46.2652238158341],[14.4432443006551,46.2655481634399],[14.4424205572271,46.265634481437],[14.4419386217042,46.2656849439002],[14.4399483796534,46.2656282464447],[14.4374737567842,46.2659498954475],[14.435616491905,46.2663220454917],[14.4332772296966,46.2668346533758],[14.4320386473975,46.267114349568],[14.4316920792543,46.2674458851954],[14.4310185469611,46.2677427731895],[14.431213338083,46.2679877475538],[14.4313849099931,46.2682451122617],[14.431485385626,46.2684776507077],[14.4315948608652,46.2686805429117],[14.4316790809364,46.2688416522562],[14.4317117995944,46.2690024155851],[14.4317528263314,46.269175276491],[14.4317686663715,46.2693122031974],[14.4317331199,46.2694250318246],[14.4316546996408,46.2695436754697],[14.4315073371157,46.2696797908074],[14.4313690957454,46.2697743840838],[14.4314193694204,46.2698935775747],[14.4314610186435,46.2700187563028],[14.4315228966676,46.2701073268723],[14.4315456640232,46.2701263342684],[14.431649552537,46.2702675675186],[14.4316892151401,46.2703590866183],[14.4317303111426,46.2705378860107],[14.4317374593089,46.2706747694871],[14.4317945751817,46.2709606255895],[14.4318518134194,46.2712346958801],[14.4319013513632,46.2714253235097],[14.4319510114095,46.2716041653418],[14.4320430012183,46.2718425991712],[14.4321013483375,46.2720095177583],[14.4321431846557,46.2721168825988],[14.4321923555112,46.272343227262],[14.4322252545177,46.2724743003739],[14.4322415196603,46.2725576955154],[14.4322999978604,46.2727246146307],[14.4323671556112,46.2728677341393],[14.4324170645619,46.2730227342956],[14.4324752914489,46.2732015284048],[14.4325330887631,46.2734219775252],[14.4325749269747,46.2735293421899],[14.4326084413123,46.2736009465244],[14.4327013581577,46.2737501318158],[14.4327690092217,46.2738456581627],[14.432853670223,46.2739651115057],[14.433032592844,46.2740909704288],[14.433168510331,46.2742225540409],[14.4333038830771,46.2744196346167],[14.4333875586677,46.2746223070348],[14.4334885510597,46.2748192169902],[14.4336148043872,46.2750579091565],[14.4337241780501,46.2752726749182],[14.4338252349031,46.2754635567298],[14.4338758247386,46.2755530597336],[14.4340538971915,46.2757622271335],[14.434138625026,46.275875741644],[14.4341712251279,46.2760365034809],[14.4342035255144,46.2762390109507],[14.434218630805,46.2764354951461],[14.4342344177994,46.2765783592411],[14.4342158751585,46.2767032389474],[14.4341893886324,46.2767804840138],[14.4341359799917,46.2769646628121],[14.4341176889879,46.2770776674028],[14.4341254559663,46.2771550819783],[14.4341671778256,46.2772743217488],[14.4342000843859,46.2774053942141],[14.4342158104714,46.277554196154],[14.4341883362616,46.2777147506155],[14.4341784864229,46.2778396733097],[14.4341514482474,46.2779704491025],[14.4341408753321,46.2780899698753],[14.4342012444969,46.2781373241153],[14.4342770384304,46.2782745469324],[14.4342513475358,46.2782744198113],[14.4340626120396,46.27825567125],[14.4340538038737,46.2782793803193],[14.4340095758052,46.2784160991178],[14.4338951702592,46.2786892282285],[14.4338330105894,46.2788912679678],[14.4338048061753,46.2791351329586],[14.4338197884143,46.2793434928308],[14.4338271271335,46.2794624724376],[14.4338264525031,46.2795279688671],[14.4337830745262,46.2795694111882],[14.4337535886247,46.2796101125448],[14.4337756905873,46.2796689738568],[14.4337811746507,46.2797538448082],[14.4338399707874,46.2798910736686],[14.4338563637155,46.2799625028005],[14.4338957921555,46.2800525802612],[14.4339494705392,46.2800819970206],[14.4340006771253,46.2801120313237],[14.4340001259013,46.2801655620548],[14.4339653800877,46.2802129853382],[14.433973392769,46.2802665584653],[14.4339986556545,46.280308340658],[14.4340495558545,46.2803681542188],[14.4340833291576,46.2804277930129],[14.4340655879938,46.2804872667928],[14.433979137469,46.2805403723019],[14.433875497634,46.2805993307988],[14.433832187435,46.2806467116315],[14.4338313904555,46.280724083771],[14.4338385449396,46.2808609669021],[14.4338196384439,46.28103352991],[14.4338173095033,46.2812596184803],[14.4338331504567,46.2813846682858],[14.433866249509,46.2815098035421],[14.4338821518006,46.2816289154752],[14.4339319485878,46.2817959704451],[14.4339402069964,46.2818257021499],[14.4339905572549,46.2819390464413],[14.4340498397226,46.2820167159703],[14.4341693860202,46.282076779261],[14.4342806128188,46.282113048609],[14.4345204397109,46.2821619202534],[14.4347431394679,46.2822106167488],[14.4349827850025,46.2822772110426],[14.4351279104189,46.2823612423553],[14.4351955142265,46.2824627950187],[14.4352102575275,46.2826949960278],[14.4352265988265,46.282784329132],[14.4351910495444,46.2828972485288],[14.4351815680048,46.2829864540696],[14.4351795496246,46.2831828533124],[14.4351777762434,46.2833554111388],[14.4351677435208,46.2834982373491],[14.4351663981876,46.2836291401771],[14.435182486941,46.2837304383206],[14.4352076990161,46.2837900344533],[14.4352417119895,46.2838140450837],[14.4353188689566,46.2838322406593],[14.4353959562871,46.2838445876496],[14.4354729225908,46.283868720341],[14.4355929701134,46.2838931556282],[14.4356697527333,46.2839351917361],[14.4357032773284,46.2840067950801],[14.4355314223299,46.2840356375723],[14.4352991709898,46.2840821759523],[14.4350752405839,46.2841524176463],[14.4348508803314,46.2842644038478],[14.4347037988683,46.2843827098765],[14.4345649674037,46.2845189609682],[14.434460164454,46.2847028854947],[14.4343200452796,46.2849641011967],[14.4341714286804,46.2852312128234],[14.4340406758072,46.2854269748101],[14.4338670304454,46.2856164961344],[14.4336284561863,46.2858602186762],[14.4333941102845,46.286109000103],[14.4330470536781,46.2864643789746],[14.4326391705501,46.2868908927979],[14.4324308245387,46.2871219867496],[14.4323086882305,46.2873117613383],[14.432246389055,46.2875257655132],[14.4322007287545,46.2877873575375],[14.4321818768165,46.2879538922113],[14.4321601956835,46.2883941978527],[14.4321036927936,46.2888759875718],[14.432093097687,46.2890723439632],[14.4320304264224,46.2893220650155],[14.4319836558494,46.2896908080737],[14.4319017614166,46.2901426906915],[14.4318395196738,46.2903506666997],[14.4317953928718,46.2904635422731],[14.4316893985158,46.2907606429806],[14.4316261091805,46.2910697422087],[14.4315899308446,46.2912422186849],[14.4314925004628,46.2915392717731],[14.4314468935734,46.2917950154008],[14.4313922288624,46.2920982191786],[14.4313278886444,46.2925085314568],[14.4312747005006,46.2926689569116],[14.4312039480742,46.2928710419708],[14.4311249999455,46.2930372773459],[14.4310202236875,46.2932033841349],[14.4309417059694,46.2933279644816],[14.4308278070935,46.2935476489909],[14.4305628440602,46.2942664654844],[14.4305013329357,46.2944030065055],[14.4304408083208,46.2944443620506],[14.430414301042,46.294509729605],[14.4303608003988,46.2946998437761],[14.4302544194891,46.2950326598876],[14.4301477852271,46.2953772609462],[14.4300852217999,46.2956150149314],[14.4300319027926,46.2957874053424],[14.4300053393299,46.2958705869549],[14.4298219682204,46.2961672099229],[14.4297081831022,46.2963749275106],[14.4296642319156,46.296469988577],[14.4295417557487,46.2966895389325],[14.4292967368985,46.2971347569859],[14.4290425919586,46.2976333722369],[14.4289110482727,46.297900561716],[14.4288056375484,46.2981261346144],[14.4287608233145,46.2983163812871],[14.4287335692275,46.298453182382],[14.4287406511444,46.298596003198],[14.4287481036042,46.2987031969833],[14.4287811393716,46.2988342711653],[14.4288564520021,46.2990191797834],[14.4289888106502,46.2993107200443],[14.42903404479,46.2994547210398],[14.4290396271998,46.2995795399439],[14.4289966365781,46.299694219373],[14.4289206937946,46.2997445842405],[14.4288599623392,46.2997801796786],[14.4288121811417,46.2998187188802],[14.4284674748378,46.3000617198981],[14.4283917700703,46.3001140649829],[14.4283868019615,46.3001174590778],[14.4283456151847,46.3001459541979],[14.4281370695961,46.3002898560619],[14.4278223759015,46.3004799218085],[14.4277294560852,46.3005398279119],[14.4276458159405,46.3005936623036],[14.4276041260801,46.3006205351423],[14.4275881802184,46.3006309820241],[14.427451611557,46.3007188305722],[14.4272806827881,46.3008774946665],[14.4269813065512,46.3012411905569],[14.4269118856101,46.3013255061599],[14.4268472468354,46.3013744867452],[14.4268050017874,46.301392269347],[14.426692925229,46.3014465902781],[14.4265512495286,46.3014886164493],[14.4264823625952,46.3014844021446],[14.4263833099409,46.3014973110653],[14.4261314030697,46.3014790423277],[14.4258964428254,46.3015036847384],[14.4254486045935,46.3016012140283],[14.4245352114837,46.3017026074315],[14.4240858610048,46.3017830291155],[14.4240234408436,46.3018058374629],[14.4239458893728,46.301835587349],[14.4238905698133,46.3018621202439],[14.4237126572229,46.3019922227074],[14.4236128656434,46.3020753935304],[14.4234789002177,46.3021616309447],[14.4234463588772,46.3021823403313],[14.4232075762843,46.3023109654139],[14.4229669182246,46.3024326526972],[14.4228109367211,46.302488997528],[14.4227939963208,46.3024951200686],[14.422530595503,46.3025202417854],[14.4224057166025,46.3025322070731],[14.4223661466147,46.3025299378209],[14.4222658610317,46.302524032826],[14.4221556415741,46.302499903224],[14.4221112995646,46.3024576622608],[14.4221055934151,46.3024324412997],[14.4217423533521,46.3024092814869],[14.4217405328142,46.3025945243392],[14.4216533959504,46.3026836955872],[14.4216256756655,46.3028628692777],[14.4216324809065,46.3030302513481],[14.4215629850734,46.3030837029578],[14.421475914402,46.3031788125403],[14.4213011333375,46.3034050170028],[14.4211167163296,46.3037447168689],[14.4210015387797,46.3040429301566],[14.4207747759627,46.3043107074431],[14.420355009506,46.3048942967909],[14.4201102174314,46.3052336888608],[14.4199967985727,46.3053645624062],[14.4198752532471,46.3054535577113],[14.4195033727145,46.3055950853578],[14.4192695414613,46.3057074423896],[14.4191219075515,46.3058202368833],[14.4189648166388,46.306004690658],[14.418720200494,46.3063261761975],[14.4185101101198,46.3066358705392],[14.418404749719,46.3068265247305],[14.4182459436214,46.3071723781553],[14.4181840609922,46.3073274445602],[14.4180963406831,46.3074704131881],[14.4179823451428,46.3076670511262],[14.4176820519482,46.3083527265898],[14.4175063539649,46.30867456038],[14.4173484913984,46.3089426816566],[14.417215571538,46.3092826373288],[14.41715273241,46.3095273101125],[14.4171343243885,46.3096347325201],[14.4171073468259,46.3097422012083],[14.4170889376845,46.3098497135707],[14.4169927689372,46.309980671979],[14.4168885384941,46.3100638141944],[14.4166885821673,46.3102360798587],[14.4166271964814,46.3103314066411],[14.4165399758554,46.3104265115883],[14.4164010851658,46.3105334089643],[14.4161319928945,46.3107113488533],[14.4158977520019,46.3108595055596],[14.415819290017,46.3109488065295],[14.4158187185601,46.3110025167335],[14.4158265268967,46.3110862303366],[14.4158600414547,46.3111700752687],[14.4158938132379,46.311241955264],[14.4160036918168,46.311433796415],[14.4160709800347,46.3115894312661],[14.41609586235,46.311679260142],[14.4160945276319,46.3118047638744],[14.4160771364101,46.311828517566],[14.415827784455,46.3117734407927],[14.4156819070193,46.3117189822845],[14.4155527863397,46.3117004179874],[14.4154666454803,46.3117059157812],[14.4154059562491,46.3117354761187],[14.4152848348514,46.3117826317726],[14.4151291796542,46.3118416668667],[14.4149991041271,46.3119127088917],[14.4149384809746,46.3119482074516],[14.4149208309087,46.3119840158525],[14.4148945486771,46.3120257182112],[14.4148683306455,46.3120613927871],[14.4148167210466,46.312055190532],[14.4148082774147,46.3120312148416],[14.4147573046194,46.3119652745992],[14.4146893205035,46.3118752248043],[14.414544400394,46.3117310679411],[14.414408304119,46.3115631135752],[14.4143057862975,46.3114728866762],[14.414194573588,46.3114066375878],[14.4140827858444,46.3113821323249],[14.4139880735046,46.3113757088136],[14.4137814468626,46.3113566552852],[14.413574436006,46.3113735881035],[14.4135309520916,46.3114211400624],[14.4134786396657,46.3114686467177],[14.4134180150699,46.3115042344387],[14.4133490118848,46.3115098185548],[14.4132282719098,46.3115211652431],[14.4129783490587,46.3115198824127],[14.4126505336848,46.3115540976574],[14.4123314810519,46.3115823288944],[14.4120644203799,46.3115809559826],[14.4118573445719,46.3116038234918],[14.4114773435025,46.3116855419133],[14.4112009431024,46.3117438601359],[14.4109072760894,46.3118140549708],[14.4106563254678,46.3119084017099],[14.4105171622814,46.3120271667796],[14.4103955221043,46.3121221795329],[14.4102479812295,46.3122229966991],[14.4100834931028,46.3122938556292],[14.4098936176308,46.3123227464542],[14.4097041907795,46.3123098924042],[14.4095925319204,46.312273417182],[14.409437705388,46.3122547132426],[14.4093601299079,46.3122483744087],[14.4092305620974,46.3122835137778],[14.4091097557064,46.3123007939064],[14.4089375967525,46.3122880278224],[14.4087742654456,46.3122512846769],[14.4085337447754,46.3121723951564],[14.4082416177785,46.3120991761892],[14.4080094761486,46.3120501095674],[14.4078116109126,46.3120252424521],[14.4076737952931,46.3120185004912],[14.4074147209057,46.3120709611803],[14.4070851184651,46.3121257547295],[14.4065848516849,46.3121856898278],[14.4065790758609,46.3121674855644],[14.4064289386466,46.3122075534196],[14.4061657761488,46.3121816246881],[14.4060947007879,46.3122705974474],[14.406053504827,46.312322027226],[14.4059065904072,46.3124361578582],[14.405871960995,46.3124566714185],[14.4053985520494,46.3125898878824],[14.4051215110555,46.3127063097986],[14.4049565542524,46.3127837268467],[14.4046620482657,46.3128941186219],[14.4045672683391,46.3129297037451],[14.4042785769412,46.3130425540462],[14.404222615798,46.3130425323857],[14.4041780809745,46.3130424802688],[14.4040212617682,46.3130278973119],[14.4037809100753,46.3130055009161],[14.4032863546902,46.3130406191677],[14.4032533760246,46.3130405370271],[14.4025610765307,46.3130514072346],[14.4021077227975,46.3130944732304],[14.4019082665883,46.3131321179217],[14.4014943359341,46.3132390876614],[14.4015037331242,46.3134251983358],[14.4011633100803,46.3139469612582],[14.4011138226068,46.314008062762],[14.4008653089636,46.314138389428],[14.4004959772412,46.3141674038246],[14.4001923244096,46.3140557759422],[14.400154480117,46.3140374931014],[14.3999698958288,46.3139732744955],[14.3998166042966,46.3139446687022],[14.3996781927992,46.3139445718851],[14.3993844828181,46.3140162664014],[14.3992805960577,46.3140767214596],[14.3992096177345,46.3141199848048],[14.399188193831,46.3141199622047],[14.3991676282996,46.3141482851947],[14.3991270214406,46.3142044840596],[14.3990923080359,46.3142797878811],[14.3990737861408,46.3143230568944],[14.3990492689306,46.3143802400065],[14.3990145096806,46.3144122671785],[14.3989782634388,46.3144259322989],[14.3988794144507,46.3144293714183],[14.3986519124069,46.3144189080641],[14.3983436466309,46.3144677605111],[14.398190415047,46.314457327137],[14.3979217437899,46.31442397277],[14.3976498185958,46.3144031966663],[14.3965520653651,46.3143724862262],[14.3950387171109,46.3144329577543],[14.3947155420373,46.3144441133689],[14.3945210952458,46.3144622478296],[14.3943776431735,46.314495227487],[14.3943175117444,46.3145082247857],[14.3939473494953,46.3145884075218],[14.3936818993833,46.3145927584035],[14.3934943206476,46.3145650419748],[14.3932482802051,46.3145284677129],[14.3929071375283,46.3145087525499],[14.3919428999075,46.3145451957636],[14.3919015919053,46.3145467755158],[14.3917598129563,46.3145340551671],[14.3915953001339,46.3144403291247],[14.3914636210891,46.3143247345292],[14.3912593330195,46.3142584176141],[14.3911851427835,46.3142628810774],[14.3907497751185,46.3143800445094],[14.390068719186,46.3144640459786],[14.3899551179089,46.3144045084721],[14.3896387490638,46.314142082114],[14.388942821161,46.3135091929098],[14.3884781189152,46.3131010260377],[14.3879550188206,46.3128887729931],[14.3871321096602,46.3125729729803],[14.3870372240629,46.3125007568818],[14.3867841485947,46.3120955167889],[14.3865074293585,46.3118196185815],[14.3863723716295,46.3117057993684],[14.3863407404053,46.3117014009366],[14.3862808045793,46.311731849582],[14.386201958705,46.3118859078267],[14.3860895829781,46.3122517593976],[14.3860422059335,46.3123085470908],[14.3859569260045,46.3123411987383],[14.3858968936081,46.3123453749152],[14.3858370473771,46.3123213009366],[14.3850655345575,46.3119395428675],[14.3849616461236,46.3118715952615],[14.3849050544505,46.3118584248796],[14.3848198092425,46.3118648041202],[14.3844179049958,46.3122750714986],[14.3841415942732,46.3128665872346],[14.3840522208268,46.3129398826299],[14.3836926667147,46.3130693938386],[14.3836863164552,46.3130567635686],[14.3835702468427,46.3130791706336],[14.3835665014131,46.3130889573589],[14.3830602613808,46.3132036400758],[14.3830299313588,46.3132104942155],[14.3827654612399,46.3132205832284],[14.3827018115412,46.3132230287377],[14.3823612445026,46.3132224491824],[14.382079516743,46.3131392326819],[14.3820133887228,46.3131196213425],[14.3816374517251,46.3130085431238],[14.3814083394627,46.3130150413987],[14.3808987439878,46.3128282011417],[14.3803272339602,46.3128355419523],[14.3802233477466,46.3128367783211],[14.3800790028226,46.3128794521562],[14.3799367804952,46.3129296049731],[14.3798198295551,46.3129839434153],[14.3797844962478,46.3130084040148],[14.3797629051237,46.3130232222022],[14.379686673388,46.3131739611551],[14.3795316174288,46.3133485647038],[14.3794785216492,46.3133821959047],[14.3788420235222,46.3137851421149],[14.3787633913516,46.3138608309848],[14.3786887497585,46.3139510269298],[14.378386569185,46.3141147525195],[14.3781150608589,46.3142528222542],[14.3780803235778,46.314293300528],[14.3780553149318,46.3143690106468],[14.3778471501885,46.3150013689099],[14.3777501573855,46.315207416119],[14.3773824257681,46.3154828869962],[14.3773138722654,46.315493850114],[14.3771442432539,46.315521087344],[14.3770425362408,46.3155586812575],[14.3769816068184,46.3156072039077],[14.3769326563289,46.3156642491403],[14.3768478121857,46.3158291547312],[14.3767876491994,46.315890187517],[14.3766864333604,46.3159644922355],[14.3766288962774,46.3160000772653],[14.3765347454552,46.3160582254631],[14.3763972371051,46.3161267537812],[14.3761141979501,46.3162155413263],[14.3758748377809,46.3162427560561],[14.3758050266502,46.3162385961616],[14.3754200279303,46.3162156203406],[14.3750009008449,46.3162477892611],[14.3749126565541,46.3162431681756],[14.3747583178686,46.3161816834056],[14.3747443106649,46.3161346415925],[14.3746053489758,46.316102571469],[14.3743361017731,46.3160405475392],[14.3742576208709,46.3160223936478],[14.3740160893529,46.3159667286835],[14.3738814739163,46.3159748988164],[14.3736465462648,46.3159891772319],[14.3733013293949,46.3160418084626],[14.3721855961403,46.3163553570802],[14.372120010409,46.3163677729252],[14.3718731594034,46.3164139221672],[14.371856034983,46.3164239049214],[14.3718321135439,46.3164378090852],[14.3718172756727,46.3164408765761],[14.3717039125905,46.3164640062299],[14.3716616144611,46.3164725010483],[14.3715606488831,46.3164788739838],[14.3715133489097,46.3165159522497],[14.371314492545,46.3165549864058],[14.3709086278545,46.3166304896222],[14.3708569138938,46.3166447804962],[14.3704762826923,46.3167051258335],[14.3702951809349,46.3167017893355],[14.3702286107562,46.3166867573124],[14.3701939020721,46.3166788285724],[14.369978005043,46.3166298642119],[14.3697302966397,46.3165694776364],[14.3695759274503,46.3165223811723],[14.3695604044102,46.3165172571698],[14.3694485137271,46.3164799317374],[14.3693803439725,46.3164572428056],[14.3693150193985,46.3164355592152],[14.3692347683799,46.3164133433874],[14.3690982136124,46.3163754316893],[14.3690487686246,46.3163617530729],[14.368797402617,46.3162921671773],[14.3685337252845,46.316197950467],[14.3684780327545,46.3161855866751],[14.3683749378595,46.3161626142676],[14.3683257208344,46.3161517257193],[14.3678342529548,46.3161172495385],[14.367717223436,46.3161091347947],[14.3676441720604,46.3162510660165],[14.367653346011,46.3162888148881],[14.3676676092225,46.3163469255043],[14.3676782697863,46.3163908906408],[14.367672885059,46.3164299985439],[14.36766822725,46.3164623625905],[14.3676594724312,46.3165234949168],[14.3676536732819,46.3165647598466],[14.3676451853658,46.3166252638451],[14.367600663132,46.3169394686172],[14.3675893361139,46.3170773325433],[14.3675432465921,46.3170879641878],[14.36706633453,46.3172882113451],[14.3669680893119,46.3174300926154],[14.3669903854284,46.3174671944077],[14.3670024933154,46.3174869652334],[14.3669736963944,46.3175744382099],[14.3668822154249,46.3176026326661],[14.366825381918,46.31764406481],[14.3668723807295,46.3177010072096],[14.3668059515119,46.3179664156435],[14.3666820048804,46.3180285294039],[14.3666752080665,46.3181224221669],[14.3667031021812,46.3182820964112],[14.3666556643313,46.3183081953527],[14.3665925607863,46.3183190022837],[14.3666111085126,46.3184108761156],[14.3665825823156,46.3184522849946],[14.3665322251725,46.318450026642],[14.366519376841,46.3184719085421],[14.3665666033965,46.3185091485294],[14.3665677845084,46.3186768622263],[14.3664544479182,46.3187083541793],[14.3664248376652,46.318933659053],[14.3665399204364,46.3189984464629],[14.3667057742157,46.319254794677],[14.3665603946788,46.3193397323493],[14.3665666940821,46.319378994881],[14.3665916905113,46.3194184509602],[14.3667678843415,46.3195215446817],[14.3667891143512,46.3195610698294],[14.3667994078609,46.3195805607064],[14.3667928796007,46.3196286593775],[14.3667706937755,46.3196832392652],[14.3667227498779,46.3197080758233],[14.3665439046523,46.3198009255608],[14.3665258889906,46.3200004727953],[14.3665862732851,46.3200566797015],[14.3665924917301,46.320091713112],[14.366519137277,46.3202816866884],[14.3665227325725,46.3202852155006],[14.3665633030397,46.3203254776354],[14.3666481929364,46.3203737228152],[14.3667099946582,46.3206672826325],[14.3666966367408,46.3209246174366],[14.3666271407267,46.3209714675934],[14.3667471378401,46.3211959815984],[14.3669001794799,46.3213140620858],[14.3669259552312,46.3213648588155],[14.36689043165,46.3214386187856],[14.367047344024,46.321637784916],[14.3670152433564,46.3217863302685],[14.3672102906419,46.3219331638558],[14.3673391545064,46.3220535391647],[14.3674435338346,46.3221350011191],[14.3675053357824,46.3222600436277],[14.3673634981817,46.3222962372708],[14.3673884793279,46.3223597154848],[14.3675895977371,46.3224307359498],[14.3676182742289,46.32248910617],[14.3679236908295,46.3226601214348],[14.3680558674687,46.3227411966504],[14.3680461805924,46.3228155496112],[14.3679795988802,46.3229137004833],[14.3682367767183,46.3229660456517],[14.3682726279539,46.3230104197775],[14.3682518863012,46.3231538998176],[14.3684294175745,46.3231759339047],[14.3684307180649,46.323356334095],[14.368366641269,46.3235415015283],[14.3686140341649,46.3236883519062],[14.3685785248168,46.3240092643377],[14.3684149237269,46.3241645514101],[14.3683057120219,46.3243219381686],[14.3682750722484,46.3244001341184],[14.3682737285531,46.3247312220148],[14.3682883413683,46.3250412547356],[14.3683343973139,46.3251243729681],[14.3683600970263,46.3251707603136],[14.3684490240313,46.3253316707849],[14.3690243332406,46.3256943732378],[14.3692283491251,46.3259439102839],[14.3692405478273,46.3263288757792],[14.3693908781799,46.3264359613356],[14.3695197995028,46.3264961434535],[14.3696869584837,46.3265741706353],[14.3697593592632,46.3266027308083],[14.3698002563928,46.3266377751993],[14.3698158784868,46.3266684516166],[14.3697996181399,46.3267951318694],[14.3698185165567,46.3268345535802],[14.3698348392842,46.3268381524285],[14.3699476719847,46.3268631564986],[14.3704365671523,46.3269492529694],[14.3705373866805,46.3269799484893],[14.37069107357,46.3272250670994],[14.3711667769137,46.3274313797422],[14.3717177470509,46.3277907856322],[14.3718878340532,46.327863247431],[14.3719129937328,46.3279004538944],[14.3719064593844,46.3279266896787],[14.3718653039513,46.3279593931698],[14.3718085890248,46.3279898518482],[14.3717675034387,46.328005101217],[14.3717387999168,46.3280618954658],[14.3723112717784,46.3286202535834],[14.3725077411145,46.3286915096993],[14.3734811374935,46.329127091002],[14.3736423330291,46.3294113349154],[14.373619754595,46.3295631385164],[14.3736607522781,46.3295824216464],[14.3737130391782,46.3296529896384],[14.3738348438888,46.3296648877212],[14.3739040646146,46.3296570924259],[14.3739394176891,46.329710838913],[14.3741031113368,46.3298002795148],[14.3741943163274,46.3299438765054],[14.3742228364548,46.3300907553229],[14.3743027522283,46.3301498349595],[14.3743785088165,46.3303570234585],[14.3744417878491,46.3303812295884],[14.3747618470561,46.3303653656852],[14.3748323551488,46.3303905291157],[14.3748937526452,46.3304720366693],[14.374930591143,46.3305754252708],[14.37507596457,46.3305891009971],[14.375171823887,46.3306372395264],[14.3751856878377,46.3306700612267],[14.3752569881562,46.3306996007401],[14.3752688715426,46.3307553975552],[14.3754035499217,46.3308418278035],[14.3754954481099,46.3308817607202],[14.3756619145477,46.3308936585356],[14.3757739154645,46.3309452157059],[14.3758487807989,46.3310882626666],[14.3758361051867,46.3314249548967],[14.375947016793,46.3316722076596],[14.3760008881447,46.3317728589067],[14.3761371509755,46.3318406889905],[14.3761276442663,46.3319916653265],[14.3762163735514,46.3321295129216],[14.376732904747,46.3325255493173],[14.3767329047469,46.3328625062025],[14.3767915294532,46.33309881239],[14.3769185826594,46.3332846566431],[14.377103138252,46.3334890071004],[14.3772563018989,46.3335415190732],[14.3776017123304,46.3335706923696],[14.3778277607472,46.3337800103151],[14.3779249404404,46.3340330870399],[14.3781858467907,46.3343941022429],[14.3784932303855,46.3345100641964],[14.3785724529616,46.3346632211165],[14.3785692840585,46.3348163776077],[14.3783252785243,46.335157696245],[14.3784393590338,46.335323978912],[14.378613648701,46.3353677374246],[14.3787499115318,46.3355449590422],[14.3788187361446,46.3359044600812],[14.3785525482894,46.3362195172456],[14.3785525482892,46.3364229906995],[14.3789161799131,46.3368553692752],[14.3791229508365,46.3369316710219],[14.3793214033893,46.3370637630414],[14.379510349233,46.3371302191541],[14.3796707749494,46.3372204680669],[14.3798632858091,46.3372483631552],[14.379985684689,46.3372926670898],[14.3802049331681,46.3375420811627],[14.3803802131175,46.3375707965258],[14.3804515134358,46.3376889395749],[14.3805709414691,46.3376897600118],[14.3806083741364,46.3377184752973],[14.3810551894649,46.3386668916798],[14.3812690904201,46.3387817506786],[14.3814829913754,46.3391460161931],[14.3811787766835,46.3395463772925],[14.3812554245258,46.3398273666822],[14.3788338874623,46.3413596564054],[14.3786410795179,46.3435814104815],[14.3774013452319,46.3453526168291],[14.3778041920308,46.345847986509],[14.3778576672697,46.3463483760806],[14.3778486061874,46.346993748818],[14.3779729361177,46.3473589849858],[14.3782272405866,46.3475280673826],[14.3781505184731,46.3485108676839],[14.3785775034007,46.3485685944761],[14.3785543803114,46.3487495157949],[14.3780140823431,46.3488400873079],[14.3769524998247,46.3490451543299],[14.376707702065,46.349065433138],[14.3764860769086,46.3491317379526],[14.3761036959418,46.3490376807897],[14.375960039004,46.3490522633062],[14.3758269450764,46.349028931278],[14.3755657746508,46.3489013340723],[14.3750368319185,46.3488160260602],[14.3741912629574,46.3485480705407],[14.3739509544768,46.3485717673403],[14.3735862005332,46.3487069528282],[14.3733004380997,46.3487388294857],[14.3730827410628,46.3487300115702],[14.3733762673607,46.3489633039509],[14.3734863342615,46.3490752913735],[14.3735098750248,46.3491868946278],[14.3735337762576,46.3492555836045],[14.3735080145056,46.3493497322421],[14.373493811663,46.349512502229],[14.3734547941237,46.3496751362443],[14.3735148728848,46.349829765954],[14.3736735918829,46.3500277622323],[14.3740288111462,46.3503468556654],[14.3742367075391,46.3505623048323],[14.3743952362103,46.3507773935565],[14.3745295045022,46.3509324285753],[14.3746429425698,46.3510683656052],[14.3746879368811,46.3511561535809],[14.3747364597798,46.3512421614097],[14.3748342887257,46.3513455333104],[14.3750670075132,46.3515611166344],[14.375275596303,46.3517165569069],[14.3753855741781,46.3518371791846],[14.3754457590845,46.3519831711701],[14.3755063662828,46.3521035236577],[14.3756290787071,46.3521899362442],[14.3758258170771,46.3523023945649],[14.3759983577171,46.3523718942485],[14.3763685806908,46.3524596564476],[14.3765786711868,46.3524950810435],[14.376690017915,46.3524956880494],[14.3768012664747,46.3525049316385],[14.3768876358415,46.3525310440884],[14.3770350702506,46.3526261371277],[14.3772063472386,46.3528071023008],[14.3773524199466,46.3530222089617],[14.3774487971436,46.3532541393867],[14.3775553774531,46.3536747046742],[14.3776265828463,46.3539494141078],[14.3776743346043,46.3541039744152],[14.3777956938495,46.3543103087322],[14.3778935340057,46.354413678016],[14.378015801441,46.3545515490383],[14.37821206747,46.3547068268636],[14.3785071468376,46.3548799158956],[14.3787290083695,46.3549668639496],[14.379036726829,46.3551141985782],[14.3792827924818,46.355244103218],[14.3794177969227,46.3553477628826],[14.3796385626632,46.3555203556678],[14.379687485,46.3555720845175],[14.379760450151,46.355692411736],[14.3799185932054,46.3559333121947],[14.3800399971617,46.3561482815216],[14.3801125429524,46.3562943379493],[14.3801858965238,46.3563804779877],[14.3802839381026,46.3564667517779],[14.3804439270805,46.3565447239184],[14.3805302069573,46.3565794703301],[14.3806283460005,46.3566571971004],[14.3807872710118,46.3568294526459],[14.3809458423311,46.357044622235],[14.3811900829502,46.3573373604113],[14.381410281537,46.3575614100691],[14.3816189446113,46.3577253862375],[14.3818035636986,46.3578206741148],[14.3819143411035,46.3578727363752],[14.3819999474765,46.3579674887],[14.3821466326393,46.3581311289151],[14.3822194755992,46.3582515438176],[14.3822918699238,46.3584233296971],[14.3823278741314,46.3585263610533],[14.3823638448345,46.3586208449693],[14.38244916326,46.358741327098],[14.3825468264919,46.3588618758195],[14.3827533744606,46.3592144176789],[14.3828258342267,46.3593691090535],[14.3827997947668,46.3594888998495],[14.3826106306077,46.359796479193],[14.3823728253135,46.3600266003879],[14.3821860723803,46.3601198811358],[14.3819737599897,46.360290128574],[14.3818221404162,46.3605635405706],[14.3815725632167,46.3607422230048],[14.3812952956781,46.3611864393575],[14.3811449277816,46.361348473129],[14.3806944002165,46.3617831129618],[14.3804432638852,46.3620989001962],[14.3802671011406,46.3623465353492],[14.3800791735966,46.362542643057],[14.3797546051406,46.3627893827887],[14.3793926731294,46.3630531032644],[14.3791685440332,46.3631633606358],[14.3789205011015,46.3632048398545],[14.3787837285157,46.3632555602857],[14.3786469897516,46.3633147380053],[14.3786215854921,46.3633660633392],[14.378546508641,46.3634427604418],[14.3783110033526,46.3634672119958],[14.3782369625924,46.3634410777441],[14.3780271530513,46.3633885633326],[14.3776313514909,46.363360678112],[14.3774576062366,46.3633940112708],[14.3771721351126,46.3634695618521],[14.376943700989,46.3635349858817],[14.3768867276024,46.3635280175882],[14.3766519047825,46.3634923688566],[14.3764295239477,46.363448330223],[14.3763065896799,46.3633791019171],[14.3758983463692,46.3633596900755],[14.3756631334293,46.3633584060826],[14.3754515694798,46.3634600875595],[14.3751896788243,46.3636215042852],[14.3750405562889,46.3636721527564],[14.3747054709134,46.3637559732483],[14.3744569008248,46.3638317188268],[14.3742830859583,46.3638822312287],[14.3740724966626,46.3638981731792],[14.3738615809744,46.3639312974034],[14.3736685461097,46.364025969327],[14.3734388320838,46.3641004664051],[14.3733398074417,46.3640999237737],[14.3730423414039,46.3641325721407],[14.3727573194738,46.3641566507844],[14.3725586808522,46.3642070243952],[14.3724840526445,46.3642323465706],[14.3724458382746,46.3643349736301],[14.3723085664641,46.3644285097326],[14.3721705088251,46.3645905992008],[14.3720454177814,46.3647098435743],[14.3719193115705,46.3649062772839],[14.3718193027233,46.3649914702183],[14.3717202765021,46.3649909261766],[14.3716958799201,46.3649650604473],[14.3715851641142,46.3648958942166],[14.3714613485131,46.3649037609546],[14.3713625185362,46.3648861232064],[14.3712265224211,46.3648681910435],[14.3710662282607,46.3648158461585],[14.3706826667561,46.364796641424],[14.3703728496726,46.3648292148711],[14.3699764513208,46.3648526732744],[14.3696167929122,46.3649021545026],[14.3692079485573,46.3649341788381],[14.368984088752,46.3650185960547],[14.3687975245563,46.3651033086775],[14.3685241501762,46.3651874516651],[14.3683011089137,46.3652119514299],[14.3680042274304,46.3651931265511],[14.3676949679572,46.3651657751907],[14.3675335882274,46.3652077088774],[14.3674589876714,46.3652415751607],[14.3673964055908,46.3652926023587],[14.3673330622082,46.3654208203574],[14.3673074792781,46.3654978738579],[14.3671201876628,46.3656339531063],[14.3669212423888,46.3657099569288],[14.3667348400499,46.3657689353938],[14.3665487347325,46.3658021835192],[14.3664490134038,46.3658616416604],[14.3663740149663,46.3659297839451],[14.3662866392164,46.3659893103509],[14.3661621951727,46.3660399940206],[14.3660506223688,46.3660565599673],[14.3659026757679,46.366004276307],[14.3657538360657,46.3660291825414],[14.3656542124,46.3660800932931],[14.3655296985812,46.3661479603302],[14.3653060261849,46.3662152769009],[14.3651202166019,46.3662227926621],[14.3649226572951,46.3661787795077],[14.3646141205128,46.3660999604752],[14.3644158062153,46.3660314701612],[14.3642189037336,46.3660205687346],[14.3639350608404,46.3659418851607],[14.3637500479517,46.3658808452916],[14.363552889088,46.3658025530767],[14.3634539608351,46.365793455185],[14.3633298431993,46.3658270431182],[14.363156081641,46.3658603544483],[14.3630446087116,46.3658682808111],[14.3627473259874,46.3658838089402],[14.3625616166374,46.3658827738653],[14.3623098619311,46.365906022227],[14.3622153193137,46.3658551112457],[14.3620061163729,46.3657510175041],[14.3617471700752,46.3656552829505],[14.3614138191421,46.365576316767],[14.361166451763,46.3655577506352],[14.3608449789654,46.3655302225456],[14.3605970115769,46.3655631151944],[14.3603242221441,46.3655958684533],[14.3601140216561,46.3655775979214],[14.3600029491982,46.3655512446394],[14.3599293148399,46.3654908218926],[14.3598557107642,46.365438946505],[14.3596213905825,46.3653605294331],[14.3593985156362,46.3653592810806],[14.3591009348825,46.3654004397735],[14.3588773877406,46.3654677444817],[14.3586052000917,46.3654490336461],[14.3583090225173,46.3653702669063],[14.3579513893659,46.3652567854615],[14.3576061024397,46.3651434622252],[14.3574701103634,46.3651255137222],[14.3572471362251,46.3651328078566],[14.3571108710906,46.3651492262866],[14.3568879971132,46.3651479730454],[14.3564423802149,46.3651453760265],[14.3558737203659,46.3650736163649],[14.355404016859,46.3650195062153],[14.3550826214867,46.3649748678781],[14.3547719874395,46.3650759523009],[14.3545601760977,46.3651947781667],[14.354249511665,46.3652872237865],[14.3539765466147,46.3653456925983],[14.3538647701309,46.3653793399831],[14.3535909664507,46.3654978137439],[14.3531925328219,46.3656926870432],[14.3528186873222,46.3658962453492],[14.3526319944547,46.3659894781057],[14.3522965282502,46.3660904152062],[14.3520233261385,46.3661574252444],[14.35179986845,46.3662161693822],[14.3515148269114,46.3662401949642],[14.3511787478604,46.3663925886708],[14.3510290887581,46.3664860289274],[14.3509421302868,46.3665198142974],[14.3506942539706,46.3665441387502],[14.3505700993538,46.3665690754154],[14.3504454635395,46.3666455625451],[14.3503450130134,46.3667649231262],[14.3502817008056,46.3668760373711],[14.3502190271535,46.3669442390848],[14.3500826541282,46.3669691957602],[14.3499714538268,46.3669428320122],[14.3498725258994,46.3669337223734],[14.3497855660111,46.3669675068538],[14.3496616128925,46.3669753492048],[14.3495628889218,46.3669490560147],[14.3492416912466,46.3668872179587],[14.3489327673232,46.366842543355],[14.348734301708,46.3668756921105],[14.3486220088256,46.3669522475468],[14.3485460702524,46.3670974778486],[14.3483953852561,46.3672766510771],[14.3482826561728,46.367378845397],[14.3481949808374,46.3674726351796],[14.3481075830123,46.3675321475628],[14.3480570488599,46.3676175117609],[14.3479561824087,46.367771236738],[14.3478430717848,46.3679162545868],[14.3477676112795,46.3680101136961],[14.3477529185921,46.3682071561135],[14.3477633257198,46.3683701527533],[14.3477119741798,46.3685240699394],[14.3476734041135,46.3686524183111],[14.3475857992372,46.3687291135419],[14.3474361276342,46.3688225489928],[14.3472623753099,46.3688643834482],[14.3470147934536,46.3688629699299],[14.3468540744832,46.3688363203789],[14.346584656342,46.368660597575],[14.3463863924029,46.3686107902463],[14.3462254705406,46.3686012331184],[14.346039677472,46.3686173551744],[14.3458043412962,46.3686245562999],[14.3455448234425,46.3685887924047],[14.345273853878,46.3684672200973],[14.3451509481448,46.3683979585042],[14.3450655950653,46.3682859957497],[14.3450425131243,46.3681402006733],[14.3450687703761,46.3680203298899],[14.3451074482173,46.3678834357619],[14.3450962286766,46.3677890820055],[14.3449509616102,46.3675139286681],[14.3448905349695,46.3673935613159],[14.3448666342536,46.367316319321],[14.3447811057232,46.3672300870064],[14.3446581756284,46.3671522774911],[14.3446211092562,46.3671435178211],[14.3445466975901,46.3671601857916],[14.3444226400223,46.367176659072],[14.3443732285357,46.3671677385748],[14.3443246362545,46.3670903548914],[14.3442512494792,46.3670213762397],[14.3440910509405,46.3669518096525],[14.3438565690995,46.3668990910401],[14.3435355841811,46.3668200537271],[14.3432768979633,46.3667157316044],[14.343043521832,46.3665600909411],[14.3427493151917,46.3663183578875],[14.3425896607119,46.3662146033619],[14.3422075410402,46.3660752901843],[14.3416773978295,46.3658922075025],[14.3411469488361,46.3657348522804],[14.3408382438432,46.3656730625753],[14.3404916498802,46.365671064133],[14.3401821206,46.3656778257544],[14.3400342000668,46.3656255087568],[14.339552651494,46.365519891721],[14.3393669442301,46.3655188189851],[14.3393046718804,46.3655527381296],[14.3391427533062,46.3656374548071],[14.3390558651629,46.3656541370739],[14.3389937997334,46.3656708727956],[14.3389691842406,46.3656536360236],[14.3389325343782,46.3656105080159],[14.3389209124094,46.365550430212],[14.3388477407398,46.3654643548343],[14.3387993650958,46.365369785578],[14.3387006493242,46.3653434830452],[14.3383544714358,46.3653072016005],[14.3382428663562,46.365315103021],[14.3381942854612,46.3652376267972],[14.3381083556149,46.3651857560316],[14.3379849223134,46.3651507625644],[14.3378237279857,46.3651754709532],[14.3377237692541,46.3652520871389],[14.3376236036374,46.3653457965172],[14.3375732618797,46.3654140627569],[14.3374242046469,46.365456025341],[14.3373117956656,46.3655411162617],[14.3372141492628,46.3656091081881],[14.3371484224323,46.3657458429176],[14.3370729467165,46.3658396949236],[14.3369234732024,46.3659159333654],[14.3367868634689,46.3659494200554],[14.3366258731875,46.3659570334595],[14.3362794847522,46.3659379289648],[14.3360443672193,46.3659279268209],[14.3359325787274,46.3659615566087],[14.3358453772814,46.3660039663033],[14.3357582031525,46.3660548333576],[14.3356499600774,46.3661497536682],[14.3354279357349,46.3662281777804],[14.334952233198,46.3663586590774],[14.3346143934876,46.3664595305069],[14.3342916542449,46.3665262099251],[14.3341182504561,46.366528439246],[14.3339206760081,46.3664983179221],[14.3337614285403,46.3663517272728],[14.3335770991634,46.3662478163884],[14.3334045706296,46.3661781629523],[14.3332930919776,46.3661861502494],[14.333144446535,46.3661938307268],[14.3328595014993,46.366209263131],[14.3326862680762,46.3662082523201],[14.3323898120473,46.3661550585266],[14.3321799070587,46.3661024594385],[14.3319202019779,46.3660837579778],[14.3316356752583,46.3660649108495],[14.3313390113853,46.3660288975634],[14.3310543010362,46.3660357796024],[14.330818764494,46.3660601331599],[14.3304216086337,46.3661434606237],[14.3301939820663,46.3661585922045],[14.3300626664819,46.3661413582641],[14.329620949279,46.3660106509205],[14.3294330115875,46.3660005518812],[14.3293337751786,46.3660170643768],[14.3292463593696,46.366076562262],[14.3291210662879,46.3662043957178],[14.3289328386152,46.366408964807],[14.3288456310959,46.3664513691275],[14.3287338371933,46.3664849918452],[14.3285977469193,46.3664755556658],[14.3283630476632,46.3664313512295],[14.3282534510164,46.3664447429234],[14.3281144276414,46.3665155430104],[14.3278394319233,46.3667367848825],[14.3275641991454,46.3669665719299],[14.3274641430474,46.3670602730349],[14.3274550346257,46.3671034954789],[14.3275357200978,46.3672750047228],[14.327571626801,46.3673780526377],[14.3275456473916,46.3674721893873],[14.327376313582,46.3675661127839],[14.3272488494097,46.3676690094451],[14.3271624989289,46.3677366093725],[14.3271569526412,46.3678813399372],[14.3270801941095,46.3680780145244],[14.3270028279833,46.3683346960718],[14.3269373865796,46.3686257266582],[14.3268355120085,46.3688565321336],[14.3267470366122,46.3690016741374],[14.3266465292148,46.3691211035149],[14.3264708638835,46.369317195196],[14.3263574572515,46.3694708272441],[14.3262808235311,46.3696675019785],[14.3262540227025,46.369838738606],[14.3262246667438,46.3702071763318],[14.3262216111315,46.3704556578832],[14.3262073668564,46.3706098739966],[14.3261445539515,46.3706866088998],[14.3260440421147,46.3708060376889],[14.3260055000088,46.370917284428],[14.326003075251,46.3711143962995],[14.3260011772599,46.3712686851398],[14.3259997020176,46.3713886075999],[14.3259118522682,46.3714823792257],[14.3257625582573,46.3715415096142],[14.3255522420127,46.3715317221186],[14.3253423490257,46.3714875678658],[14.3251696030326,46.3714350852213],[14.3250333130219,46.3714514652713],[14.3249208489754,46.3715279064109],[14.3248334442027,46.3715959481691],[14.3247338780739,46.3716382763512],[14.3245853221157,46.3716373989997],[14.3243756403074,46.3715761497576],[14.3241534818599,46.3715148263902],[14.3239749324158,46.3714271290343],[14.3239743640757,46.3714731907542],[14.3239695611194,46.3715148188672],[14.3239475455002,46.3715609337318],[14.3238951403074,46.3716260327084],[14.3238209223766,46.3717207830324],[14.3237336693712,46.3718185152277],[14.3236156219977,46.3719785049816],[14.3235676716804,46.3720406611163],[14.3235451045546,46.372120871589],[14.323540190132,46.3721714961048],[14.3235440015568,46.3722102061165],[14.3235517721536,46.3722756608899],[14.3235637041175,46.3723620135146],[14.3235496050398,46.3724511811893],[14.3235270566024,46.3725403888477],[14.323474686622,46.3726025187918],[14.3234223887368,46.3726588010333],[14.3233270175116,46.3727295835894],[14.3231755532407,46.3728060621198],[14.323067256382,46.3728709198479],[14.3230061961594,46.3729419952134],[14.3229536605547,46.3730279662059],[14.3229093529256,46.3731318001178],[14.3228654120632,46.3732059458077],[14.322821471081,46.3732800914792],[14.3227731873091,46.3733690566005],[14.3227036212367,46.3734341433491],[14.3226469603,46.3734962474903],[14.3225863037425,46.3735345756344],[14.3225344089939,46.3735581104686],[14.3224565757892,46.3735874296685],[14.3223657479175,46.3736374550718],[14.3222443238286,46.3737230174817],[14.3221484129569,46.3738266351957],[14.3221000908674,46.3739185688351],[14.3220689423923,46.3739987281194],[14.3220633640173,46.3741028812577],[14.3220448456055,46.3742128057801],[14.3220476251712,46.3743348226869],[14.3220409790297,46.3745252514978],[14.3220351433534,46.3746501863572],[14.3220069575546,46.3748375184131],[14.3219802276553,46.3749177038586],[14.3219234541083,46.3749887140686],[14.3218228457126,46.3751250530056],[14.3217610818587,46.3752526251714],[14.3217294360879,46.3753833449855],[14.3217236731047,46.3755023421693],[14.3217134002121,46.3756391268172],[14.3217209462794,46.3757225745042],[14.321744418561,46.3759160609622],[14.3217554810459,46.3760619692278],[14.3217667652413,46.376189974617],[14.3217825961613,46.3762972237175],[14.3217858908975,46.3763775871693],[14.3217977841406,46.3764669087241],[14.3218012270426,46.3765353069379],[14.3218258953297,46.3766217352172],[14.3218546511969,46.3767349990228],[14.3218878249933,46.3768274157972],[14.3218952441956,46.3769316459522],[14.3218764095689,46.3770565036674],[14.3218494199694,46.3771575607313],[14.3218099119767,46.3772197661423],[14.3217616597808,46.3773057619303],[14.3217043297848,46.3774214841751],[14.3216557255559,46.37752538201],[14.3216072693248,46.3776173145887],[14.3215677974902,46.3776765510907],[14.321537143738,46.3777270227628],[14.3215410287457,46.3777597051999],[14.3215489436295,46.3778133747337],[14.3215822475266,46.3779057923513],[14.3216108735483,46.3780190554226],[14.3216403304598,46.378075731807],[14.3216738355615,46.3781414292725],[14.321728919487,46.3782071647518],[14.3217880714131,46.378290828511],[14.3218640695052,46.3784103105302],[14.3219229634802,46.3785148459009],[14.3219948009715,46.3786134299432],[14.3220627900814,46.3786763627072],[14.3221266378526,46.3787273047712],[14.3221819065944,46.3787781959475],[14.3222633000287,46.3788084586917],[14.3223271848703,46.3788564318275],[14.3224426013729,46.3789106483421],[14.3225922969883,46.3789681268148],[14.3226994295964,46.3789984517491],[14.3229440882047,46.3790296808989],[14.3230599103968,46.3790511498404],[14.3231456676976,46.3790754997187],[14.3232356958425,46.3790908777345],[14.3233384649885,46.3791272042846],[14.3234455605466,46.3791605873045],[14.3235310048787,46.3791997802134],[14.3236123630322,46.37923301082],[14.323715096042,46.3792723058511],[14.3238988378335,46.3793626433312],[14.3241084279069,46.3794442261935],[14.3243050599509,46.3795435463085],[14.3244633220795,46.3796129490783],[14.3245916478522,46.3796642706412],[14.3247456385644,46.3797216816827],[14.3248610958959,46.3797729269527],[14.3249596509308,46.3798032890919],[14.3251006636964,46.3798695301439],[14.3252161205658,46.3799208650218],[14.3253314690546,46.3799810162742],[14.3253997044938,46.3800349514172],[14.3254459746427,46.3801096301578],[14.3254965549145,46.3801932414032],[14.3255555673929,46.3802888684637],[14.3255801904496,46.3803901407747],[14.3256047201586,46.3804884434943],[14.3256253461009,46.38056593995],[14.3256845430588,46.3806466328868],[14.3257480664669,46.380724382268],[14.3258581375604,46.3808649356786],[14.3260031139816,46.3809580102416],[14.326216657165,46.381078299916],[14.3264259491377,46.3811955051436],[14.3265837591156,46.3812917135611],[14.3267292339479,46.3813550098281],[14.3268484744262,46.3814479317825],[14.326976111385,46.3815558381648],[14.3270612531554,46.3816307450026],[14.327137539657,46.3817174758029],[14.3271798007473,46.381780164126],[14.327217568078,46.3818488540307],[14.3272468858485,46.3819174942126],[14.3272673846385,46.3819949896033],[14.3272921209916,46.3820873550818],[14.327303712038,46.3821915193561],[14.3273367718985,46.382304806985],[14.3273566499963,46.3824328622284],[14.327389855948,46.3825342745662],[14.3274706903917,46.3826001586818],[14.3275863750407,46.3826335883119],[14.3277323283387,46.3826582886768],[14.3278222179416,46.3826855383835],[14.3278951655807,46.3826949642209],[14.3279809682917,46.3827162517171],[14.3280580237666,46.3827405467532],[14.3280965078131,46.3827615561069],[14.3281605116297,46.3828006195474],[14.3282159721587,46.382836663731],[14.3282413098781,46.3828695619049],[14.3283007327296,46.3829323506141],[14.3283517579415,46.3829802448074],[14.3284287619279,46.3830193844512],[14.3285189436724,46.3830228830655],[14.3286437202979,46.3830147085879],[14.3287815121628,46.3829947342414],[14.3288762968042,46.3829833244593],[14.3290137975253,46.3829871003823],[14.3291124697692,46.3830085525119],[14.3291980541737,46.3830477419764],[14.3292834359869,46.3830928682527],[14.3293641270224,46.38317071628],[14.3294491291663,46.3832574966254],[14.3295168418282,46.3833441755347],[14.3296011892308,46.3834844844722],[14.3296602123821,46.3835801094166],[14.329723745916,46.3836577666337],[14.3297917864872,46.3837177260088],[14.3298895874222,46.3838105190925],[14.329983113992,46.3838914109196],[14.3300981118302,46.3839813355484],[14.3301872237289,46.3840830745362],[14.3302631918169,46.3841965226296],[14.3303175627294,46.3843219002612],[14.3303049479156,46.3843009531935],[14.330320907747,46.3843992046408],[14.3302809509307,46.3845090947148],[14.3302108699907,46.3846158393031],[14.3301711470135,46.3846959504202],[14.3301568947801,46.3848088700685],[14.3301560210599,46.3848803016426],[14.3302157387557,46.3849193388097],[14.330253730976,46.3849701248304],[14.3302397318985,46.3850623527187],[14.3302131189056,46.3851335435637],[14.330178231422,46.3851690575612],[14.3301180402774,46.3851687049783],[14.3300280728086,46.3851473946971],[14.3299927845472,46.3852156556027],[14.3299877669026,46.3852750967961],[14.3299955821063,46.3853376721795],[14.330016616659,46.3853824208561],[14.3300459924859,46.38543612549],[14.3300968399545,46.3854988629952],[14.3301650284568,46.3855469468707],[14.330224565328,46.3856008281235],[14.3302961565021,46.3857321546837],[14.3303463488532,46.385848510733],[14.3303963025055,46.3859737724522],[14.3304335159239,46.3860989595506],[14.3305005054866,46.3862451941508],[14.3305682445878,46.3863407796361],[14.3306230348195,46.3864214441312],[14.3306692659813,46.3865109655927],[14.3306642852243,46.3865674379877],[14.3306589767618,46.3866507197076],[14.3306583939481,46.3866984007227],[14.3306873194132,46.3867996969979],[14.330720695477,46.3868772670703],[14.3307624918199,46.3869786386518],[14.3308386090715,46.3870803010263],[14.3308765508708,46.3871460216459],[14.3309276547824,46.3871879770519],[14.3309830127445,46.3872329263527],[14.3310299002085,46.3872688290136],[14.3310851847049,46.387319805865],[14.3311103086108,46.3873705163048],[14.3311225255219,46.3874241202739],[14.3311177627257,46.3874627797749],[14.3310828955336,46.387507201243],[14.3310307372005,46.3875515215486],[14.3309703609645,46.387566103453],[14.3309144574455,46.3875657763756],[14.3308540097049,46.3875862058893],[14.330814648275,46.3876366290068],[14.330774399745,46.3877702697234],[14.3307696729542,46.3878059603887],[14.330747582412,46.3878474874939],[14.3306998437863,46.3878918335123],[14.3306777894449,46.3879303917857],[14.3306560839221,46.3879510479477],[14.3306429215954,46.3879748131125],[14.330642667559,46.3879955948331],[14.3306552107573,46.3880224794897],[14.3306760805587,46.3880701960887],[14.3306928626693,46.3881119506993],[14.3306922072784,46.3881655693369],[14.330673861407,46.3882517437562],[14.3306122118505,46.3883704139905],[14.3305424543009,46.3884503493705],[14.3304904772253,46.3884797353666],[14.3304086118064,46.3884971601876],[14.3303440177351,46.3885056890329],[14.330292112022,46.3885292272684],[14.3302444977116,46.3885527006439],[14.3301623052476,46.3885968446371],[14.3300498037696,46.3886527770963],[14.3299628989,46.3887207355427],[14.3299019034483,46.3887857867503],[14.3298708876805,46.3888659487296],[14.3298827029266,46.3889522997556],[14.3299159537151,46.3890507424743],[14.3299748027673,46.3891611213153],[14.3300513585353,46.3892270684251],[14.3301021720595,46.3892928646855],[14.3301908509323,46.3893350405153],[14.3303154449418,46.3893535844061],[14.3304396537988,46.3893929990791],[14.3305633898739,46.3894710981954],[14.3306310392942,46.3895637140341],[14.3306340198577,46.3896708864297],[14.3306244942426,46.3897481153904],[14.3305891311015,46.389822314046],[14.330536736068,46.3898964129817],[14.3304930096034,46.3899527484724],[14.3305094806176,46.3900093464179],[14.3305907138633,46.3900544473694],[14.3307361954031,46.3901088313814],[14.3307999908386,46.3901657962115],[14.3308376301257,46.3903415490319],[14.3308014149899,46.3904960864673],[14.330756925163,46.3906148571513],[14.3306347128522,46.390762863183],[14.3305343881424,46.390875368881],[14.3303817029522,46.3910590045136],[14.3302588327408,46.3912606287259],[14.3301793043102,46.3914267883719],[14.3301606495409,46.3915486791565],[14.3301465769571,46.3916467545837],[14.3301451207519,46.3917657770756],[14.3301613728985,46.391840277908],[14.3302077893779,46.3919149554173],[14.3302576965269,46.3920550619282],[14.3302736209621,46.3921563720397],[14.3302632205608,46.3923050324145],[14.3302358379815,46.3924388381569],[14.3301782190696,46.3925783148722],[14.3301209267872,46.3926910722234],[14.3300984177648,46.3927772220967],[14.3300974347453,46.3928575600131],[14.3301222685142,46.3929321111084],[14.3301817769706,46.392988961171],[14.3302844678272,46.3930341879972],[14.3301768205449,46.3932240250982],[14.3299902177832,46.3933628360902],[14.3298385236149,46.3934541669858],[14.3297173939556,46.3935130175386],[14.3296165671776,46.3935066683955],[14.3296008124242,46.3934977589256],[14.3295596504426,46.3934824025636],[14.3294135892639,46.3934534753464],[14.3291807197038,46.3934414930286],[14.328858593595,46.3934127917403],[14.3285579734853,46.3933693706849],[14.3282352630866,46.3933883485815],[14.3281053317997,46.3934649598854],[14.3280221303214,46.3935693766216],[14.3279297991995,46.3936018532033],[14.3279136368634,46.3936367567441],[14.327875180692,46.3936870041799],[14.327692161129,46.3938404976673],[14.3276136284334,46.3939352247338],[14.3274728467366,46.3941963010158],[14.327297387217,46.3944750772535],[14.32716481827,46.3947659816782],[14.3270934179372,46.3949679051924],[14.3270131263027,46.395205494613],[14.3268894289504,46.3954726087149],[14.3266629837517,46.3957094274712],[14.3264378721471,46.3958271327151],[14.3261350263824,46.3959741597032],[14.3257013010768,46.3962632873404],[14.3255595129253,46.3962565131487],[14.3252846824394,46.3962191736645],[14.3250781806749,46.3962298311917],[14.3248021755565,46.3962877623446],[14.3244570914978,46.3963690369811],[14.3238893675514,46.3963776478876],[14.3235967857881,46.3963877937733],[14.3232885114542,46.3962788151151],[14.3228423902694,46.3961809855197],[14.3220696580737,46.3960692523411],[14.3215540190752,46.3960304760593],[14.3211765221838,46.3959568892461],[14.3208329116284,46.3959191307539],[14.320472433845,46.3958574288234],[14.3200946621199,46.3957957129055],[14.3199032536215,46.3959731661269],[14.3195230967234,46.3961137777468],[14.3188666498514,46.396324089366],[14.318072014139,46.3965932236694],[14.3176060658817,46.396709475107],[14.3173301806657,46.3967673889404],[14.3168303653912,46.3968358406561],[14.3163997624946,46.3968808617735],[14.3161234472982,46.3969626122986],[14.3157957888442,46.3970320889022],[14.3155020121141,46.3971373956815],[14.3150176976324,46.3973488053518],[14.3147580961825,46.397466280989],[14.3144996657796,46.3975005403786],[14.314154857818,46.3975579434022],[14.3135463958636,46.3976097143627],[14.3129664428861,46.3976175678411],[14.3128934569472,46.3976305349279],[14.3119766414142,46.3978703720213],[14.3117546652412,46.3978699359901],[14.3114599682998,46.3978716708409],[14.3109124370714,46.3976384083349],[14.3105669936289,46.3976116743287],[14.3103387487491,46.3976856932983],[14.3100943759077,46.3977598844247],[14.3094908363083,46.3981425748487],[14.3089415982375,46.3983848764394],[14.3086048655236,46.3985948114374],[14.3085066114137,46.3986210285465],[14.3079989585767,46.3987517437804],[14.3073799370113,46.3989787704273],[14.3070817551255,46.3990395834723],[14.3068691194535,46.3990919172362],[14.3066375518269,46.3991399072072],[14.3064004406961,46.3992558807406],[14.3062142479251,46.3994175078089],[14.3059054087689,46.4000005314978],[14.30551293268,46.40066626904],[14.3051293580046,46.4010603486069],[14.3046962902161,46.4013267278491],[14.3033978955476,46.4018866293042],[14.3030580168247,46.4021053457991],[14.3028263597662,46.4021795088769],[14.3025488019255,46.4023754813784],[14.3024688763751,46.4023506119148],[14.3022628241794,46.4023136366447],[14.302014162337,46.4022525587839],[14.3017913239967,46.4021857899745],[14.3014651582622,46.4021242376891],[14.301267744617,46.4020932514374],[14.3009756596194,46.4020617761599],[14.3004173929934,46.4019869257994],[14.2999617490925,46.4019722613744],[14.2995576790361,46.4019518830213],[14.2991452546645,46.4019136378991],[14.2987931160779,46.4018698229154],[14.2985268591796,46.4018324717313],[14.2983468340214,46.4017844027467],[14.2981328763947,46.40170508543],[14.2979444531636,46.4016324923146],[14.2977298768376,46.4016014845545],[14.2975669503749,46.4015588275965],[14.2974041015452,46.4015101428652],[14.2972845238857,46.4014439996369],[14.297148317282,46.4013360078065],[14.2970378590774,46.4012281740927],[14.2969444139728,46.4011323209622],[14.2968420028845,46.4010662828037],[14.2966878676424,46.4010177405954],[14.2963525966886,46.4009977740143],[14.2959394921455,46.4010131355054],[14.2957239477965,46.401047526514],[14.2954395131203,46.401099306841],[14.2952494854138,46.4011517582765],[14.294887009546,46.4012447125585],[14.2946280137072,46.4013204898786],[14.2945070587299,46.4013614900164],[14.2943168530487,46.4014376909932],[14.294212987484,46.4014846443525],[14.2941088142637,46.4015554378786],[14.2939792002767,46.401602232084],[14.2938326505365,46.4016311074205],[14.2935915320869,46.4016414943212],[14.2934285077191,46.4016167349732],[14.2933172106847,46.4015743909479],[14.2931462431028,46.4014900216936],[14.292855628471,46.4013453519665],[14.2926505099193,46.4012369286207],[14.2924280723045,46.4011403638119],[14.2923252593356,46.4011158854552],[14.2920933174885,46.4010906077249],[14.2918442095258,46.4010653131939],[14.2916211580993,46.4010163373666],[14.2914755582696,46.4009618129826],[14.2912871985351,46.4008952372936],[14.2911506195454,46.4008170162061],[14.2909712301624,46.4007206254143],[14.2908262484039,46.4006185096725],[14.2906637151077,46.400546155061],[14.2905266760921,46.400503558662],[14.2903119785137,46.4004725362187],[14.2901663563108,46.4004299760903],[14.2899953201732,46.4003515397269],[14.2898674820927,46.4002614052984],[14.2897476851979,46.4002130669537],[14.2896107488931,46.4001526559439],[14.2895084015124,46.4000925496451],[14.2893803565473,46.4000084414017],[14.2892783975217,46.3999184671203],[14.2891759209081,46.3998583597179],[14.2890647861847,46.3998040464761],[14.2888765105395,46.3997315292719],[14.2886197046385,46.3996287152775],[14.2883545246026,46.3995199105415],[14.2880897573471,46.3993694514364],[14.2878599154156,46.3991834909406],[14.2876811553693,46.3990395944691],[14.2875878849923,46.3989318586319],[14.2874949768832,46.3988063108214],[14.2874304000799,46.3986821990594],[14.2873778978786,46.3985496153086],[14.2873278244004,46.3984302723258],[14.287302955239,46.3983527427308],[14.2872868768009,46.3982692398953],[14.2872531152136,46.3982154970414],[14.287245308576,46.3981558879298],[14.2872545103789,46.3981083509003],[14.28728108372,46.3980549840873],[14.2872829322307,46.3980029027013],[14.2873322304055,46.397862136228],[14.2875085704022,46.3978219385978],[14.2875290774985,46.3977550383566],[14.2875306961423,46.3977006162994],[14.287500771031,46.3976218856211],[14.2874219896008,46.3975401513938],[14.2873373055607,46.3974922991994],[14.287348451743,46.3974352374028],[14.2874427807427,46.3973215626926],[14.287619493347,46.3972226164806],[14.2879016783453,46.396952933037],[14.2880685799665,46.3968182967155],[14.2881838605556,46.3966832488687],[14.2882681002519,46.3965552053528],[14.2882398815125,46.3963552052359],[14.288200206619,46.3962262104967],[14.2881391123565,46.3961543936201],[14.2879044126904,46.3959530179063],[14.2878127449433,46.3958523998423],[14.287620145865,46.3958135025571],[14.2874942739098,46.395743261128],[14.287443768228,46.3956572945049],[14.2873321713967,46.3954994205901],[14.2871691776717,46.3953341185204],[14.2869750526606,46.395182927421],[14.2867397108907,46.3950314789159],[14.2865314635698,46.3951658553871],[14.286292026247,46.3953286474447],[14.2860725719293,46.3955344796915],[14.2860189956884,46.3956841260499],[14.2861003515834,46.3957774835411],[14.2861495507198,46.3959634898102],[14.286137229067,46.3961205913736],[14.2860829073829,46.3963273643649],[14.2858745596066,46.3964689366264],[14.2856152795221,46.3965672744102],[14.2854480920168,46.3967234083228],[14.2854357681548,46.3968805097775],[14.2854856188782,46.3970164967738],[14.2855767820186,46.3971456341784],[14.2855958716937,46.397267213602],[14.2855319272404,46.3974239025847],[14.2853744502232,46.3976229229881],[14.2852913203592,46.3976653193882],[14.2850941151916,46.3977497386106],[14.2849796649706,46.3978204596198],[14.2849374747458,46.3978845247084],[14.2849052215388,46.3979842802304],[14.2848808794308,46.3980757179591],[14.2847596141365,46.398140458075],[14.2846124721526,46.3982050361849],[14.2844568001041,46.3982754987826],[14.2843095021351,46.3983519516282],[14.2841987965749,46.3984543648925],[14.2840486370681,46.3985705664376],[14.2838671643351,46.3986349286437],[14.2837201765504,46.3986875404942],[14.2836074130304,46.3987582706853],[14.2833821706222,46.3988878564137],[14.2832090450355,46.3989700840329],[14.2829496017993,46.3990696743029],[14.2826739814212,46.3991036640104],[14.2824330023089,46.3991140282547],[14.2821406331114,46.3991062552534],[14.2818311252638,46.3990864977712],[14.2816311630678,46.3990631090734],[14.2814535855527,46.39901862765],[14.2812730462696,46.3990115550506],[14.2807306473008,46.3990498011085],[14.2803090768651,46.3990471487577],[14.2800077344505,46.3990690940546],[14.2796976532782,46.399102859616],[14.2794736025282,46.3991312283738],[14.2792575590076,46.3992131795875],[14.2790066116067,46.3993187525081],[14.278712437562,46.39944789441],[14.2784790704848,46.399541610983],[14.2783151453616,46.3995762948637],[14.2781174666366,46.3995572330163],[14.2779720131781,46.3995027823086],[14.2778098161307,46.39940647938],[14.2776904248584,46.3993283507261],[14.2775281492651,46.3992380749197],[14.2771867512101,46.399033483982],[14.2769991239794,46.3989132669485],[14.2768200797747,46.3987931038831],[14.2765724842895,46.3986546927366],[14.276418245275,46.3986060325439],[14.276306730997,46.3985815746795],[14.2762291259288,46.3985988976886],[14.2761339111597,46.3986399513545],[14.2760039736519,46.3987105653415],[14.2758485519472,46.3987513275481],[14.2757451213465,46.3987744247379],[14.2756248948097,46.3987499110311],[14.2755479977501,46.3987137056281],[14.2754969259248,46.398671725741],[14.2753947836999,46.3985876759357],[14.2752502813419,46.3984617912177],[14.2751995256591,46.3983959710211],[14.2750882494605,46.3983536093496],[14.2749682328274,46.3983231582285],[14.2748135230221,46.3983102111649],[14.2746420424651,46.3982674672559],[14.2745134453569,46.3982368712599],[14.2743508622256,46.3981704311507],[14.2742911310147,46.3981343338235],[14.2742059697297,46.3980742328878],[14.274068475077,46.3980674220982],[14.2740079542757,46.3980908800741],[14.2739302979237,46.3981022631465],[14.2738700932808,46.3981018808772],[14.2738187858104,46.3980778028662],[14.2737676371317,46.3980417597652],[14.2737084591212,46.3979640093083],[14.2736326710938,46.3978444070077],[14.2735223452583,46.3977306132706],[14.2733433914103,46.3976045072513],[14.2731552244733,46.3975259367846],[14.2728894813037,46.3974528108297],[14.2725812235088,46.3973497235607],[14.2723074537445,46.3972348888488],[14.2720512960594,46.3970963234086],[14.2718979354499,46.3969822541329],[14.2718129365619,46.396910276327],[14.2717858244758,46.3968661980714],[14.2716888721947,46.3968618918467],[14.2715860257211,46.3968314565472],[14.2714920773208,46.396777325626],[14.2714157401767,46.396699464648],[14.2713480641342,46.3966157207513],[14.2712199763409,46.3965375298817],[14.2711178153831,46.3964654421782],[14.270956431413,46.3963096641345],[14.270836580976,46.3962672436425],[14.2707078325256,46.3962485184957],[14.270638839036,46.3962540165275],[14.2706039556706,46.3962955403562],[14.2705594901031,46.3964023216491],[14.2704891182132,46.3965209937095],[14.2703421234798,46.3965735883417],[14.270066905298,46.3965777699979],[14.2697916362578,46.3965760126127],[14.2692747606382,46.3966322714437],[14.2688784993564,46.3966833610875],[14.268516196746,46.3967524807454],[14.2681622070295,46.3968514326955],[14.2676450600624,46.3969373726923],[14.2670252552989,46.3969691199414],[14.2661053100729,46.3969335294545],[14.2652890587821,46.3968747556408],[14.2645148694261,46.3968697789897],[14.2640685821958,46.3968014092429],[14.2637941920122,46.3967342345083],[14.2633754149817,46.3965350420769],[14.2628447321641,46.3960614364398],[14.2626519659046,46.3959589768164],[14.2625241021935,46.3958748395782],[14.2624390673916,46.3957969164953],[14.2623635458294,46.3956595841874],[14.2622878658257,46.3955340369447],[14.2622116536038,46.3954383564352],[14.2620762530541,46.3952767953939],[14.2619575361965,46.3951509702011],[14.261864001788,46.3950670537669],[14.2617533045154,46.3949830264566],[14.2615997798616,46.3948927844482],[14.2614369834111,46.3948440487451],[14.2613083205522,46.3948194654732],[14.2612051620542,46.3948128610012],[14.2609902648057,46.3947995063582],[14.2608006786712,46.3948280612642],[14.2605594730012,46.3948562820848],[14.2604086772631,46.3948722213722],[14.2603185892094,46.3948606622821],[14.260215833167,46.3948242792677],[14.2601301284124,46.3948059106234],[14.2600446961877,46.3947577634248],[14.2598903213165,46.3947210460946],[14.2597359160997,46.3946962044726],[14.2596495986807,46.3947135498121],[14.259494388012,46.394748263157],[14.2593392090073,46.3947710104124],[14.2591845119705,46.3947581322397],[14.2590475111341,46.3947155882664],[14.2589105908907,46.3946671065941],[14.2587477963319,46.3946184570414],[14.258679176238,46.3946060461372],[14.2585327384454,46.3946170628215],[14.2583346518563,46.3946395304959],[14.2581538878462,46.3946503240613],[14.2579219899948,46.3946249772484],[14.2576992386581,46.3945580329684],[14.2575797245736,46.3944918485152],[14.2574861980338,46.3944079285368],[14.2572994381591,46.3942281241655],[14.2571549408478,46.3940961884585],[14.256942357112,46.3939222437666],[14.2567975378231,46.3938141477095],[14.2566009071894,46.3937295568629],[14.2563777566562,46.3936923876602],[14.2561291043946,46.3936372379625],[14.2558374978311,46.3935757801765],[14.2556147521237,46.3935089218269],[14.2553746032705,46.3934596739257],[14.2551088220256,46.3933925343513],[14.2549461659327,46.3933437903026],[14.2547920410057,46.3932892535291],[14.2546548048018,46.3932645169193],[14.2545516501086,46.3932579064654],[14.2541991988654,46.3932437322557],[14.2540189253889,46.3932188041619],[14.2537876033471,46.3931517963285],[14.2535477006146,46.3930847320153],[14.2533338661416,46.3929940851762],[14.2530426712711,46.3929029326455],[14.2528369333781,46.3928479661138],[14.2526307560845,46.3928347426941],[14.2523123897396,46.392838599602],[14.2521225615035,46.3928850426923],[14.2518815236619,46.3929012802228],[14.2517355450288,46.3928884490004],[14.2515725999046,46.3928516643432],[14.2513834229891,46.3928504260557],[14.2512541522198,46.3928614558316],[14.2510643230282,46.3929078971591],[14.2508315398009,46.3929480287445],[14.2506336188077,46.3929586080492],[14.2504273929544,46.3929394422794],[14.2502042986777,46.392908199447],[14.2499551183807,46.3928828131141],[14.2497497578509,46.392810029323],[14.2496038953567,46.3927792919921],[14.2494836612298,46.3927666268279],[14.2494060561671,46.3927839316496],[14.2492593772757,46.3928127490545],[14.2490783733731,46.3928413408762],[14.2489323956013,46.3928285060802],[14.2487349977452,46.3927914910895],[14.2485636852915,46.3927487091123],[14.2484175791123,46.3927357828443],[14.2481768670756,46.3927282624694],[14.2479963534848,46.3927211374752],[14.2478415835213,46.3927141815267],[14.2477215131408,46.3926896394671],[14.2472242337943,46.3925038166783],[14.2472582020951,46.3926056170906],[14.2473448858373,46.3929210847511],[14.2468837557571,46.3933589946257],[14.2463349489992,46.3935533142523],[14.2467454492027,46.3939698836511],[14.2496100378694,46.3946364150576],[14.2500479247951,46.3949451875379],[14.250120393432,46.3953505302851],[14.2489769626764,46.396233734954],[14.2490930508114,46.3972601613915],[14.2502280635427,46.3979423876762],[14.2507103574808,46.3988092657026],[14.2501243557079,46.4007757781797],[14.25033938128,46.4012180432744],[14.2509386184529,46.4020946834368],[14.250970120093,46.4026437094905],[14.2509295068616,46.402760405039],[14.2508212861507,46.4030655955901],[14.2498919409269,46.4035003585282],[14.2492382666908,46.4037479861431],[14.2482847406828,46.4040477115693],[14.2471827100812,46.4047422313673],[14.2468438460224,46.4047939823424],[14.246765075034,46.4048474457726],[14.246499289518,46.4052685557209],[14.245920867649,46.4066593740841],[14.2455103907988,46.4071874918636],[14.2447823140852,46.408109380731],[14.2443702001818,46.4087544449462],[14.2436791154397,46.4098296105306],[14.2431461158509,46.4108242150399],[14.2431216464406,46.4109099747474],[14.2430428100602,46.4109954645651],[14.2428241585074,46.4110799387091],[14.2423635710544,46.4112488214506],[14.2419678851246,46.4113803450271],[14.2416925954912,46.4114592232799],[14.2414900872291,46.4114954878561],[14.2411791249318,46.4115203260106],[14.2408603034393,46.4115397129295],[14.2407118180135,46.4115822727745],[14.2406762643083,46.4116228832285],[14.2406561416246,46.4116575681244],[14.240640058771,46.4117104538448],[14.2406326276822,46.4117678955283],[14.2406185712479,46.4118434672183],[14.2406066806998,46.4119129353073],[14.2405775037548,46.411962675074],[14.2405440771131,46.4120093276201],[14.2404549693386,46.4121221883702],[14.2404016292816,46.4121884121067],[14.2403338733495,46.4122623674717],[14.2402262604429,46.4123682673673],[14.2401887763868,46.4124260491669],[14.2401520852555,46.4124922934304],[14.240115228983,46.4125610557523],[14.2400875293295,46.4125980294231],[14.2400707623953,46.412615822094],[14.2400460489791,46.4126344616581],[14.2399934865955,46.4126539957834],[14.2399013305938,46.4126771354485],[14.2398109128024,46.4126875108121],[14.2397325160415,46.41270336424],[14.2396299997253,46.4127512666105],[14.239539778167,46.4127943022813],[14.239460255615,46.4128349798372],[14.2393743609759,46.412875524985],[14.2392827283034,46.4129171115419],[14.2391799834997,46.4129813865809],[14.2390983105361,46.4130269979435],[14.2390657500941,46.4130486440727],[14.238996593481,46.4130734655375],[14.2388988573725,46.413086220677],[14.2387574540167,46.4130961658949],[14.2386157952017,46.4131244631764],[14.2385036276558,46.4131460289528],[14.2384020490716,46.4131731533273],[14.2383178656688,46.4131934657612],[14.2382515424436,46.4132202849933],[14.2381920759217,46.413268472822],[14.2381028270803,46.4133442630209],[14.2380520474497,46.4133851310875],[14.2379926219229,46.4134303500651],[14.2378826382405,46.4135005137375],[14.2377129151755,46.4135916920364],[14.2375107357574,46.4136876020476],[14.2374180578256,46.4137479839257],[14.237348823088,46.4137782920581],[14.2373092407213,46.413790354006],[14.2372466764645,46.4137993836073],[14.2371434025962,46.4137986947376],[14.2371018147595,46.4137959881095],[14.2370438735104,46.4137906531955],[14.2369952649541,46.4137783628389],[14.2369450311827,46.413780007011],[14.2369241437921,46.413785355825],[14.2368742750463,46.4138167825648],[14.2368330258673,46.4138457476378],[14.236796049264,46.4138668238255],[14.2367651127022,46.4138745347413],[14.2367034253206,46.4138766421861],[14.2366569375432,46.4138708437014],[14.2366399970305,46.4138543560307],[14.2365967315524,46.413813400651],[14.2365248788519,46.4137702750584],[14.2364543879516,46.4137321068783],[14.2363925074546,46.4137014636829],[14.2363369588945,46.4136738317569],[14.2362922901315,46.4136402444529],[14.2362653213413,46.413615322518],[14.2362576434367,46.4135969173031],[14.2362529922505,46.4135760131338],[14.236234262805,46.4135292834385],[14.2362145992054,46.4135028807854],[14.2361733739452,46.4134649078884],[14.2361221041278,46.4134382941086],[14.2360878298371,46.4134242097369],[14.2360500236583,46.4134115412854],[14.2359581001714,46.4133712502712],[14.2358997139233,46.4133326227966],[14.2358188488411,46.413273601767],[14.2357755624429,46.4132435323371],[14.235710671244,46.4132143081745],[14.2356514954922,46.4131856619977],[14.235593044893,46.4131609793303],[14.2355209311084,46.413136655147],[14.2354945157714,46.4131280213508],[14.2354375852965,46.4130969608749],[14.235365056461,46.4130558093731],[14.2352782576642,46.4130025963521],[14.2351915815564,46.4129499239068],[14.2351367614181,46.4129168080768],[14.2350884785871,46.4128813067489],[14.2350479637768,46.4128577334411],[14.2349511568567,46.4128040033721],[14.2349170090749,46.412780922464],[14.2348595120031,46.4127439198676],[14.2348253366166,46.4127228180936],[14.2347700327,46.4126778227696],[14.2347517039341,46.4126583565057],[14.2347382698337,46.4126423418646],[14.2347269763764,46.4126313798838],[14.2347162992716,46.4126228512246],[14.2347035058952,46.4126168275705],[14.2346899245812,46.4126113384638],[14.2346785354969,46.4126072135811],[14.2346671237616,46.4126047080112],[14.2346441098206,46.4126040141676],[14.2346254752968,46.4126064086203],[14.2346067929455,46.4126122216213],[14.2345699484909,46.4126238510964],[14.2345267904129,46.4126404766355],[14.2344662581289,46.4126623840712],[14.2343947843565,46.4126946547789],[14.2343521539847,46.4127107439629],[14.2343248104651,46.4127219871176],[14.2343023678629,46.4127362321006],[14.2342717910651,46.4127647278913],[14.234242864422,46.4127868468322],[14.2342132052141,46.4128055419887],[14.2341770011574,46.4128271623286],[14.2341387512863,46.4128462497876],[14.2341040131579,46.4128653607532],[14.2340194545859,46.4129123886903],[14.2339493810348,46.4129560947252],[14.2338792680111,46.412993322591],[14.2338156380295,46.4130320333743],[14.2337045656448,46.4130774439102],[14.2336272495155,46.4131181321953],[14.2335269329786,46.4131571367771],[14.2334433278113,46.4131917547758],[14.2333351578599,46.4132342153877],[14.2332846950366,46.4132522310095],[14.2332161783536,46.4132775930914],[14.2331391755755,46.4132958805437],[14.2330615211525,46.4133142535441],[14.2330383883856,46.4133220157882],[14.2330052873084,46.4133356492102],[14.232968418218,46.4133582543787],[14.2329283847544,46.4133931642398],[14.2328885292411,46.4134246564094],[14.2328103535241,46.4134801834722],[14.2327791945877,46.4135037265895],[14.2327298479074,46.4135441520561],[14.2326944938397,46.4135607392912],[14.2326209316402,46.4135840878152],[14.2325618977058,46.4136010559288],[14.2324533271019,46.4136256089283],[14.2323476342474,46.4136397445888],[14.232275813136,46.4136502388268],[14.2322370050928,46.4136533971595],[14.2321738668745,46.4136569319449],[14.2321128791762,46.4136555327698],[14.2320456432025,46.4136451845444],[14.2319770118771,46.4136323077402],[14.2319275812803,46.4136230686972],[14.2318617205444,46.4136166882929],[14.2317807720255,46.4136102064968],[14.2317228037323,46.4136068480506],[14.2316625762923,46.4136068932674],[14.2316057974895,46.4136114601392],[14.2315260080571,46.4136243295631],[14.2314720199339,46.4136339534577],[14.2313492387087,46.4136514821953],[14.2312765611482,46.4136673682666],[14.2312534355676,46.4136745903759],[14.2312110448376,46.4136827626127],[14.2311564694811,46.4136878838961],[14.2311141558534,46.4136905684277],[14.2310555196535,46.4136791977969],[14.2310005470433,46.413657055337],[14.2309495793125,46.4136091183101],[14.2308820916298,46.4135149153962],[14.2308406078405,46.413458584896],[14.2308160766523,46.4134177533267],[14.2307857947403,46.4133788624169],[14.2307423038208,46.4133542778929],[14.2307117297773,46.413336168136],[14.230621003283,46.413312795296],[14.2305352067383,46.4132903552584],[14.23046373501,46.413276018908],[14.2304174787564,46.4132538448494],[14.2303561085638,46.4132241914897],[14.2302916706105,46.413172204815],[14.2302671197075,46.4131328125176],[14.2302241225706,46.413082409643],[14.2301960678902,46.4130331869821],[14.2301606371948,46.4129535046981],[14.230156367224,46.4128964347819],[14.2301549558437,46.4128488309907],[14.2301448376887,46.4128006287636],[14.2301316951806,46.4127177676077],[14.2301229736024,46.4126720039777],[14.2300971657692,46.4126202772464],[14.2300385157078,46.412508319194],[14.2299709912716,46.4123614828437],[14.2299153221767,46.4122410875859],[14.2298641905076,46.4121495133559],[14.2297864494566,46.4120170033339],[14.2297627355329,46.4119736578631],[14.2297289451136,46.4119253861186],[14.2296472179939,46.4118265880174],[14.2295792689565,46.41175622333],[14.229507215102,46.4116817822803],[14.2294010154827,46.4115843486059],[14.2293010887058,46.4115033317054],[14.2292612353427,46.4114792209753],[14.2292191387966,46.4114666113135],[14.2291554050768,46.4114571846914],[14.2290148701418,46.411451828761],[14.2289215814456,46.4114536289798],[14.2287968798721,46.4114508087388],[14.2286678152429,46.4114529972717],[14.2284854448765,46.4114626534615],[14.2283104619721,46.411464981645],[14.2281728005122,46.4114680113103],[14.2280872939141,46.4114713928671],[14.2280206818441,46.4114723827414],[14.227956099986,46.4114769850963],[14.2278223274848,46.4114993842147],[14.2277224903989,46.4115135551432],[14.2276160168019,46.4115371280452],[14.2275338431582,46.4115623944884],[14.227466719051,46.4115996386224],[14.2274269565262,46.4116152047799],[14.2273757858098,46.4116372616815],[14.2273039941635,46.4116918384572],[14.227250875489,46.4117505000621],[14.2271878211671,46.4118403142002],[14.2271089480997,46.4119449564647],[14.2271018425409,46.4119875543726],[14.2270813587135,46.4121208419106],[14.2270654020062,46.4121822737581],[14.2270318438608,46.4122282017082],[14.2269806032853,46.4123011811572],[14.2269284835648,46.412335107523],[14.2268620084159,46.412372355685],[14.2267852826383,46.4124170020362],[14.2266995968274,46.4124421541596],[14.2265975733526,46.4124544199437],[14.2265466418926,46.4124594737008],[14.2264470405976,46.412456820661],[14.2263573941689,46.4124492865135],[14.2262485186088,46.4124401826666],[14.226066234155,46.4124159167718],[14.2257949308213,46.4123765627392],[14.2254995109832,46.4123960652595],[14.2252498933721,46.4124695896045],[14.2248747927007,46.412622786368],[14.2246088578229,46.4127553092048],[14.2245078508897,46.4127600225109],[14.2244005641046,46.4126571786151],[14.224215399602,46.4125700009888],[14.2239297091443,46.4124445333094],[14.2235592317513,46.4122808816825],[14.2231422171063,46.4121061162816],[14.2226464122688,46.4120114272079],[14.2222662286137,46.4119820310915],[14.2218537383873,46.4120383355448],[14.2215119694691,46.4120334003248],[14.2209536695888,46.4119704878326],[14.2203329940092,46.4119125455839],[14.2197367266755,46.4117849495297],[14.2194274401445,46.4116915189552],[14.2188858730363,46.4115320824328],[14.2180976581694,46.4112473379381],[14.2176107492477,46.4110774726231],[14.2169851807834,46.4108261324353],[14.2162523509595,46.4104719373928],[14.215906369181,46.4102171088579],[14.215683802795,46.4100275445526],[14.2153835921761,46.409837537077],[14.2151010721241,46.4095025280228],[14.2150132628617,46.4093129875212],[14.2149314315093,46.4093142251788],[14.2148258769418,46.409318988682],[14.2147361117859,46.4093292587338],[14.2146724863172,46.4093488852065],[14.2146089637422,46.4093704017282],[14.2145372213403,46.4094027481718],[14.2144839994811,46.4094406200116],[14.2144305928473,46.4094913563201],[14.2144008306594,46.409544054444],[14.2143684418427,46.4095894469148],[14.2143443012431,46.4096220302806],[14.2143149044825,46.4096492692773],[14.2142671196476,46.4096708037625],[14.2142142112908,46.4096868148299],[14.214153212211,46.4097046596522],[14.2140764244528,46.4097259947492],[14.2140155811887,46.4097420411616],[14.2139652738412,46.4097580699906],[14.2138616900173,46.4098066617186],[14.2138032396369,46.4098372096965],[14.2137422125982,46.4098660304917],[14.2136944273506,46.4098875647343],[14.2136518425611,46.4099183116939],[14.213606448927,46.4099544375439],[14.2135664393359,46.4099870015875],[14.2135238815527,46.4100158593071],[14.2134786700949,46.4100393005375],[14.213433720571,46.4100535665747],[14.2133649173366,46.4100713572972],[14.2133067548455,46.4100818436097],[14.2132512969848,46.4100851508708],[14.2131879586034,46.4100847150999],[14.2130852656148,46.4100803197082],[14.2129878526146,46.4100705623397],[14.2128904927113,46.4100571164688],[14.2127878263589,46.4100418345791],[14.212682663758,46.4100192478116],[14.2125854878675,46.4099930271558],[14.212498846767,46.409966878964],[14.2123937893262,46.4099370050549],[14.2123281128748,46.4099182887203],[14.2122596241946,46.4099142181458],[14.2121831242779,46.4099154905623],[14.2121118517987,46.409924086543],[14.2120431001306,46.4099382780114],[14.2119584308283,46.4099558685941],[14.2118738392227,46.4099680614276],[14.2117656288678,46.409976492588],[14.2116996894753,46.4099760380644],[14.2115781345146,46.4099988622866],[14.2114828498884,46.410021957493],[14.2113719085428,46.4100393664865],[14.211316345583,46.4100499596841],[14.2112634878865,46.4100623709206],[14.2112158856678,46.4100711295978],[14.2111394114575,46.4100706020861],[14.2110154660158,46.4100697470139],[14.2108863701517,46.4100652574525],[14.2107385981336,46.4100660370708],[14.2106463596478,46.410067289805],[14.210524884287,46.4100755382577],[14.2104138101189,46.410102122382],[14.2103079901126,46.4101251438665],[14.2102206136291,46.4101500020675],[14.2101331825211,46.4101786385797],[14.2100272843186,46.410207057486],[14.2099293455586,46.4102337318776],[14.2098394974808,46.4102495756749],[14.2097735058176,46.4102527184941],[14.2096839474431,46.4102485007799],[14.2095996979915,46.4102369421195],[14.2093842517991,46.4101862390271],[14.2093082519861,46.4101528743872],[14.2092094255141,46.4100609610814],[14.2091733055929,46.4100042099112],[14.2091527380983,46.4099603420769],[14.2091321433522,46.4099273604649],[14.2089897691092,46.4099146795972],[14.2088652010714,46.4099299225836],[14.2087014086616,46.4099771933882],[14.2085694779925,46.4099708821876],[14.2083823937201,46.4099648188481],[14.2080948666557,46.4099876599455],[14.2078249265633,46.4100355439426],[14.2075456536832,46.4101081044809],[14.2073290681807,46.4101810988753],[14.20712194601,46.4102293266507],[14.206879287244,46.4102524757713],[14.2065013875458,46.4103181417346],[14.2062302750714,46.4104466272786],[14.2059680053547,46.4105751735774],[14.2056868351891,46.4106436677322],[14.205571703527,46.4106717484656],[14.2051397743909,46.4107494504856],[14.204797646672,46.4108414508551],[14.2043567302035,46.4108929960168],[14.2040052940436,46.4109898776201],[14.2039425577,46.41103739512],[14.2036967399035,46.4112236317523],[14.2035001538549,46.4113964452984],[14.2032179143986,46.4115825171784],[14.2028354773786,46.4117086894506],[14.2023900059463,46.4118936212993],[14.2020844276047,46.412074129364],[14.2019424687838,46.4122288774351],[14.2019321572169,46.4124007387939],[14.2019443161608,46.4126372656928],[14.2017963811534,46.4126576461544],[14.2013052770855,46.4127777465042],[14.2010092980083,46.4128347894505],[14.2006127300656,46.4128588291824],[14.2002325546566,46.4128292698939],[14.1997679498568,46.4127292116137],[14.1992953059504,46.4126452898159],[14.1989446452931,46.4127233574783],[14.1985476565384,46.4127849947017],[14.1981275691405,46.4128250556413],[14.1978226813082,46.4129571531021],[14.1974538586031,46.4132178185338],[14.1970313243989,46.4134243033836],[14.1966886960014,46.4134863158326],[14.1963148510052,46.4135481078737],[14.1957212166467,46.4137748881896],[14.1953157008614,46.4138848582507],[14.1948945767466,46.4139946270166],[14.194584056252,46.4139870422309],[14.1939370981199,46.4141329142683],[14.1940368151681,46.4142249369678],[14.194268578911,46.4143071835526],[14.1944379843529,46.4144104933212],[14.1944751354086,46.4145288860394],[14.1945194851381,46.4146796287893],[14.1940137961137,46.4148955933917],[14.194033459555,46.4149824633537],[14.1939828586279,46.4152560662974],[14.1938715867605,46.4154272152217],[14.193565485941,46.4156399061242],[14.1933219919799,46.4158235275896],[14.1930868168913,46.4159722087865],[14.1928221369645,46.416013346687],[14.1925743639605,46.4159577953127],[14.1923897445498,46.4158275642212],[14.1922675894069,46.4156869776077],[14.1920528374285,46.4154920244226],[14.1918531901827,46.4153401833759],[14.1916679404916,46.4152528624844],[14.1916071667395,46.4151665112489],[14.1915792842637,46.4149406686103],[14.1915032204851,46.4148327063201],[14.1913173092111,46.4147990924511],[14.1910213889228,46.4148507117344],[14.1905843727223,46.4149872533174],[14.1900827956798,46.415284472827],[14.1895340108291,46.4156243613715],[14.1889539433736,46.4159855283099],[14.1887788870229,46.4162636444094],[14.1886357128945,46.4164882741738],[14.1884466093289,46.4166695720197],[14.1882431418194,46.4167755524297],[14.1879630059444,46.4168057729339],[14.1874660256026,46.4167914464397],[14.1870159009908,46.4167667444341],[14.1865999717525,46.416717002234],[14.1860847684979,46.4166335329066],[14.1857910909013,46.4165859173789],[14.1856651115608,46.416703241318],[14.1856002177171,46.4168854188791],[14.1855043658219,46.4170673759082],[14.1853913033846,46.4173567247417],[14.1852490732372,46.4175168482701],[14.1850156691845,46.4175446953794],[14.1847988231163,46.4175002339739],[14.1845040330207,46.4174659228207],[14.1840878118415,46.4182902306135],[14.1837998117006,46.4188468008118],[14.1833226438796,46.4195954555055],[14.183144500062,46.4200775932911],[14.1827554766805,46.4211598548548],[14.1824062639789,46.4226936001029],[14.1823244255843,46.4229723724462],[14.1819252419369,46.4247313136748],[14.1817636748849,46.4251383524275],[14.1815218346568,46.4257275458191],[14.1811721948608,46.4262514582426],[14.1810244587615,46.4267768156443],[14.1807510270782,46.4273979903129],[14.1815594210619,46.4275888471601],[14.1812665045233,46.4277474371099],[14.1746370857733,46.431334575328],[14.1739571422207,46.433904788957],[14.1741316979375,46.4339063441597],[14.1741923687437,46.4338732888379],[14.1743011396455,46.4338743441362],[14.1743398965588,46.4338929778457],[14.1745123362638,46.433900250681],[14.1745557543413,46.4338773518062],[14.1745868572127,46.4338685792949],[14.1748387469441,46.4338969382169],[14.1748681045922,46.4339129022349],[14.17487798378,46.4339182743076],[14.1750146367201,46.4339342851798],[14.1750990983682,46.4339854576017],[14.1751236001118,46.4340002094784],[14.1751490553211,46.4339862677864],[14.1751802871055,46.4339689488905],[14.1752552676301,46.4339844246815],[14.1752890487297,46.4339706329723],[14.1753996461196,46.4340145261328],[14.17569124503,46.4340243657544],[14.1757113479041,46.4340029178452],[14.1757599725499,46.4340057874707],[14.175791385263,46.4340368735894],[14.1758122876869,46.4340228089675],[14.1758356866779,46.4340071428732],[14.1758680538671,46.4340094454392],[14.1758901515466,46.4340110442021],[14.1759250871186,46.434015614511],[14.1759667762319,46.4340469545716],[14.1760589999496,46.4340580555787],[14.1761043204574,46.4340297716214],[14.176124076329,46.4339795307296],[14.1761631349726,46.4339609184006],[14.176370685595,46.4339611537875],[14.1764530572292,46.4339956657002],[14.1764788048174,46.4339622922909],[14.1765581947413,46.433996062896],[14.1765741676611,46.4340155214624],[14.1765864210409,46.4340338732014],[14.1766334448753,46.4341043001048],[14.1766423777412,46.4341176787037],[14.176658985667,46.434123919901],[14.1766853372282,46.4341338227128],[14.1771697052771,46.4343133801137],[14.1774596350573,46.434598601456],[14.1775664822089,46.4346930286917],[14.1776551888821,46.434765012819],[14.1776558701031,46.4348581366858],[14.1776562720855,46.4348919683027],[14.177672190377,46.4349237522116],[14.1777911918552,46.4351618587688],[14.177999598488,46.4352612443026],[14.1780490980836,46.4353358253399],[14.1780300459249,46.4354432025647],[14.1780414357796,46.4355944340389],[14.1781105667877,46.4357395126841],[14.1781257021698,46.4357714708383],[14.1781472377126,46.4358018555249],[14.1781652016454,46.4358274461306],[14.178179690891,46.4359110424141],[14.1781720198667,46.4359279016487],[14.1782561572927,46.4359923849471],[14.1783301619946,46.436021077292],[14.1784159500222,46.4361056356401],[14.1784064380389,46.436296933485],[14.178468114973,46.4363406521324],[14.1784461605578,46.4363554294369],[14.1784591907014,46.436406266118],[14.1785327300029,46.4364399933056],[14.1785693325831,46.4364982868624],[14.1785065775142,46.4365869063822],[14.1785392985204,46.4366523696636],[14.1785484427778,46.4367020088097],[14.178534088289,46.4367219690089],[14.1785299071854,46.4367663841493],[14.1785293557477,46.436771889005],[14.1785265389099,46.4368000087295],[14.1785548846153,46.4368275632118],[14.1786165764789,46.4368876564191],[14.1785898080965,46.4369196734113],[14.1786210111032,46.4369129698354],[14.1786608585022,46.436893912477],[14.1787463127244,46.4369119203891],[14.1787704755208,46.4369170122422],[14.1789581568801,46.4369932148484],[14.1789579947326,46.4370040100822],[14.1789688441099,46.4370441246149],[14.1789803846015,46.4370630313166],[14.1789881496352,46.4370757527056],[14.1789992386142,46.4371085813867],[14.1790227377936,46.4371382602377],[14.1790538983782,46.437177710839],[14.1790201173441,46.437243416332],[14.1790472534504,46.4372215684882],[14.1791391401496,46.4372035143085],[14.1791901972207,46.4372031534006],[14.1792717625258,46.4372025767913],[14.1793205167528,46.437214352857],[14.1793591926664,46.4372386523791],[14.1793659477783,46.4372567848179],[14.1794107876146,46.437269252516],[14.1794337850275,46.4372890309836],[14.1794489234327,46.4373295361229],[14.1794425912343,46.4373612500907],[14.1794814843376,46.4373884301683],[14.1794840157789,46.4373993764923],[14.1794895498046,46.4374233064162],[14.1794924731022,46.4374886455916],[14.1794874610393,46.4375191094528],[14.1794718067985,46.4375389704716],[14.1794555338634,46.4375480306522],[14.1795020952598,46.4375585313263],[14.1795496309958,46.4375648103828],[14.1795929393602,46.4375752876822],[14.1796504221676,46.4375951335502],[14.1796980818444,46.4376105004012],[14.1797445150952,46.4376295472046],[14.1797419509654,46.4376356467716],[14.1797530894007,46.4376478726072],[14.1797804977727,46.4376685823403],[14.1798272453407,46.4376840325654],[14.1798497406762,46.4377112748545],[14.1798722052472,46.4377232220236],[14.1798995586128,46.4377302558979],[14.1799189566943,46.4377557665331],[14.1799280866614,46.4377717566875],[14.179945984819,46.4377844808266],[14.1799796610612,46.4377864317325],[14.1800023687435,46.4378255515496],[14.1800409243473,46.4378232188648],[14.1800637009105,46.4378577506949],[14.1800816935874,46.4378641775923],[14.1801140194898,46.4378607205794],[14.1801329851064,46.4378630158255],[14.1801765122405,46.4378762835404],[14.1802085724932,46.4379512784074],[14.1802266891972,46.4379667931376],[14.1802190080146,46.4380277377136],[14.1802299847336,46.4380507587384],[14.1802739826186,46.4380673586788],[14.1803205838566,46.4380578859718],[14.1803413998325,46.4380235766699],[14.1803486538587,46.438011675126],[14.1803603454886,46.437992492878],[14.1804021204739,46.4380097965973],[14.1804282462872,46.4380206002857],[14.1804358714539,46.4380675292824],[14.1804539504197,46.4381029270678],[14.1805330575484,46.4381387621661],[14.1805163942095,46.4382536477997],[14.18051462471,46.4382658476098],[14.1805235067718,46.4382983904115],[14.1805904668029,46.4383371974051],[14.1806153690954,46.4383515011119],[14.1806437004879,46.4383627704026],[14.180653270367,46.4383667976445],[14.1807873897344,46.438422460197],[14.1808404907742,46.4384482120922],[14.1809016689709,46.4384560278224],[14.1809334019579,46.4384747889108],[14.181053950073,46.4384721433887],[14.1811693006749,46.4384776477916],[14.1812671237119,46.4384977816705],[14.1813546790813,46.438517032237],[14.1813851533417,46.4385242680349],[14.1814133508178,46.4385358060857],[14.1814957190686,46.4385712140073],[14.1815444534503,46.4385409730096],[14.1816779987459,46.4385046811121],[14.1817181144064,46.4385111760805],[14.1818646067621,46.4385141135336],[14.1818844467175,46.4385275710182],[14.1819494199268,46.4385166096153],[14.1819827225393,46.4384913863314],[14.1821341128965,46.4384105064745],[14.182270069215,46.438352188488],[14.1823162611474,46.438343971621],[14.1823270654128,46.4383176876727],[14.1824095048171,46.4382700531743],[14.1824454024313,46.4382540252428],[14.1824949194442,46.4382236094939],[14.1825380401372,46.438194497552],[14.1825606555858,46.4381790044321],[14.1825931274248,46.4381831952082],[14.1826980619268,46.4381977105857],[14.1827533219724,46.438227075821],[14.1827686513964,46.4382549860832],[14.1828002860627,46.4382629495562],[14.1828237612291,46.4382508813862],[14.1829550415551,46.4382615361306],[14.1830177093316,46.4382409740095],[14.1830685582165,46.4382242897853],[14.1831245775863,46.4382619956293],[14.1831352984402,46.4382692116751],[14.1831729519441,46.4382924229589],[14.1832086589901,46.4383152604485],[14.1832469954412,46.4383363173064],[14.1834027494004,46.4384248803617],[14.183538465282,46.4384871188915],[14.1835338914357,46.4385145270735],[14.1835823662361,46.4385190117569],[14.1836259009444,46.4384970099885],[14.1836581717339,46.438500781991],[14.183768544362,46.4385136829297],[14.1838367894292,46.4385537567702],[14.1839553846502,46.4386370622028],[14.1841103363417,46.4387459051262],[14.1842007140479,46.4387854168854],[14.1842694268892,46.4387810575435],[14.1843498649588,46.4387759542656],[14.1843851622164,46.438808865097],[14.1844818937136,46.4388324972667],[14.1844701344353,46.4387920169039],[14.1846030634485,46.4388580130291],[14.1845937962284,46.4388772904927],[14.1846516900716,46.4388959671614],[14.1848400062116,46.4390265964201],[14.1848620996996,46.4390528067835],[14.184894482111,46.4390912232438],[14.1849289575525,46.4391007358625],[14.1849736660436,46.4391134703471],[14.1856381982796,46.4392682741945],[14.1856663957092,46.4392799011639],[14.185774509018,46.4393258358574],[14.185775852373,46.4393579646898],[14.1858482366548,46.4393649578548],[14.1858617205877,46.4393858369024],[14.1858971163467,46.4393772718227],[14.1859599891687,46.4393762798536],[14.1860050764885,46.4394597330012],[14.1861193314997,46.4394865474848],[14.1861993811326,46.4395381300969],[14.1862689760834,46.4395751531047],[14.1863660209117,46.4395953670479],[14.1864204494626,46.4395584167447],[14.186447242103,46.439550779961],[14.1865223805098,46.4395913510766],[14.1866101282961,46.439597913221],[14.1866878346398,46.4396408417098],[14.1867377809379,46.4396427263906],[14.1867974555921,46.4396730207545],[14.1868409908625,46.439677199021],[14.1869099598782,46.439712597728],[14.1869201308817,46.4397375017419],[14.1870291610707,46.4397481735501],[14.1870388708201,46.4397078460743],[14.1870559443373,46.4397061680436],[14.1871039023199,46.4397017405352],[14.1871073960059,46.4396992191972],[14.1871379747053,46.4396771510173],[14.1871557346166,46.4396643215789],[14.1871794186935,46.4397169423836],[14.1871791597842,46.4397473569952],[14.1871783733228,46.4398397439088],[14.1871927670803,46.4398519921505],[14.1872368002969,46.439857703294],[14.1872890869907,46.4399035096918],[14.1873277689437,46.4399102624108],[14.1874217146727,46.4399639222468],[14.1874475312103,46.4399956851218],[14.187477101855,46.4400375512947],[14.1874962240892,46.4400381370021],[14.1875181936212,46.4400222784383],[14.1875281088087,46.440020639451],[14.1875594212607,46.4400153737355],[14.1875772296728,46.4400343039609],[14.1876194915535,46.4400803988698],[14.1876348239783,46.4401083084901],[14.1876558807554,46.4401363487396],[14.1876756924191,46.4401606014042],[14.1877503971681,46.4401604122519],[14.1877635665013,46.4401762505216],[14.1877763009074,46.4402125988432],[14.1878220538133,46.4402339767408],[14.1878533543299,46.4402295205895],[14.187911434417,46.4402708693448],[14.1879338389953,46.4402870430833],[14.1879661863975,46.4402909615376],[14.1879820341087,46.4402929634316],[14.1880048518489,46.4402896763306],[14.1880475060432,46.4402835315962],[14.1880961132124,46.4403250744569],[14.1881030230057,46.4403309800106],[14.1881099651576,46.4403717856689],[14.1881363413635,46.4403746720146],[14.1881842870077,46.4403798707472],[14.1882312846284,46.4403700377538],[14.1882819392191,46.4403593309981],[14.188416425352,46.4402859703127],[14.1885036545751,46.4402398949183],[14.1885419621709,46.4402192937133],[14.1887866521717,46.4403160386501],[14.188791284437,46.4403178701356],[14.1888386106817,46.4403476175368],[14.1892762423454,46.4406226929957],[14.1893266475175,46.4406543751212],[14.1893346136175,46.4406876304878],[14.1893401318999,46.4407104319924],[14.1893133053278,46.4407993120433],[14.1892726466079,46.4408292537084],[14.1892647286988,46.4408453921615],[14.1892531458936,46.4409155765494],[14.1892871916001,46.4409629621355],[14.1892906600249,46.4410537663611],[14.1892776029168,46.4410741869387],[14.1892577556391,46.4411049059175],[14.1892616796793,46.441138672451],[14.1892656964905,46.4411749587992],[14.1892978291966,46.4412548099543],[14.1893157333538,46.4412673527196],[14.1893410905545,46.441321424439],[14.1893510547332,46.4413428179366],[14.1893725372444,46.4413597945828],[14.1894476277106,46.4414191428077],[14.18948303715,46.4414471288204],[14.1894978063354,46.4414566150025],[14.1895070850585,46.4414625746823],[14.189557680641,46.4414950719495],[14.1895814008702,46.4415103549855],[14.1896114648396,46.4415191151664],[14.1896924614221,46.4415423615026],[14.1897443581322,46.4415357115471],[14.1898054611009,46.4415489201674],[14.1898632651331,46.4415915255429],[14.1899039099294,46.4415976615028],[14.1899515685576,46.4416047468272],[14.1899990541245,46.4415971658125],[14.1901175143859,46.4415777615435],[14.1902347363762,46.4415453027487],[14.1902799554411,46.4415325772847],[14.1902919050938,46.4415348010535],[14.1903271983444,46.4415413689373],[14.1903754823225,46.4415501679406],[14.190417224176,46.4415525327487],[14.1905112712631,46.4416085299623],[14.1905302892734,46.4416337661762],[14.1905179182342,46.4416693966619],[14.1905233940228,46.4416775327111],[14.1905436347795,46.4417080858011],[14.1905666176751,46.4417380285063],[14.1906099000426,46.4417945660246],[14.1906205574259,46.4418216983913],[14.1906564302026,46.4419130257975],[14.1907116193146,46.4419360391665],[14.1907121792895,46.4419362726708],[14.1907373245599,46.4419485345598],[14.190754303047,46.4419568139764],[14.1907616234115,46.441963433578],[14.1907814042149,46.441981117675],[14.1908137714805,46.4419837758839],[14.1908462702146,46.4419863450439],[14.190889141567,46.4420091408363],[14.1909092156804,46.4420076929174],[14.1909618412992,46.442003897085],[14.1909807125792,46.4420214847433],[14.190990366603,46.4420356218311],[14.1910088648693,46.4420627101629],[14.1910313829539,46.4420713266205],[14.1910740913847,46.4420875533887],[14.1911150748157,46.4421060171874],[14.1911793372406,46.4421344523296],[14.1912162788401,46.4421465165268],[14.1912424142129,46.4421550516719],[14.1912865835315,46.442169309354],[14.1912775008194,46.4422026239545],[14.1912666198557,46.4422431234285],[14.191236071648,46.4423110146039],[14.191232725441,46.4423436500087],[14.1912492581893,46.4424049464479],[14.1912339768811,46.4424349782926],[14.1912093744615,46.4424440712022],[14.1911944349391,46.4424598002469],[14.1911991613776,46.4424834057831],[14.1912037789867,46.4425055710311],[14.1912189707978,46.4425255618133],[14.1912668527822,46.4425879796453],[14.191250908463,46.4426628118038],[14.1912632144035,46.4426931287077],[14.1912764020172,46.4427254311823],[14.191277461769,46.4427593573211],[14.1912786450011,46.4427937341823],[14.1912516334255,46.4428073085581],[14.1911344802236,46.4428261834246],[14.1911290035334,46.4428356814963],[14.1910458502259,46.4428524575249],[14.1910147834223,46.4428586256298],[14.1909959390615,46.4430150399133],[14.1910279687117,46.4430405480209],[14.1910857286629,46.4430863013996],[14.191142977196,46.4431050601694],[14.1911612748092,46.4430998813586],[14.1911602220358,46.4431270448149],[14.1911125513107,46.4432525755048],[14.1911403960558,46.4433322158426],[14.1911482737836,46.443353954298],[14.1911409201887,46.4433759449068],[14.1911287894383,46.4434129266955],[14.1911019035739,46.4434619500524],[14.1910837408411,46.4435107651938],[14.1910388527368,46.4435449961118],[14.1910259054666,46.4435755842522],[14.1910234471399,46.4435833942412],[14.1910130693062,46.4436162498021],[14.191015041198,46.4436500924207],[14.1910281840856,46.4438557730607],[14.1910303635437,46.4438898805256],[14.1910605481772,46.4439081779798],[14.1910973152788,46.4439302107488],[14.1919060428324,46.4430964192472],[14.1922169787644,46.4425147113936],[14.192320579488,46.4425057263625],[14.1924538866652,46.4424152583517],[14.1924861188239,46.4424182750123],[14.1925437697555,46.4424185920982],[14.1926002214571,46.4424296071047],[14.1926420502639,46.4424437577684],[14.1926764855348,46.442438602669],[14.1926975448434,46.4424314637702],[14.1927230114469,46.4424255255866],[14.1927389051385,46.4424244681686],[14.1928094367446,46.4424250559809],[14.1928224728633,46.4424148014541],[14.1928716119733,46.4424098400447],[14.1929428301595,46.4423991863849],[14.1929667299481,46.4423671458238],[14.1930316006976,46.4423544679788],[14.1930629299189,46.4423481212376],[14.1930827117399,46.4423305367473],[14.1931076405085,46.4423081301944],[14.1931675567385,46.4423048641533],[14.1931794879735,46.4422812862477],[14.193243212603,46.4422580737202],[14.1933062958182,46.4422694950387],[14.1933371336172,46.442243531321],[14.1933805957533,46.4422352007643],[14.1934291888921,46.4422319446922],[14.1934605127165,46.4422347747323],[14.1934927488109,46.4422375212274],[14.1935077460254,46.4422178336142],[14.1935640102649,46.4421428973605],[14.1935731950422,46.4421306644738],[14.193649707595,46.442117279106],[14.1936948063269,46.4421093893524],[14.1937350827155,46.4421052647848],[14.1937900045031,46.4421052920924],[14.1938158667209,46.4421166306725],[14.1938397848128,46.4421185986742],[14.1938911091104,46.4420978175301],[14.1939047784694,46.4420975540005],[14.1939324969739,46.4420977493723],[14.1939650330838,46.4420977987524],[14.1939975599068,46.4420984778469],[14.194027877109,46.4420989614202],[14.194037387858,46.4421247598341],[14.1940796362695,46.4421281165434],[14.1941282572685,46.4421317880519],[14.1941769326577,46.4421317711576],[14.194269865515,46.4421312563318],[14.1944170598708,46.4421137594769],[14.1944491377778,46.4421095769069],[14.1944816566601,46.4421107956271],[14.1945136616379,46.4421115608691],[14.1945132265544,46.4421322508785],[14.1945316618192,46.442135349727],[14.1945600465136,46.4421168359024],[14.1945938362502,46.4421201328484],[14.1947147415426,46.4421820738148],[14.1947417473624,46.4421953096054],[14.1948580751066,46.442143946103],[14.1948457977686,46.4421115604783],[14.1948361618068,46.4420854013707],[14.1948335688027,46.4420052199455],[14.1949300463115,46.4418965857333],[14.1949471854667,46.4418551402956],[14.1949365908617,46.441832213363],[14.1949364148699,46.4418088199526],[14.1949476362615,46.4417891955393],[14.195010715462,46.4417213524161],[14.1949697760363,46.4416998313466],[14.1949735050667,46.4416675584046],[14.1949773880767,46.4416336670882],[14.1952878276849,46.4414541127187],[14.1954229830168,46.4411757071218],[14.195777103135,46.4410610570983],[14.1963949158388,46.4411662562615],[14.1966415568538,46.4411297518814],[14.1972735993016,46.4412764324045],[14.1974276794037,46.4411708994761],[14.1976483385374,46.4411665997507],[14.1977274154228,46.4410282409893],[14.1977717222935,46.4410420472842],[14.1977895774381,46.4410491901842],[14.1978159888413,46.4410497353259],[14.1978299729072,46.4410368777487],[14.1978439613526,46.4409971192006],[14.1978806074728,46.4409919780407],[14.1979419611837,46.4409704556908],[14.1979587646966,46.4409162317169],[14.1979729910356,46.4408957283795],[14.1980047496225,46.4408955012481],[14.1980172435275,46.4408954988937],[14.1980486843205,46.4408903211769],[14.1982309694094,46.4408403164298],[14.1983322024396,46.4407883937097],[14.1983399949569,46.4407806209522],[14.1983592671896,46.4407621322747],[14.1983875258544,46.4407520737845],[14.198425852073,46.440738846935],[14.1984849160718,46.4407314335193],[14.1984843686867,46.4407421361014],[14.1984843365473,46.4407532021743],[14.1984968457765,46.4407610272564],[14.1985153071986,46.4407623262488],[14.1985517240331,46.4407639310096],[14.1985733362983,46.4407633627055],[14.1986328324139,46.4407886113163],[14.1986598569767,46.4408005867373],[14.1986785580202,46.4407944198805],[14.1986894758242,46.440795396078],[14.1987224855438,46.4407985963699],[14.1987455587256,46.4408137830019],[14.1987572911772,46.4408213327034],[14.1987926230655,46.4408348058133],[14.198918765318,46.4408503545673],[14.1989410550427,46.4408390845209],[14.199046223356,46.4407761224358],[14.1990477751495,46.4407590390225],[14.1990293849069,46.4407528822399],[14.1989994974088,46.4407408868542],[14.1989841265538,46.440732951814],[14.1989952865484,46.4407262822369],[14.199022265796,46.4407235921608],[14.1990596370413,46.4407222344376],[14.1990936823268,46.4406991706633],[14.1991385082809,46.4406864389431],[14.1991392392493,46.4406854629925],[14.1991519151081,46.4406685388469],[14.1992089930674,46.4406545433467],[14.199256539136,46.440660454397],[14.1992881770262,46.4406506892543],[14.1993194027906,46.4406246366649],[14.1993517348128,46.4405763692452],[14.1994525894036,46.4405146361627],[14.1995160929573,46.4405150806732],[14.1995368473089,46.4405375384779],[14.1996412876333,46.4405508652276],[14.1996489341635,46.4405797091103],[14.1997818381201,46.4406222952049],[14.1998246113162,46.4406287776605],[14.1999741545002,46.4406514414138],[14.2000408967786,46.4406618049785],[14.2000744823236,46.4406612301721],[14.200109301135,46.4406475283759],[14.2001562438372,46.4406591029358],[14.2001873672309,46.4406666981373],[14.2002192821425,46.4406646720862],[14.2002806342121,46.4406609625104],[14.2004063310044,46.4406713782245],[14.2005316874585,46.440678372565],[14.2005720503311,46.4406771252307],[14.2006014731485,46.4406675241807],[14.2006551665252,46.4406179661891],[14.200657365832,46.4406010672194],[14.200676298141,46.4405790669493],[14.2006958623197,46.4405850517322],[14.200730738593,46.4405852055135],[14.2007643605007,46.4406177396829],[14.2007852309653,46.440650094761],[14.2009247401748,46.4406504398321],[14.2009461314207,46.4406649844788],[14.2009718170615,46.4406706521052],[14.2009905663964,46.4406700633416],[14.2010207554557,46.4406614572061],[14.2010427174056,46.4406458659047],[14.2011006662342,46.4406523886822],[14.2011689374326,46.4406650115164],[14.2012025138022,46.4406561590836],[14.2012725266859,46.4406653751649],[14.2013890370128,46.4406186847211],[14.2014112249274,46.440623248185],[14.2014292802105,46.4406167164894],[14.2014276437129,46.4405951122856],[14.2014551025293,46.4405595859698],[14.2015121705829,46.4405373120199],[14.2016240471359,46.4405227082382],[14.2016569594727,46.4404969366944],[14.2018766646484,46.4404151580644],[14.2018931978151,46.4404237306168],[14.2019210150226,46.4403814589465],[14.2019455422479,46.4403505904889],[14.2020253315914,46.4403497977027],[14.202056750797,46.4403549652724],[14.2020627153314,46.4403208183243],[14.2021912407108,46.4402622448949],[14.2022186581571,46.4402295071726],[14.2022166820465,46.4401954847625],[14.2022155762707,46.4401731645116],[14.202242565464,46.4401608469649],[14.2022882826378,46.4401404727842],[14.202321690153,46.4401253209509],[14.2023525321328,46.4401254460986],[14.202404877134,46.4401324689504],[14.2024264984752,46.440140177213],[14.2024442574367,46.4401182584359],[14.2024916069353,46.4400930371824],[14.2025152027093,46.4401081367295],[14.2025595646394,46.4401538808725],[14.2026747974658,46.4401500058844],[14.2026981485928,46.4401551170282],[14.202719541889,46.4401338533352],[14.2027385495357,46.4401155420139],[14.2027692296677,46.4401089181778],[14.2029773105031,46.4400654735464],[14.2030041808893,46.4400434382417],[14.2030029895272,46.4400269654457],[14.2031322470572,46.439980541997],[14.2031362715946,46.4399722928077],[14.2031502829927,46.4399574554309],[14.2031740320505,46.4399531224098],[14.203197054394,46.4399540025752],[14.2032147912836,46.439951427055],[14.2032178823127,46.4399357938262],[14.2032285050811,46.4399212927104],[14.2032459633413,46.4399199748228],[14.2032645642149,46.4399295512521],[14.2032965297341,46.4399240158683],[14.2032901423089,46.4399068770874],[14.2033138506843,46.439905332821],[14.2033343189483,46.4399028662796],[14.2033666459854,46.4398993127326],[14.2033883637503,46.4398825496695],[14.2034242760312,46.4398651657132],[14.2035120061041,46.4398552502686],[14.2034952843558,46.4398328212696],[14.2035057598594,46.439819488711],[14.2035347034905,46.4398159115523],[14.2035617706123,46.4398250070756],[14.2035998138425,46.4398489340939],[14.2036154935243,46.4398446347572],[14.203721989738,46.4397436203396],[14.2037254019129,46.4397416647595],[14.2037513691866,46.4397279901921],[14.2037818524059,46.4397348602001],[14.2038213126706,46.4397597866797],[14.2038857010131,46.4397530373309],[14.2040616221641,46.4397640685547],[14.2041207070731,46.4397372188724],[14.2041894582168,46.4397615393341],[14.2042146542291,46.43977054675],[14.2042187179624,46.4397719995083],[14.2042509911687,46.4397721341031],[14.2042874258717,46.4397724775834],[14.2043979847752,46.4398124736559],[14.204408253973,46.4398758839136],[14.2044284203636,46.4398886796726],[14.2044787902577,46.4399206397888],[14.2045148977356,46.4399434733977],[14.2045632703869,46.4399462390449],[14.2046091732096,46.4399488075543],[14.204634870415,46.4399268536769],[14.2046279277464,46.439885239294],[14.2046621291061,46.4398601956078],[14.2047256725577,46.4398578484359],[14.2048532971575,46.4398340841038],[14.2048921018785,46.4398146504895],[14.2049185802531,46.4398016090001],[14.2049242400694,46.4397793358106],[14.2049583753767,46.4396514559662],[14.2050303984708,46.4395582079916],[14.2051139070044,46.4395074156313],[14.2051385869339,46.4394927421318],[14.2051674969699,46.4394825065525],[14.2052249174692,46.4394626623845],[14.2055040046301,46.4394940217462],[14.205552207584,46.439499484894],[14.2055990543525,46.4395087173375],[14.2056425269597,46.4395172965357],[14.2058477299019,46.4395372554796],[14.2059582917463,46.4395412620997],[14.2059826727523,46.4395381924617],[14.206031560964,46.439532323956],[14.2060785745602,46.4395390382035],[14.2061567601248,46.4395500174602],[14.2062306159473,46.4395454917865],[14.2062726183121,46.4395298586336],[14.2063060628356,46.4395479047907],[14.2063664553589,46.4395474242076],[14.2064248921937,46.4395202989274],[14.2065352633829,46.439537439274],[14.2066062389727,46.4395161589704],[14.2066313289332,46.4394911414536],[14.2067056642511,46.4394715038539],[14.2067332213536,46.4394468633078],[14.2067634110168,46.4394201717068],[14.2067992688304,46.4393974780873],[14.2068074124738,46.4393923163148],[14.2068495050138,46.4393674367276],[14.2068990366369,46.4393381600814],[14.2069905695084,46.4393441030454],[14.2070117988419,46.4393555143512],[14.2070967175167,46.4394011602088],[14.2072171444727,46.4393979464454],[14.2072441716641,46.439373931892],[14.2073024591477,46.439357061698],[14.2073358445689,46.4393612517777],[14.2074153366391,46.4393718793501],[14.2074472854551,46.4393764193206],[14.2074786569422,46.4393310219784],[14.2075109755605,46.439328007021],[14.2075870793905,46.4393215071364],[14.2076639501822,46.439314941694],[14.2077111682579,46.4393165284021],[14.2078348148338,46.4393425765157],[14.207847652896,46.4393547214097],[14.2078468349365,46.4393617382134],[14.2078443833001,46.4393827693757],[14.2079538120246,46.4394200550859],[14.2080361049946,46.4394170261979],[14.2080652334169,46.4393955633845],[14.2080707014109,46.4393915343776],[14.2081581425025,46.4393745057442],[14.2082726374763,46.4394034590256],[14.208327664106,46.4394320005409],[14.20835105456,46.4394344117056],[14.208400527933,46.4394330447334],[14.2084521739372,46.4394613828487],[14.2084907825814,46.4394823431464],[14.2085295318049,46.4395025846446],[14.208531727048,46.439503769446],[14.2085707666514,46.4395129466406],[14.2085778306863,46.439555371354],[14.2085793618701,46.4395844422313],[14.2086119929776,46.4396677102687],[14.2086251995316,46.439681387113],[14.2086340025611,46.439693593966],[14.2087049493129,46.439746177456],[14.2087465631464,46.4397483547487],[14.2087520744765,46.4397583334907],[14.2087615276404,46.4397754492561],[14.2087730633197,46.439796671995],[14.2088056189644,46.43979527777],[14.2089790547069,46.4397892799206],[14.208987371168,46.439799144163],[14.2089859005618,46.4398198270698],[14.2090619543569,46.4398253014299],[14.2091169416474,46.4398206433954],[14.209133524071,46.4397988953834],[14.2091354492465,46.4397912527656],[14.2091429130301,46.4397616228001],[14.2091790029478,46.4397588133908],[14.2092119619069,46.4397745161213],[14.2092027903572,46.4397967652391],[14.209204460178,46.4397971783926],[14.2093715010811,46.4398385081421],[14.2094629856275,46.4398388706574],[14.2094832050723,46.4398445885571],[14.2095287020913,46.4398572289159],[14.2095702053703,46.439840061615],[14.2096090891334,46.4398240458038],[14.2096528383305,46.4397955577867],[14.2097219443273,46.4397595075656],[14.2097901069514,46.4397436940132],[14.2098308658539,46.4397419962981],[14.2098885376693,46.4397496823179],[14.209941776113,46.4397669644615],[14.2100523576147,46.4397156357658],[14.2100721992378,46.4396844632898],[14.2101358006698,46.4396690678757],[14.210197086783,46.4396337730868],[14.2102633009436,46.4396086788953],[14.2103165790469,46.4395871841082],[14.2103587378775,46.4395786581585],[14.210377507551,46.4395766284779],[14.2104094357805,46.4395736100059],[14.2104416502539,46.4395687941031],[14.2104978265243,46.4395628840345],[14.2106790145112,46.4395607158604],[14.210720480197,46.439573147982],[14.2107655752073,46.439586594804],[14.2107703641116,46.4395861337368],[14.210813533892,46.4395819774181],[14.2108384247794,46.4395796300227],[14.2108715321806,46.43958507673],[14.2108901342934,46.4395946519271],[14.2109838831351,46.4396544989584],[14.2110326546147,46.4396747187825],[14.211046672144,46.4396773346431],[14.2110689212606,46.4396686710794],[14.2110894493963,46.4396800589287],[14.2111038809712,46.4396900551707],[14.2111094588933,46.4397093472079],[14.2111067856112,46.4397186088282],[14.2111027462883,46.4397326031089],[14.2110988053359,46.4397531790318],[14.2111275747597,46.4397706517075],[14.211173047143,46.4397760036799],[14.211224808563,46.4397784300036],[14.2112378483289,46.4398037115128],[14.2112776372435,46.4398241391884],[14.2113086848424,46.4398280420746],[14.2113535186538,46.4398415768325],[14.2114153065687,46.4398436223626],[14.2114395079691,46.4398439691792],[14.2114689946543,46.4398297773084],[14.2115532033211,46.4398202812648],[14.211603690078,46.4398281129634],[14.2116594217425,46.4398367582436],[14.2117013303034,46.4398185133245],[14.2117459585696,46.4398011868348],[14.2118347703774,46.4398334683464],[14.2118519818678,46.4398763226666],[14.2118764427071,46.4398890061509],[14.2119001646048,46.439901306467],[14.2119693855181,46.4399294042213],[14.2120608270479,46.4399508173186],[14.2121201733338,46.4399416893776],[14.2122099012206,46.4399646200382],[14.2122608686564,46.4399589431323],[14.212266587389,46.4399504353825],[14.2122922400536,46.4399313585163],[14.2123263386182,46.4399222365047],[14.2123539646667,46.4399091168912],[14.2123799335282,46.4398967842641],[14.2124261835324,46.4399114079932],[14.2124814599286,46.4399137679842],[14.2124959695918,46.4399183663936],[14.2125153036275,46.4399313652219],[14.2125485607308,46.4399535468753],[14.2125740158085,46.4399843119103],[14.2125892264488,46.4400034902581],[14.2125152260413,46.440144503379],[14.2125034334596,46.4401861682091],[14.2124946644456,46.4402166975909],[14.2125453116947,46.4402513248671],[14.2126078626391,46.4403630483081],[14.2126384800777,46.4403697369377],[14.2126369947486,46.4403825024365],[14.2126094571898,46.4404149719153],[14.2126355483807,46.4405913125983],[14.2126408037028,46.44062400785],[14.2126861680963,46.4406369159466],[14.2127454176517,46.4406526187053],[14.2128938259932,46.4407218373983],[14.2128975570435,46.4407248320835],[14.2129302618698,46.4407492590687],[14.2129261233147,46.4407835990833],[14.2129177697525,46.4408575868087],[14.2129203417341,46.4408868447227],[14.2129502678511,46.4409234884819],[14.2129426733224,46.4409628430256],[14.2129523547633,46.440977394805],[14.2129748455354,46.440979079072],[14.213017221054,46.4410097805044],[14.2130388591114,46.4410254941927],[14.213044386035,46.441048384575],[14.2130464519072,46.4410585653873],[14.2130983938312,46.441093741141],[14.2132477061668,46.4412630120952],[14.2133063958728,46.4413176676672],[14.2133231609586,46.4413373964246],[14.2133371233484,46.4413619642743],[14.2133507186593,46.4413849101393],[14.2133597832916,46.4414152023688],[14.2133656703625,46.4414492514758],[14.213359762075,46.4414647086514],[14.2133514703481,46.4414864013307],[14.2133181174448,46.4415250388945],[14.2132851730229,46.4415624196801],[14.2132781749385,46.4415874731346],[14.213292737408,46.4417602254972],[14.2132909634334,46.4417749683529],[14.2132660540982,46.4418237406084],[14.2132868968244,46.4418676093455],[14.2133435309641,46.4419023674108],[14.2133896993999,46.4419137512675],[14.2134174989006,46.441935445272],[14.2135055886794,46.4419458578271],[14.2135849912617,46.4419630482876],[14.213682060375,46.4419735224522],[14.2136997288514,46.441975713239],[14.2137522384773,46.4419986566905],[14.2138056103294,46.4419978540001],[14.2138280002056,46.4419846069654],[14.213833569613,46.4419813118078],[14.2138965445687,46.4420186323428],[14.2139335724113,46.4420592833258],[14.213969658728,46.4421382549881],[14.213991216387,46.4421658278402],[14.2140206496134,46.4422034737134],[14.2140293889915,46.4422082111328],[14.2140880900429,46.4422400316076],[14.2141092402896,46.442251496648],[14.2141400059235,46.4422570162828],[14.2141469504172,46.4422628220735],[14.2141670134461,46.4422795143901],[14.2141945228619,46.4422671076327],[14.2142047458157,46.442262139563],[14.2142329527443,46.4422645826164],[14.2142782559978,46.4422728112237],[14.2143660170091,46.442251821374],[14.214425607952,46.44226203744],[14.2144738343419,46.4422562806693],[14.2144790602224,46.4422556568561],[14.2145309977994,46.4422641108714],[14.2145778704747,46.4422718103198],[14.2146267262137,46.4422773640906],[14.2146363406837,46.4422785097543],[14.2146475895962,46.4422927122711],[14.2146456784899,46.4424619324553],[14.2146866634179,46.4425442664092],[14.2147275600421,46.4425602919559],[14.2147427626827,46.4425891866974],[14.2147612222494,46.4426540917419],[14.2147370932937,46.4426757887415],[14.214745309117,46.4426927594869],[14.2147549008599,46.4427136083827],[14.2147563931562,46.4427365609422],[14.2147579733861,46.4427896758237],[14.2147648185065,46.4430197539188],[14.2148003609224,46.4430280052682],[14.2149216786963,46.4429814240361],[14.2149541287008,46.4429603239376],[14.2149907398768,46.4429847771375],[14.2150887898028,46.4430086623449],[14.2151339197413,46.443019948397],[14.2151688444281,46.443044030086],[14.2152238573368,46.4430830946384],[14.2152841923842,46.4431050114412],[14.2153528927542,46.443151637345],[14.2154611185683,46.4431285378178],[14.21547672268,46.4431113706503],[14.2155220681502,46.4431167200175],[14.2155753977346,46.4431008012761],[14.215626718634,46.4431250852554],[14.2156717715799,46.4431326818031],[14.2156940554695,46.4431488492607],[14.2158105663458,46.4431651230447],[14.2158288255495,46.4431624591807],[14.215859742896,46.4431574529195],[14.2158821049804,46.443140961822],[14.2158860529754,46.4431379299159],[14.2160437726814,46.4430759423179],[14.2161195495619,46.4430829395668],[14.216186015199,46.4430585634423],[14.2162035171011,46.4430361009614],[14.2163012851163,46.4430070809253],[14.2163433718564,46.44302185447],[14.2164394566202,46.443019453857],[14.2164422490922,46.442997160467],[14.2164542323823,46.442969261946],[14.2165020442318,46.4429569037623],[14.2165379081188,46.4429336673264],[14.2165922157938,46.4428676416043],[14.2166558885856,46.4428655585978],[14.2166595932043,46.4428431814798],[14.2166515885322,46.4427841963982],[14.216789787318,46.4427128971313],[14.2168439770219,46.4426732316468],[14.2168997745095,46.4426575990966],[14.2170117767862,46.442570645363],[14.2170511460998,46.4425570595392],[14.2170897319074,46.4425530003972],[14.2171161881721,46.4425502172484],[14.2171640265548,46.4425450565574],[14.2172130567603,46.4425475514419],[14.2172622931272,46.4425538264502],[14.2174019493686,46.4425806035592],[14.2174888184416,46.4426400382606],[14.217647562767,46.4427062624993],[14.2176889603341,46.4427237299304],[14.2177052933202,46.4427556010134],[14.2177507275418,46.44284626759],[14.2177800753731,46.4429048326908],[14.2177902493762,46.4429214567302],[14.2177780618713,46.4429454852907],[14.2177643990726,46.4429725627338],[14.2178245740926,46.4430057233325],[14.2178388208957,46.4430105891725],[14.2178683409286,46.442975882762],[14.2178786423248,46.4429745136949],[14.217963690271,46.4430066747126],[14.218048325363,46.4429949275585],[14.2180793686944,46.4429901914682],[14.21810928741,46.4430003826754],[14.2181340264069,46.443008739066],[14.2181751621847,46.4429899466817],[14.2181773873784,46.4429890621953],[14.2182096411705,46.4430179830676],[14.2182239677984,46.4430172712747],[14.2182662633702,46.4430083834691],[14.2183125106398,46.4429961937737],[14.2183403880267,46.4429853180234],[14.218360081498,46.4430006575277],[14.2184628358983,46.4430233124166],[14.2185121744698,46.4430224799665],[14.2185396354793,46.4430043137649],[14.2185652612809,46.4430234725033],[14.218656138048,46.4429756896392],[14.2186778397716,46.4429689102269],[14.2186435349047,46.4429559901061],[14.2186483070518,46.4429408178059],[14.2187471861947,46.4429341157929],[14.2187941724524,46.4429066360767],[14.218885145334,46.4428976306912],[14.2188922257034,46.4429029885309],[14.2189168194825,46.4429215990636],[14.2189588993119,46.442900473629],[14.2189843412127,46.4428869719631],[14.2190121101304,46.4428745658208],[14.2190290288605,46.4428655044325],[14.21907585136,46.4428403626982],[14.2191320246644,46.4428257212941],[14.2191531986269,46.4428740897052],[14.2191405602796,46.4428841700061],[14.2191077780706,46.4429013103502],[14.2190991815986,46.4429473162139],[14.21912294807,46.4429599843026],[14.2191475486788,46.4430235810147],[14.2191821477217,46.4430432507309],[14.2191931087862,46.4430776940478],[14.2191825304191,46.4430802309502],[14.2191397391242,46.4430964932371],[14.219110260962,46.4431283212255],[14.2191063124759,46.4431496171178],[14.2190956700745,46.4431533749924],[14.2190810661783,46.443158531684],[14.2190731628234,46.4431651354852],[14.219082390011,46.4431751851447],[14.2191215425283,46.4431852169823],[14.219130369811,46.4431874787467],[14.2191842632837,46.4432087728633],[14.2191977972813,46.4432141203414],[14.219198127931,46.4432365250897],[14.2192371318594,46.4432394005015],[14.2192856268224,46.4432429704805],[14.2193280329182,46.4432263456306],[14.2193309409165,46.4432232165366],[14.2193699000974,46.44320188971],[14.2193898342269,46.4432004063182],[14.2194099306162,46.4431966747843],[14.2194271832571,46.4431915742898],[14.2194336846167,46.4431828915888],[14.2194374325349,46.443175629612],[14.2194172519156,46.4431670347072],[14.2193969505166,46.4431668961398],[14.2193934840008,46.4431544566403],[14.2194059584614,46.443137627455],[14.2194295566019,46.4431256425933],[14.2194544278357,46.4431156457522],[14.219483088452,46.4431045951296],[14.2194843235547,46.4430910181125],[14.2194836605644,46.4430736494076],[14.2194588657125,46.4430600746771],[14.2194581217849,46.4430483735199],[14.2194651981817,46.4430176521293],[14.2194548918616,46.4429920303519],[14.2194660726075,46.4429746525109],[14.2194857722443,46.4429440172716],[14.2195279267669,46.442926760841],[14.219577933135,46.4429064990014],[14.2195371157453,46.4428848076317],[14.2195240115571,46.4428454913493],[14.219530797542,46.4428351011576],[14.2195191430806,46.4428309729787],[14.2195439269437,46.4427997426371],[14.2195715189215,46.4427814871112],[14.219583360784,46.442708692342],[14.2196786928794,46.4426586898203],[14.2196722584898,46.4426353437259],[14.219650719269,46.4426398751897],[14.2195906261336,46.4426100449936],[14.2195894322932,46.4425933924243],[14.2196233220502,46.4425715810666],[14.2196717449954,46.4425619248229],[14.2196819316172,46.4425321243368],[14.2196928100078,46.4424994495342],[14.2197368814767,46.4424846352909],[14.2198203150652,46.4424566840538],[14.2198566780877,46.4424530634095],[14.2199032074818,46.442430168582],[14.2201845088978,46.4423627202865],[14.2202543612416,46.4423744428008],[14.2202874292229,46.4423645916335],[14.2203052549466,46.4423375422685],[14.2204219675267,46.4423487744197],[14.2204752876785,46.4422968653859],[14.2205116437905,46.4422663434992],[14.2205757278017,46.4422809955064],[14.2205989521476,46.4422769252018],[14.2206863186772,46.4422286669481],[14.2207243579802,46.4422078732079],[14.2207693206429,46.4421944141867],[14.2208984453768,46.4421566068809],[14.2209547329577,46.4421156041906],[14.2210384474359,46.4420861244896],[14.2210415719675,46.4420677919204],[14.2211278024723,46.4420352703157],[14.221149627895,46.4420380280812],[14.2211607111249,46.442036574073],[14.2211824031366,46.4419938961445],[14.2212034034941,46.4419906203004],[14.221252907186,46.4420055325181],[14.221274565236,46.4419926343644],[14.2213192229861,46.4419548811882],[14.2213392571847,46.4419372035631],[14.2213528854864,46.4419580793901],[14.221371218549,46.4419867246551],[14.2214246364599,46.4419826798073],[14.2214743719006,46.4419447811991],[14.2215023738469,46.44194335236],[14.221647802165,46.4419761015883],[14.2216866206526,46.4419736666819],[14.2217353357563,46.4419708492616],[14.2217651329941,46.4419438811352],[14.2217767334099,46.4419335235706],[14.2217906801385,46.4418772073719],[14.2217730080372,46.4418661107944],[14.2217665331293,46.4418455536052],[14.2217689183433,46.441833423905],[14.2217955225785,46.4418204693405],[14.221818292193,46.4418208941869],[14.2218520225273,46.4418193243008],[14.2218918445571,46.441801241397],[14.221916063342,46.4418278573136],[14.2219262342906,46.4418264869943],[14.2219587561951,46.4417818132913],[14.22197489714,46.441772476265],[14.2219936180816,46.4417098946289],[14.2219545784427,46.441700452113],[14.2219820293683,46.4416462970674],[14.2220601354654,46.4415901473828],[14.2220620229732,46.4415594292931],[14.2220640312863,46.4415267451281],[14.2220725498074,46.4415043106067],[14.2220985748485,46.4414863137188],[14.2221684501035,46.4414597980286],[14.222172979085,46.4414607928518],[14.2222487593157,46.441477438489],[14.2222791858149,46.441433650141],[14.2223703157012,46.4414133968167],[14.2224477592957,46.4413488751629],[14.2225358517528,46.441258514527],[14.2225535582703,46.4412397412249],[14.222563752913,46.4412183976987],[14.2226099938956,46.441114976771],[14.2226630647262,46.4410895161558],[14.2226979835204,46.441059253709],[14.2227290747086,46.4410327439719],[14.2227604094997,46.4410074054901],[14.2227715973825,46.4409985745073],[14.2228529386604,46.4409710566826],[14.2228714711356,46.440967403882],[14.222869245161,46.4409592014974],[14.2228868158802,46.4409499640268],[14.2231260739544,46.4409462813388],[14.2231874712613,46.4409301439384],[14.2232474637596,46.4408754898573],[14.2232775173587,46.4408487030136],[14.2232785185888,46.4408148811404],[14.2233068257228,46.4407827742045],[14.2233811359901,46.4407829189744],[14.2234233392489,46.4407437087843],[14.223439502833,46.4406777806506],[14.2234350169597,46.4406362740763],[14.2234882917749,46.4406330370218],[14.2235786689341,46.4405923544594],[14.2237200252021,46.4405634440489],[14.2238252765915,46.440455924663],[14.2238449020302,46.4403936187597],[14.2238557787724,46.4403608535698],[14.22382314864,46.4403216751569],[14.2236443764708,46.4401353036804],[14.2236802997951,46.4397410295763],[14.2237098307585,46.4397143290364],[14.2237388271227,46.4396886145288],[14.2237850891881,46.439629278492],[14.2238580485754,46.4396053018527],[14.2240190196783,46.4394962710401],[14.2240433635039,46.4394407448502],[14.2240583018687,46.4394152047857],[14.2240131721673,46.4393764814309],[14.2240704701603,46.4393281065148],[14.2240759920045,46.4393058314444],[14.2241067429777,46.4393123379702],[14.2241463047321,46.4392940725695],[14.2241460787803,46.4392091394517],[14.2241465550877,46.4391755839103],[14.2241898444667,46.4391605826991],[14.2242187431594,46.4391508820475],[14.2243611997113,46.4390349774086],[14.2243699287193,46.439006786061],[14.2243993190043,46.4389349194944],[14.2244227898934,46.4388399804802],[14.2244131657532,46.4388212014713],[14.2243944760564,46.4388084789334],[14.2243538957708,46.4387885003032],[14.2243493466106,46.4387697557088],[14.224330022999,46.4387466823215],[14.2243490791343,46.4387244090616],[14.2243644138349,46.4387075987233],[14.224391104093,46.4386792592786],[14.2244250201405,46.4386552873863],[14.2244412809297,46.4386465806097],[14.2244876303667,46.4386268316315],[14.2245277986199,46.4386299830481],[14.2245618075894,46.438626974734],[14.2245887680747,46.4386162711772],[14.2246107238928,46.4385822314757],[14.2246433435121,46.4385854216412],[14.2247141502561,46.4385479343716],[14.224784704306,46.4385099055256],[14.2248025150593,46.4384744881405],[14.2248045779712,46.4384483208797],[14.2247760395709,46.4384234756766],[14.2247608391012,46.4384033093471],[14.2247811285779,46.4383858127799],[14.2248548002936,46.4383206341094],[14.2248970363142,46.4383064352185],[14.2249070572085,46.4382238207845],[14.2249566400286,46.4381503814899],[14.2249467134773,46.4381345694815],[14.2249028229395,46.4381094403244],[14.2249678115906,46.4381059220912],[14.2250501539929,46.438071661734],[14.225115903611,46.4379410210795],[14.225178739861,46.4379332595563],[14.2251873687998,46.4379120851171],[14.2251952349485,46.437907999794],[14.2252348208237,46.4378879347781],[14.2252825127971,46.4378835794271],[14.2252834249456,46.4378834956363],[14.2252981940708,46.4378790072183],[14.2253246233446,46.4378690196479],[14.2253620798933,46.4378430921194],[14.2253903243304,46.4378152128146],[14.2254402739453,46.4377801029765],[14.2254540031079,46.4377571636611],[14.225499140899,46.437749372064],[14.225549794422,46.4377013112761],[14.2255700294936,46.4376600621392],[14.2256037733568,46.4376297908333],[14.2256253317845,46.4376237288871],[14.2256628725393,46.437619394611],[14.2256948332421,46.4376139429033],[14.2256949160745,46.4376080954191],[14.2256959106264,46.4375746333413],[14.2257141836305,46.4375432675854],[14.2257377647855,46.4375046502],[14.2257222692256,46.4373858749587],[14.2257161478837,46.4373586625969],[14.2257109987231,46.4373363151929],[14.2257188529899,46.4373146856171],[14.2257254940886,46.4372960168347],[14.2257540835237,46.4372529348556],[14.2258039650188,46.4372317697335],[14.2258332733264,46.4372298088583],[14.2258833533431,46.4371854328037],[14.2259032580067,46.4371674835798],[14.225906825756,46.4371452851564],[14.2259106919673,46.437120389655],[14.2258744481209,46.4370791180366],[14.2258521645828,46.4370445087127],[14.2260094062397,46.4369131372682],[14.2260300851277,46.436895643111],[14.2260525666103,46.436879510698],[14.2260675585036,46.4368684558825],[14.2261066381017,46.4367921559264],[14.2261531386303,46.4367799647652],[14.2262046490867,46.4367264213125],[14.2263146185265,46.4367168187865],[14.2263465379056,46.4366682710169],[14.2263703947779,46.4366652834562],[14.2263724777222,46.4365640813665],[14.2263543885211,46.4365273412322],[14.2263585289835,46.4364646601937],[14.2264280916936,46.4364228448787],[14.2264941547489,46.4363708392476],[14.226526389591,46.4363459556535],[14.2265743696391,46.4363395324032],[14.226629904338,46.4363326204011],[14.226673614279,46.4362784841632],[14.2267189040222,46.4362782505862],[14.2267531006739,46.4361790650196],[14.2267741760949,46.4361703004916],[14.2268250809022,46.4361226906761],[14.2268148000434,46.4360859134318],[14.2268084781893,46.4360636481141],[14.2268207432041,46.4360429479781],[14.2268247447934,46.436036047346],[14.2268523830858,46.4360141015909],[14.2268678673171,46.4359774085626],[14.2269542163535,46.4359171725957],[14.2269846223145,46.4358835494234],[14.227035918509,46.4358726498966],[14.2270724175132,46.4358498642766],[14.227111702303,46.4358509395084],[14.227148877088,46.4358816005807],[14.2271826120419,46.435897843204],[14.227231768193,46.4359002446801],[14.227242541919,46.4358837630091],[14.2272514283422,46.435825882408],[14.2272808914013,46.4358221228085],[14.2272912264479,46.4357814362522],[14.2272971225622,46.435750976277],[14.2273473839713,46.435739619769],[14.227424345294,46.4356990234392],[14.227428927415,46.4356694542796],[14.2274531114159,46.4356617002953],[14.2274874184825,46.435665080991],[14.227518631554,46.4356848153087],[14.227557610384,46.4356154418487],[14.2275227404628,46.4356058494453],[14.2275111928076,46.4355758114503],[14.2275161831082,46.4355726062401],[14.2275399546301,46.4355572020051],[14.2275723594225,46.4355570609984],[14.2276486233196,46.4355565864052],[14.2277304859684,46.4355282588833],[14.2277556622378,46.435542374234],[14.2278055772101,46.4355463100771],[14.2278131193145,46.4355282770418],[14.2279321196892,46.4355055983241],[14.227954606391,46.4354890157195],[14.2279805130203,46.4354698470685],[14.2279959743265,46.4354715709003],[14.2280151561303,46.4354402109015],[14.2280849819134,46.4353273324963],[14.2280911969617,46.4353172853983],[14.2281614895318,46.4352917390413],[14.2281631382505,46.4352911398484],[14.2281850762338,46.4352949766748],[14.228244820222,46.4353216510894],[14.2282881867089,46.4353008907626],[14.2283427933959,46.435304318211],[14.2284364390299,46.4352616744945],[14.2285007278623,46.4352245007686],[14.2285374714742,46.4351935290631],[14.2285661749785,46.4351882345192],[14.2285713720999,46.4351888093961],[14.2286037322443,46.4351918167446],[14.228629429684,46.4351782246722],[14.2286821124794,46.435150309484],[14.2286949852003,46.4351434885694],[14.2287577285151,46.4351405689839],[14.2288030646634,46.435138459371],[14.2288546387378,46.4351908097819],[14.2288823522102,46.435218797367],[14.2288929671705,46.4351858499663],[14.2289086046054,46.4351381813555],[14.2289244813659,46.4351012207809],[14.2289950402923,46.4350900003998],[14.2290370253473,46.4350933424241],[14.2290510097135,46.4350336966446],[14.2290704701816,46.4350194326378],[14.2291732216016,46.4350230942587],[14.2292182341112,46.4350147605274],[14.2292606559625,46.4349778888415],[14.229356433451,46.4349685476229],[14.2293514633544,46.4348134059175],[14.2293508708504,46.4347908194641],[14.2293832650452,46.4347913976328],[14.2295760738915,46.4347944960878],[14.2295678235237,46.4347427977484],[14.2298025042753,46.4347295334519],[14.2298495189065,46.4346899034082],[14.2299153025083,46.4346943050741],[14.2299640546889,46.4346976023562],[14.2300120202311,46.4346920772648],[14.2301138141674,46.4346805266705],[14.2300996544403,46.4345494350773],[14.2300964824757,46.4345159448957],[14.2301310402198,46.434492245527],[14.2302571633638,46.4344070832093],[14.2302883879085,46.4343982963724],[14.2303162934267,46.4343664548773],[14.2303628132414,46.4342972211703],[14.2304354495516,46.4342677499761],[14.2305140464547,46.4342585620851],[14.2305037770627,46.4342300624764],[14.2305220211938,46.4342282058928],[14.2305664589041,46.4342329134084],[14.230598943652,46.4342362809113],[14.2306002998465,46.4342138875127],[14.2306058680692,46.4341418590271],[14.230648537838,46.4341242420637],[14.2306492990116,46.4340609083237],[14.2306685176208,46.4339990482998],[14.2306838870238,46.4339795382366],[14.2308077963904,46.433931338073],[14.2308294472099,46.4339370618313],[14.2308532117763,46.4339312836447],[14.2308760807168,46.4339244197901],[14.2308636053128,46.4339047224337],[14.2308570514277,46.4338618526473],[14.230875041522,46.4338595444489],[14.2309236656765,46.4338533936143],[14.2309699907709,46.4338441683198],[14.2310473731363,46.4338287639663],[14.2310730771357,46.4338053646591],[14.2311372810901,46.4337924807668],[14.2311907860846,46.4338001280391],[14.2312685503621,46.4338223335535],[14.2313145708708,46.4338162550212],[14.2313597847745,46.4337749927883],[14.2313922523907,46.4337332849925],[14.2314887653324,46.4337084720942],[14.2316305124424,46.4337057357744],[14.2316811100374,46.4336610007561],[14.2317791159302,46.4336317891137],[14.2318746530991,46.4336300916193],[14.2319212319694,46.4335470528569],[14.231930310138,46.4335308686649],[14.2319821324076,46.4335286075681],[14.2319868493717,46.4335310904878],[14.2320813363596,46.4335808265437],[14.2321156563254,46.4335832162696],[14.2321333799281,46.4335257544864],[14.232235278623,46.4335250890738],[14.2322434202976,46.4335013016876],[14.2322775507386,46.4334986517737],[14.2323042671659,46.4335143059566],[14.2323673803291,46.4335234566962],[14.2323720139207,46.4335178196894],[14.2323884247609,46.4334982264164],[14.2324133410886,46.4335123390017],[14.2324319335988,46.4335227203688],[14.2325290925933,46.4335259815619],[14.2325471165705,46.4335119772304],[14.2326584554643,46.4335062465021],[14.2326632785428,46.4335056490738],[14.2326780167859,46.4334939618948],[14.2327004786237,46.4334975314612],[14.2327218085072,46.4334890374515],[14.2327334012585,46.4334789486212],[14.2327330739751,46.4334651810185],[14.232733020878,46.4334596924935],[14.232753859467,46.433467659688],[14.2327674937134,46.4334697304977],[14.2327810445588,46.4334684718571],[14.2327887932759,46.4334633955516],[14.2327886176336,46.4334573663846],[14.2327740497872,46.4334476418657],[14.2327673558842,46.4334433756577],[14.2327579281482,46.4334373671009],[14.2327505342802,46.4334264311285],[14.232754915098,46.4334109856823],[14.2327853846607,46.4334188375441],[14.2328120544857,46.4334378201852],[14.2328158039735,46.4334410897173],[14.2328332658335,46.4334563163536],[14.2328865081829,46.4334826748269],[14.2329018643199,46.433491864799],[14.2329140585814,46.4335038226301],[14.2329388713377,46.4335067781287],[14.2329545658707,46.4335011253168],[14.2329574926575,46.4334872895704],[14.2329567988493,46.4334625431724],[14.2329963724726,46.4334521921338],[14.2330167547737,46.4334370339352],[14.2330393531567,46.433449421409],[14.233056019166,46.4334487234472],[14.2330978602332,46.4334344289004],[14.2331520017154,46.4334338022855],[14.2332133821074,46.4334644437645],[14.2332377210895,46.4334640671323],[14.2332706501518,46.4334635681467],[14.2333027922183,46.4334635137254],[14.2334299254412,46.4334635562406],[14.2334878091311,46.433483737616],[14.233575573397,46.4334888243209],[14.2336227362269,46.433466198039],[14.2337058695502,46.4334767417792],[14.2336995339586,46.4335109778888],[14.2338253560652,46.4335117309388],[14.2339831830149,46.4334850774451],[14.2339947629292,46.4334758881009],[14.2340270014832,46.4334503726182],[14.2340745903215,46.4334437636596],[14.2341730296471,46.4334299377347],[14.2341940773103,46.4334137041423],[14.2342259212895,46.4333791889631],[14.2342377805948,46.4333779188232],[14.234349929983,46.4333700325956],[14.2343505372565,46.4334288770279],[14.2343977867911,46.4334372006797],[14.2345082371642,46.4333647944474],[14.2345464769139,46.4333660400714],[14.2346179635314,46.4333254922152],[14.2346656508219,46.4333211329189],[14.2347158229113,46.4332879998367],[14.2347530464732,46.4332781722838],[14.234763940386,46.4332714974306],[14.2347946754374,46.4332232092651],[14.2348231485691,46.4332156623589],[14.2351578164238,46.4331610400435],[14.2352278330989,46.4330952903789],[14.2352629536647,46.4330789506387],[14.2352814031975,46.4330703670394],[14.2353811509823,46.4330466521254],[14.2353898176585,46.4330469254854],[14.2355295589952,46.4330513330461]]]},"properties":{"fill-opacity":0,"stroke-opacity":1,"stroke":"#ff0000","lov":"0221","lov_naziv":"LPN KOZOROG KAMNIK","luo":"02","luo_naziv":"Gorenjsko","povrsina":42629.46},"id":"pregledovalniklovisca.1"}]}