<?xml version="1.0" encoding="utf-8" ?>
<kml xmlns="http://www.opengis.net/kml/2.2">
<Document id="root_doc">
<Schema name="pregledovalniklovisca" id="pregledovalniklovisca">
	<SimpleField name="lov" type="string"></SimpleField>
	<SimpleField name="lov_naziv" type="string"></SimpleField>
	<SimpleField name="luo" type="string"></SimpleField>
	<SimpleField name="luo_naziv" type="string"></SimpleField>
	<SimpleField name="povrsina" type="float"></SimpleField>
</Schema>
<Folder><name>pregledovalniklovisca</name>
  <Placemark id="pregledovalniklovisca.1">
	<Style><LineStyle><color>ff0000ff</color></LineStyle><PolyStyle><fill>0</fill></PolyStyle></Style>
	<ExtendedData><SchemaData schemaUrl="#pregledovalniklovisca">
		<SimpleData name="lov">0214</SimpleData>
		<SimpleData name="lov_naziv">SELCA</SimpleData>
		<SimpleData name="luo">02</SimpleData>
		<SimpleData name="luo_naziv">Gorenjsko</SimpleData>
		<SimpleData name="povrsina">8134.19</SimpleData>
	</SchemaData></ExtendedData>
      <MultiGeometry><Polygon><outerBoundaryIs><LinearRing><coordinates>14.281953541061,46.2142525851091 14.281562259947,46.214252196173 14.2808848028243,46.2142916637542 14.2797294727939,46.2141433122324 14.279185557497,46.2141990864614 14.2786532944511,46.2143448149986 14.2783781831253,46.2142225144569 14.2779555786891,46.214120065619 14.2774447557656,46.2138463782192 14.2770585991805,46.2138013794717 14.2767227127039,46.2138169796266 14.2760696994775,46.2137027188857 14.2759339057595,46.2136705481604 14.2755377682128,46.2136455451144 14.2752238715892,46.2135758055268 14.2749360679095,46.2135620140547 14.2747432126326,46.2135719474153 14.2739653800378,46.21367524805 14.2733984169079,46.2137194217531 14.2728662683927,46.2137280046931 14.2723538726718,46.2135461473086 14.271892484852,46.2133884554457 14.2713789925874,46.2132899920043 14.2709853495131,46.2132041670801 14.2707982365068,46.2130838489659 14.2707478903235,46.2130002124735 14.2706285451458,46.212939888726 14.2703716447599,46.2129025299503 14.2699436361425,46.2128576898971 14.2698835555981,46.2128632444422 14.269754919993,46.2128683610621 14.2696431533968,46.2128914900117 14.2695486517259,46.2129027627102 14.2694031458464,46.212889956411 14.2693178285011,46.2128536916991 14.2691212691992,46.2128107775294 14.2689074742846,46.2127677527976 14.2687793916648,46.2127312141827 14.2686166505227,46.2127182966383 14.2684537517768,46.2127172543394 14.268308088944,46.212716322127 14.2681195589119,46.2127032388117 14.2679995555851,46.2127024704775 14.2679310808641,46.2126960037879 14.2678714737311,46.2126659308495 14.2677866041943,46.212605824915 14.267761447711,46.212558067867 14.2677285002891,46.2124626649896 14.2676615561452,46.2123313248868 14.2676117408568,46.2122179092098 14.2674755315389,46.2121396593871 14.2673221080151,46.2120792037795 14.2671087924824,46.2120004593127 14.2670495037111,46.211946545034 14.267016032119,46.2118809197723 14.2669660099686,46.2117734407218 14.266941459368,46.2116899679335 14.2669079880571,46.211624342639 14.266865410786,46.2116002266462 14.2667628034851,46.2115876920845 14.2666427235907,46.2115928600775 14.2664967761003,46.2116038002174 14.2663767752116,46.2116030301938 14.2663083799294,46.2115907147692 14.2662403812605,46.2115486206549 14.2662151475138,46.2115068010053 14.2661736504325,46.2114113427823 14.2661663950054,46.2113041378889 14.2661331335265,46.2112325754649 14.2660911117402,46.2111668050621 14.2659888516555,46.2111185525919 14.2659031930374,46.2111180025681 14.265774322618,46.2111410179077 14.2656624008346,46.2111759284902 14.2655424009001,46.2111751575962 14.2654740350676,46.211150965371 14.2653806967521,46.2110848649729 14.2653470693215,46.2110311146997 14.2653138102698,46.2109594620756 14.2652891329354,46.2108759881047 14.2652299263364,46.2108161351533 14.265127191295,46.2108035982997 14.2650755861916,46.2108151430461 14.2649978460471,46.2108622391826 14.2649372907224,46.2109035075197 14.2648940787152,46.210927072614 14.264833999802,46.2109326245166 14.2647913146739,46.2109264117623 14.2647401067709,46.2109081777134 14.2647151914112,46.210842606795 14.2647764611256,46.2107478089904 14.264872707704,46.2106055501671 14.2649689525817,46.210463381222 14.2650733033525,46.2103450172858 14.26518641521,46.2102207713211 14.2652311333878,46.210084209179 14.2652582996009,46.2099712871921 14.2652339107227,46.2098759385568 14.2651063136539,46.2098036794745 14.2649179528338,46.2097787154623 14.2647809298061,46.2097718960593 14.2646866714668,46.2097652615953 14.2646270692764,46.2097351869791 14.2646022061035,46.209675464631 14.2645602653679,46.2096038458947 14.2644587252955,46.2095019725081 14.264305153882,46.2094533883597 14.2640908988179,46.2094460710769 14.263988166599,46.2094335332133 14.2638944351454,46.2093972102548 14.2637840255286,46.2093191221125 14.2636479875179,46.2092289922931 14.2634947350548,46.20915665612 14.2633070940866,46.2090780699179 14.263187974577,46.20901180156 14.2631370866013,46.2089698158597 14.2630698889028,46.2088682525556 14.2629938212422,46.2087903850151 14.262952043314,46.2087068002579 14.2629533959123,46.2086056788265 14.2630240151596,46.2084513797809 14.2630682595352,46.2083505348463 14.263112901973,46.2082199112463 14.2631491809901,46.2080653907538 14.2631420613923,46.2079581864787 14.2631261500198,46.2078688302493 14.2631012379149,46.2078032589641 14.2630501128803,46.2077790864324 14.2629815642673,46.2077786445144 14.2628264861055,46.207843145285 14.2626282275159,46.207919243828 14.2624392885954,46.2079477162239 14.2622042587563,46.2079825488873 14.2620311735361,46.2079980767742 14.2619031066198,46.2079615305178 14.2618523001298,46.2079136065148 14.2618662567822,46.2078488257684 14.2618671329023,46.2077834207207 14.2618596169337,46.2077059950155 14.2618351553593,46.2076165833933 14.2617586421792,46.2075625551032 14.2616133922178,46.2075318358018 14.26147632523,46.2075190738992 14.2613908326761,46.2075065550929 14.2613056881646,46.2074584089796 14.2612808283912,46.2073987758787 14.2612821852006,46.2072975644963 14.2612754673156,46.2071606714398 14.2612596684109,46.2070535009162 14.2612181035901,46.2069639786261 14.2611423108499,46.2068563303819 14.2610492238544,46.2067724132678 14.2609386630411,46.206706287832 14.260784972972,46.2066576981581 14.2606571502048,46.2066032473517 14.260521253583,46.2065131146773 14.2604362707397,46.2064530924532 14.2603938596838,46.2064170986006 14.2603944187384,46.2063754444953 14.2605067348228,46.2063106703994 14.2607820880673,46.2062351640361 14.2611520439689,46.2061303972778 14.2613677206615,46.2060306608169 14.2614630398678,46.2059479612059 14.2615333107419,46.2058293802351 14.2615690343729,46.205716514318 14.2615705497003,46.2056034274259 14.2614619847787,46.2053884992124 14.2612937456886,46.2051494322917 14.2611510545933,46.2049283449895 14.2629724680136,46.2044376904412 14.2653493822252,46.2037617236545 14.2656426362731,46.2036444829086 14.2657660814212,46.2033951494418 14.2660094805128,46.2031583726077 14.2662017543772,46.2028975140749 14.2665497696272,46.2025304960562 14.2668963561867,46.2022705363097 14.2671073096307,46.2018906710312 14.2672973416482,46.2014078314768 14.2672154708071,46.201308695689 14.2669854556866,46.2011734303566 14.266727019202,46.2009344226866 14.266587221046,46.2006606360617 14.2664154377902,46.2004925428963 14.2660161454409,46.2001669747704 14.2658652332111,46.1998232963661 14.265866048478,46.1997912710072 14.2658713383274,46.1995984016185 14.2657971392248,46.1994684531082 14.265622608248,46.1992444674676 14.2653429896069,46.1989042801579 14.2652228478574,46.1987606299319 14.2651099873635,46.1986540055331 14.2649933808655,46.1985368300243 14.2648980780888,46.1982504610651 14.2647231915172,46.1979371279195 14.2645794719949,46.1975603836504 14.2644215165373,46.1974058723895 14.2642713932539,46.1972276582772 14.2641407286952,46.1970283354448 14.2639297070347,46.1968212971824 14.2638174040497,46.196692811466 14.2636516315906,46.1965515648726 14.2636425633245,46.196376867637 14.2637412141337,46.1961208082583 14.263726657606,46.1957846629529 14.2640824301195,46.1957952313937 14.2644428414968,46.1958077180221 14.2647745450464,46.1957966257353 14.2650228268559,46.1957453177924 14.2651337591426,46.1957142702643 14.2652297458332,46.195667201231 14.2652650054209,46.1955880711024 14.2652596065026,46.1954293228879 14.2652453696996,46.1953504144663 14.2652418882663,46.1952908295331 14.2652338534316,46.1952520892194 14.2650901182749,46.1949836735979 14.2649632129427,46.1947843757943 14.2648027898723,46.1945239501157 14.2646761326135,46.1943062089704 14.26454568461,46.1940910525246 14.2643779791634,46.1938717873076 14.2641974145125,46.193596835334 14.2638346711909,46.1931099916497 14.2636164914066,46.1928968783267 14.2634017155557,46.1927103287514 14.2631905461832,46.1925448558559 14.2628353944689,46.1923150227252 14.2624423016214,46.1920743267951 14.2620788759956,46.1918920339997 14.2618328522504,46.191766101953 14.2616490209065,46.1916881671778 14.2615015682937,46.1916025494386 14.2613770814479,46.191514380687 14.2612073033612,46.1913836314545 14.2610627293053,46.1912186749289 14.2609225042543,46.191019286398 14.260749326685,46.1908620622195 14.260561397513,46.190664973968 14.2604642018599,46.1905320838435 14.2604603925775,46.1902462126567 14.2605086746308,46.1900560506022 14.2605413871693,46.1898869316377 14.2605466391224,46.1894953099124 14.2605954184377,46.1892679918556 14.2606209845203,46.1890617574356 14.2606701165613,46.1888080793014 14.2608819929774,46.1883489637177 14.2611144523665,46.1880647098064 14.2614148667155,46.1878231821584 14.2617072107257,46.1876133623325 14.2620302633035,46.1873932130674 14.2622380870496,46.187235750791 14.2623470068997,46.1871215571693 14.2625855620045,46.1868939330569 14.2626862806156,46.1867729381675 14.2627257787912,46.1866672937727 14.2626665263643,46.1865451770715 14.2625691322423,46.1864175958148 14.2624424322704,46.1862050700802 14.2623087986256,46.1859395948594 14.2621746005217,46.1857164035135 14.2619929924166,46.1853963640392 14.2619342547163,46.1853037616626 14.2617992744636,46.1851392277255 14.26169386852,46.1850105142662 14.2616292528719,46.1848925911207 14.261516852691,46.1847542051167 14.2613059427447,46.1845623678404 14.2610352212845,46.1842906966538 14.2607494191384,46.1840136188324 14.2605992375644,46.183843316781 14.2605019124988,46.1837209526277 14.2603830225344,46.1834873311751 14.2604795044528,46.1831122246176 14.2605701099326,46.1827502161258 14.260666234663,46.1824015593671 14.2607843736916,46.1821112579536 14.2609170148644,46.1818792632569 14.2610799510998,46.1816579911707 14.2612423184518,46.1814790928604 14.2613736091784,46.1813476796714 14.2615438168596,46.181163523125 14.2612695084768,46.1811511338654 14.2610470613452,46.1811447475588 14.2608178302355,46.181103317115 14.2602584640824,46.1810398660985 14.2598002035209,46.1809421572011 14.2595787003734,46.1808558773437 14.2592650877577,46.180674257737 14.2589654778056,46.1803375230806 14.2585500887643,46.1800864116549 14.2583712410653,46.1799204193107 14.2582190748076,46.1797834814425 14.2580469493775,46.1796282390962 14.2578765485325,46.179575937826 14.2572313273518,46.179377673499 14.2571283271126,46.1791873391955 14.2570366966171,46.1790184025062 14.2546895941655,46.1781157109157 14.254115386839,46.177725347705 14.2538443477154,46.1771087869464 14.253596916555,46.1769303728119 14.2533820679541,46.176775384228 14.2533138121772,46.1765839237074 14.2531613268077,46.176156451028 14.2529702981149,46.1756200376878 14.2529105145234,46.1755969735469 14.2528517913932,46.1755051761943 14.2526533303053,46.1751640471836 14.2522076022351,46.1746623165094 14.2512912237883,46.1744568458586 14.2499305673057,46.1741885308589 14.2490719824444,46.1739534602545 14.2480848368439,46.1736775891621 14.2466120725496,46.1732090247558 14.2461316345631,46.1726272344623 14.2456935112319,46.1721055540437 14.2455957498809,46.1719053465084 14.245471294178,46.1715453487475 14.245533708441,46.1711765972233 14.2455818762539,46.1708078415948 14.2454567414389,46.1704976848919 14.2451437723775,46.1702861590236 14.2441419281954,46.1700401179596 14.2433993874948,46.1697258748204 14.2427566473373,46.1694722107314 14.2424999632303,46.1693408574228 14.2422313729978,46.1690298363524 14.2419764743816,46.1687687510676 14.2416932434014,46.1684775158848 14.2412512163335,46.1682451488137 14.2406086407961,46.1679814865354 14.2402792717561,46.1679194652136 14.2396613276984,46.1679552151445 14.2391303156568,46.1679317976008 14.2388443433083,46.1678500867397 14.2385741298784,46.1676587117298 14.2382599735898,46.1675268760363 14.237828612815,46.1675739363569 14.2371642415112,46.1678488742828 14.236600613613,46.1681144940509 14.2360940595489,46.1684103638517 14.2355731344012,46.1686962381429 14.235097674717,46.168812813135 14.2346676851675,46.1687600894347 14.2341665322419,46.1686469646292 14.2336205802201,46.1686732670467 14.2330746370184,46.1686895797917 14.2325741731196,46.1685365041264 14.2320903049958,46.168224013677 14.2318198353419,46.1680525952299 14.2307810922541,46.1673672052581 14.2301733173428,46.1666647346816 14.229350785374,46.1659209546023 14.228640893862,46.165337542784 14.2282024363727,46.1648556508456 14.2279781814656,46.1644650882439 14.2275368038633,46.1641927237854 14.2268627919563,46.1641383213845 14.2262769922042,46.1639248979438 14.2250828680127,46.1635077864891 14.224795460502,46.1634391668941 14.22459919963,46.1633899694942 14.2243640267609,46.163299389529 14.2242466815175,46.1632369609193 14.2241400417638,46.163113062509 14.2240141080706,46.1629615908946 14.2238878225242,46.1628443969143 14.2237614080382,46.1627272019162 14.2235859875172,46.1625959078751 14.2234288984482,46.1625606505905 14.2232026074587,46.1625385989217 14.222996190489,46.1625029158457 14.2228488458084,46.1624745620378 14.2225742234318,46.1623905482002 14.2223385120015,46.1623479166328 14.2221512299541,46.1623603184526 14.2219241679259,46.162393053291 14.2216673940413,46.1624391714778 14.2214407515128,46.162451304121 14.221273631316,46.1624296516282 14.2211166407294,46.1623875537955 14.2209992681609,46.1623182836137 14.2209219007816,46.1622219338169 14.2208056248489,46.1620842005398 14.2206882849738,46.1620218582711 14.2205315869598,46.1619591575326 14.2203062031355,46.1618823120193 14.2200806904711,46.1618054651811 14.219845273469,46.1617423163544 14.219677672732,46.161754848444 14.2195093610439,46.1618084936471 14.2193015287641,46.161882382814 14.2191138607269,46.1619221291803 14.2188873806551,46.161913743751 14.2187498796251,46.1618854519187 14.2185240787217,46.1618291141579 14.2183184748628,46.1617455619057 14.2181711346812,46.1617172020924 14.2180330532885,46.1617299336673 14.217963107226,46.1618047635725 14.2178237646204,46.161906470759 14.2176447372288,46.1620216722239 14.2174570675591,46.1620614158585 14.2172006137689,46.1620939401003 14.216993425192,46.1621130351856 14.2168648914413,46.162146344868 14.216755195316,46.1622482538522 14.2166851173917,46.1623230820664 14.2165157645661,46.1624588621699 14.2163071167978,46.1625806065718 14.2160791104593,46.1626886317294 14.2157825816854,46.1627618162106 14.2154959881079,46.1628283200428 14.2152787927021,46.1628679474329 14.2151408050394,46.1628738381175 14.2150523094336,46.1628595543855 14.2149247466814,46.1628243981876 14.2147481771119,46.1627753190994 14.2145715105556,46.1627330771106 14.2144437537689,46.1627115951199 14.2142567287796,46.1626966336147 14.2140894160712,46.1626886453723 14.2138238658128,46.1626594671682 14.2136372629134,46.1626239934343 14.2134504666552,46.1626021041693 14.2133123807496,46.1626149199841 14.2132331412503,46.1626417267794 14.213183356281,46.1626824123443 14.2131726376745,46.1627439708921 14.2131719540504,46.1627919224347 14.2132506332461,46.162822605339 14.21333868218,46.1628409362313 14.2134469548623,46.1628485193377 14.2135849426155,46.1628426306986 14.2137818732951,46.1628439853561 14.213969190781,46.162838435532 14.2141462466284,46.1628533289716 14.2143622735189,46.1628958421438 14.2145367283053,46.1629661412057 14.2146952438546,46.1630282328213 14.2148716505737,46.1630979149603 14.2149989234438,46.1631534933663 14.2151166481565,46.1631884919542 14.2152539225285,46.1632237146069 14.2154116235924,46.1632247971333 14.2155000875944,46.1632322423305 14.2155987155888,46.1632260811291 14.2157666143964,46.1631929529766 14.2158854082603,46.1631527396841 14.215964616168,46.1631190028232 14.2160537922855,46.1630854242451 14.2161426445993,46.163065519454 14.2162410780346,46.1630730324413 14.2162890474759,46.163169183846 14.216238842211,46.163230471945 14.2161096255983,46.1633116423596 14.2159418237642,46.1633379336422 14.2157247250986,46.1633706345281 14.215468329159,46.1633894791998 14.2152616212577,46.163374384252 14.2150848564235,46.1633388904517 14.2148693148529,46.1632621018167 14.2146338655858,46.1631921040118 14.214427776043,46.1631427316363 14.2142306174442,46.1631482145641 14.2140331001445,46.1631879748528 14.2137661825643,46.1632546096313 14.2133909253013,46.1633273363462 14.2131640505638,46.1633462890186 14.212957472985,46.1633311908002 14.2127905180074,46.1632889229544 14.2126443484662,46.1631784176485 14.2125085393247,46.1630406313725 14.2123632504906,46.1628684994436 14.2122180282746,46.1626826917049 14.2121217779188,46.1625314115229 14.2120937890975,46.1624148819593 14.2121051263511,46.1623191375741 14.2121225516871,46.1622595148061 14.212175667848,46.1622031971466 14.2122648447446,46.1621696215243 14.212363829567,46.1621292753734 14.2124363669715,46.1621002636218 14.2124533977711,46.1620682601658 14.212493929439,46.1619863929517 14.2124957856156,46.1618563030276 14.2124775705397,46.1617535169588 14.2124393831466,46.1616711074043 14.2123229013054,46.161540292069 14.2121573504795,46.1614091384281 14.2120106333024,46.1613464947847 14.2118041293576,46.1613177188983 14.211607204217,46.1613163608681 14.2113605599207,46.1613420116511 14.2111630471001,46.1613817670209 14.2109161090607,46.1614279289403 14.210580806636,46.161459894007 14.2102062120882,46.1614778205601 14.2097926496365,46.1614681243471 14.2094873567288,46.1614660134767 14.2091525444443,46.1614636975645 14.2088662438792,46.1615096726929 14.2085794526353,46.161589833911 14.2083127338357,46.1616426912922 14.208135487367,46.161641463571 14.2079879566381,46.1616267653886 14.2077518675495,46.1616114532729 14.2075449722562,46.161610019143 14.2073070832108,46.1617110302983 14.207098742834,46.1618191739395 14.20695898737,46.1619482171887 14.2069182510476,46.1620437571057 14.2068565248878,46.1622212978256 14.2068142133784,46.1624264153602 14.2067323462642,46.1626448444811 14.2066414918363,46.1627948307648 14.2065111796549,46.1629512911445 14.2063418983755,46.16308021863 14.2061330591723,46.1632225472211 14.2058657385942,46.1633165129113 14.2056286277317,46.1633627316698 14.2054212635225,46.1634024086484 14.2052826828874,46.1634493115435 14.2051534485131,46.1635305594278 14.2050046318972,46.1636048329379 14.2048169467066,46.1636446456808 14.2045504115607,46.1636838194709 14.2042940106834,46.1637026390429 14.2040475806065,46.1637214374942 14.2038795452033,46.1637544575075 14.2037706790105,46.1637879794107 14.2035528117919,46.163882284146 14.203245400996,46.164016992596 14.2029676376881,46.1641519969149 14.2026896754635,46.164300675245 14.202539896161,46.1644501572408 14.2023794518741,46.1646476108318 14.202298027348,46.1648250115677 14.2022559639636,46.1650026869413 14.2022043188105,46.1651802954209 14.202192172969,46.1653307374375 14.2021711374594,46.1654332511467 14.2020714153926,46.165514701502 14.2018727614712,46.1656229031743 14.201515569784,46.1658052155782 14.2009099212422,46.1661364070152 14.2003738450024,46.1664201257021 14.2000759847573,46.1665823345047 14.1999565073327,46.166677320825 14.1998955478369,46.1668000687683 14.1998636436675,46.1669641382442 14.1998800497024,46.1671901781555 14.1999170614175,46.1673615680312 14.1999052061954,46.1674914976827 14.1998147520601,46.1676209671274 14.1997244667979,46.1677298336035 14.1996242410867,46.1678454684399 14.1995929318363,46.1679684237996 14.1996195092534,46.1681270543347 14.1996487312442,46.1682015775677 14.1996674202123,46.1682701787285 14.199735344586,46.1683459626183 14.199803240116,46.1684148182572 14.1999494952834,46.1685185924318 14.2000954549523,46.1686427884745 14.2001927053847,46.1687324533634 14.2002605015566,46.1688082360373 14.2003083488227,46.1689112312439 14.2003173972045,46.1689659988059 14.2002671002277,46.1690409552636 14.2001667728143,46.1691635178452 14.2000269824225,46.1692925522289 14.1999073694938,46.1693875375083 14.1998463063578,46.1695172126504 14.1998463798156,46.1696282412102 14.1999416729386,46.1697368771316 14.2000270342148,46.169860649089 14.2001449271343,46.1699915766214 14.2001518914813,46.1701901082097 14.2001796301646,46.1703134768335 14.2001488101617,46.1704741348607 14.1999789023189,46.1705721872782 14.1998668277097,46.1706472510062 14.1997405627971,46.1707006215005 14.1997000056946,46.1707824839042 14.1996992123015,46.1708371825938 14.1997083582367,46.1708852028126 14.1997571000312,46.170926572228 14.1998351363711,46.1709750746902 14.1999625110774,46.1710238324453 14.2001290524439,46.1710866301623 14.2002659705581,46.1711560584206 14.2003728689873,46.1712594666734 14.2004593898425,46.1714106884785 14.200507309635,46.171499918028 14.2005248105364,46.1716506570276 14.2005447093622,46.1718057315463 14.2005703490575,46.1719042525175 14.200637783776,46.1720142225414 14.2007349114695,46.172103886055 14.2008623187352,46.1721595710267 14.2010392026249,46.1721881595881 14.2011772148726,46.1721822860963 14.2013546928477,46.1721698501481 14.201502447759,46.1721708823603 14.2016305192881,46.1721717769104 14.2017287689545,46.1721929771508 14.2018758009894,46.1722350320047 14.2021309542954,46.1723052834767 14.2022979293908,46.1723474769839 14.2024347238804,46.1724169017633 14.2025226371054,46.1724723093165 14.2025610452265,46.1725478855463 14.2025389578468,46.172705096084 14.2024578487713,46.1728688228382 14.2023168653054,46.1730800878991 14.2020579464745,46.1732699255406 14.2018291464544,46.1734188547598 14.2015810863605,46.1735472248875 14.2014027119405,46.1736212871422 14.2012246048274,46.1736679089036 14.2011065012981,46.1736670835653 14.2008410045898,46.1736310376239 14.2005265957485,46.17357413491 14.200261695871,46.1734969736582 14.2000468007359,46.1733653675439 14.1999106018931,46.1732549159209 14.1997730827137,46.173226601197 14.199605542087,46.1732322662424 14.1994473156501,46.1732654383573 14.1991706209053,46.1733318805228 14.198844455662,46.1733980652853 14.1986468908395,46.1734377986065 14.1985385002916,46.1734370387049 14.1984406483424,46.1733883964318 14.1983627078975,46.1733331456577 14.1983341770419,46.1732644753224 14.1983352712171,46.1731891747163 14.1983369614936,46.1730728501221 14.198318242491,46.1729974105618 14.1982896125027,46.1729355775442 14.1981925566036,46.1728322364112 14.1980753808145,46.1727766202468 14.1979477055847,46.1727483723811 14.1978491581984,46.1727476808883 14.1975825729537,46.1727869280165 14.1973946536231,46.1728403129666 14.1970389937726,46.1729131235171 14.1967031162068,46.1729792339503 14.1965250059906,46.1730259383468 14.1964058781632,46.1730866432037 14.1962571235863,46.17315406763 14.196138023753,46.1732217004055 14.1959801254225,46.1732411039992 14.1957432614998,46.1732668798253 14.195595005405,46.1733000267823 14.1954761737785,46.1733403086432 14.1953571438495,46.173394175066 14.1951881049011,46.1735024834794 14.195068674,46.1735837888619 14.1949005319141,46.173630560915 14.1947327900572,46.1736498934559 14.1946036459526,46.1736157831986 14.1944776388855,46.173579715472 14.1943606353519,46.173503582636 14.1942536441182,46.1734070061702 14.1941330270132,46.1733123129727 14.1940379634268,46.1733301774092 14.1939489572924,46.1733500639094 14.1938300540565,46.17340401961 14.1936693475069,46.173438245925 14.1935465295102,46.1734321610244 14.1934262478116,46.1733943330479 14.1933289003661,46.1733114998155 14.1933004757797,46.1732359909419 14.1932620094583,46.1731740872483 14.1931438813032,46.173139603211 14.1929092364634,46.1731641291914 14.1926706788323,46.1731905165108 14.1924144315279,46.1731955444822 14.1921778678961,46.1732007109833 14.1920296099001,46.1732338533035 14.1918312383384,46.1733283633439 14.1916240286806,46.1733542503101 14.1914270322617,46.1733460190037 14.1912397065886,46.173358369864 14.1910721648548,46.1733640223935 14.1908548817419,46.1733967646814 14.1907070236361,46.1734025560041 14.1905499268347,46.1733671635726 14.1904227558719,46.1733047207325 14.1902266935086,46.1732416997721 14.1900886776229,46.1732475600164 14.1899405186743,46.1732738623007 14.1897724737043,46.1733137894742 14.1896538400558,46.1733403006567 14.1895162256512,46.1733188109429 14.1893490857573,46.1732971116827 14.1892206100768,46.173323552619 14.1891211561082,46.1733844793994 14.1890412136903,46.1734660586004 14.188900882492,46.1736293555774 14.188730823512,46.1738061174576 14.1885709071173,46.1739624369945 14.1883516070674,46.1741320107283 14.1882711594093,46.1742477759303 14.1882201080712,46.1743637498357 14.1881684803812,46.1745276757856 14.1880974700304,46.1746709499621 14.1880572676841,46.1747185306015 14.1879573355517,46.17482048112 14.1878277457648,46.1749223108114 14.1877871691787,46.175004078827 14.1876974520903,46.1750719115627 14.1875786109745,46.1751121851381 14.1874402880435,46.1751385540817 14.1872927271486,46.1751238290223 14.18715531075,46.1750886618296 14.1870086582501,46.1750123106511 14.1867731244155,46.1749558410804 14.1865861668993,46.1749339968004 14.1862805995162,46.174945498087 14.185925517233,46.1749772499964 14.1856098045335,46.1750091913182 14.1853332568828,46.1750551769217 14.1850563047645,46.1751285110783 14.1847490169958,46.1752563324277 14.1844224192708,46.1753498250483 14.1842150962747,46.1753826257712 14.1840179199993,46.1753948944959 14.1837025073917,46.1754063186125 14.1834561926817,46.1754045594063 14.1833279117836,46.1754173190524 14.1832191114943,46.1754439837767 14.1831195472012,46.175511652582 14.1830295480662,46.1756068317398 14.1829189230579,46.1757566575767 14.1827585794098,46.1759403179894 14.1826387466786,46.176055887591 14.1825090160516,46.1761576202561 14.1823804573435,46.176197728953 14.1822521743661,46.1762104873763 14.1820948710935,46.1761888478899 14.181928232563,46.1761329512519 14.1817030206786,46.1760355169595 14.1814969135988,46.1759860851992 14.1812900672126,46.1759777658998 14.1810928882268,46.1759900295593 14.1807866755264,46.1760357916391 14.1806289950796,46.1760483375592 14.1804620537573,46.1760129506879 14.1803052331896,46.1759501940692 14.180178300517,46.1758808135642 14.1800207679011,46.1758660076022 14.1798530143216,46.1758853182204 14.1797145828761,46.1759186050351 14.1795167936295,46.1759718897516 14.1793196129741,46.1759842403142 14.1791128700595,46.1759689898175 14.1789160977439,46.1759539005389 14.1787581845106,46.1759733702062 14.1785801529342,46.1760131191933 14.178451488603,46.1760601507141 14.1782536700029,46.1761065950077 14.1781057016629,46.176119207264 14.1779281029948,46.1761385342445 14.1777899768474,46.1761512168722 14.1776911181142,46.1761710198402 14.1774143543789,46.1762306607778 14.1769798806218,46.1762960036927 14.1766445728245,46.1763209411412 14.1763587828862,46.1763257203298 14.1760438742845,46.1763029368168 14.1757294781179,46.1762458760285 14.1755237558522,46.1761623361159 14.1752887402965,46.1760716564948 14.1751021941202,46.1760223543235 14.1748861472481,46.1759797669102 14.1747388958837,46.1759444238267 14.1746412640333,46.175882176701 14.1745244607476,46.1757855109437 14.1743590619261,46.1756473759479 14.1741928437722,46.1755640289774 14.1740265237502,46.1754875190544 14.1738795800845,46.1754317529767 14.1737524248682,46.1753692017427 14.1735759565845,46.1753131318888 14.1734277831503,46.1753395026354 14.1733184660631,46.1754003443355 14.1732584906493,46.1754614528264 14.173217453863,46.1755638163998 14.1731962295749,46.1756664132353 14.1731645494068,46.1758098726205 14.1731133880939,46.1759396049965 14.1730131942773,46.1760483785769 14.1728937254513,46.176129660499 14.1728034001822,46.1762453433226 14.1727525195808,46.1763476354821 14.1727216581432,46.1764363964481 14.1727401111453,46.1765186762747 14.1727890344137,46.1765901097949 14.1728942294556,46.1767525543023 14.1729812994939,46.1768626826495 14.1730093904877,46.1769587082052 14.1730081590958,46.177040845571 14.1729672501374,46.1771432099525 14.1727561173414,46.177429149185 14.1725150159429,46.177735475126 14.1723439686503,46.1779737475965 14.172163486269,46.1781846893533 14.1719441192522,46.1783542310345 14.171675639784,46.178516578398 14.1714276941022,46.1786311178295 14.1711104633658,46.1787448844232 14.171049382548,46.178758477442 14.1709794757636,46.1787819035585 14.1707941523968,46.1788318445587 14.1705961105894,46.1788920399866 14.1703879436942,46.1789795136804 14.1700410986203,46.1791070983137 14.1698035043408,46.1791875192563 14.1693484891489,46.1793073881414 14.1690515000789,46.179401051952 14.168862782143,46.1794955022613 14.1688223787869,46.1795636786859 14.168811195067,46.1796525816298 14.1688508982289,46.1797340268414 14.1688396872152,46.1797903590085 14.1690399532365,46.1799267759306 14.1691407798644,46.1800177527147 14.169277550959,46.1800872169286 14.1692850193852,46.1800901503698 14.1693744069878,46.1801494629528 14.1693973623347,46.1801647453784 14.1700030561079,46.1803268691895 14.1701974484513,46.1803891028747 14.1703533696467,46.1804600544165 14.1705088199069,46.1806054107925 14.1707383076409,46.180719903163 14.1711440169521,46.1808734620229 14.1711769833704,46.180894934906 14.171234910969,46.1809706630984 14.1712819936316,46.1811216208369 14.1713134533603,46.1812347662119 14.1714111831002,46.1813770936429 14.1714459744141,46.181432319904 14.1714830736857,46.1815063674364 14.1715791686411,46.1816713563015 14.1716353504987,46.1818634079336 14.1716427265762,46.1820277537956 14.1715994465347,46.182287554806 14.1715450901365,46.1826293317379 14.1714806827071,46.1829848017861 14.1714665196604,46.1832722557818 14.1714430291008,46.1835252721193 14.1713991291302,46.1838261865714 14.1713463881702,46.1840516387703 14.1713335610111,46.1842501181919 14.1713590830001,46.1845171657914 14.1714136472793,46.1848256319314 14.1714794700902,46.1850314294474 14.1715458337655,46.1852098787758 14.1716314750055,46.1854158198181 14.1717465448993,46.1856289020071 14.1718421074128,46.1858212387308 14.171899657173,46.1859311538545 14.1720740005059,46.1861308990631 14.1721890735698,46.1863439808015 14.1722656702223,46.1864882237293 14.17230312126,46.1866254351294 14.1722635529481,46.1867242098474 14.1722581423198,46.1867308287349 14.1721823952274,46.1867888532076 14.1720640322678,46.1867948340115 14.1718193117427,46.1866835631124 14.1716535793267,46.1865659360996 14.1715472194358,46.1864283150789 14.1714602669667,46.1863181866794 14.1713342211405,46.1861803327944 14.1711306296422,46.1859530223274 14.1709563944416,46.185746348467 14.1708699314862,46.1855951950641 14.1708225646112,46.185471587273 14.1707763288567,46.1852727694951 14.1707298610856,46.1850807880242 14.1706721355888,46.184991385066 14.1705366622021,46.1848261098066 14.1704104149978,46.1847020194093 14.1702447943854,46.1845775531038 14.1700105485859,46.1844253262153 14.1697666675215,46.1842592628556 14.1695230204102,46.1840863626526 14.169299035714,46.1839067667947 14.1691236779626,46.1837754800417 14.1689574435003,46.1836921254647 14.1687614460006,46.1836153922391 14.1684963373817,46.1835518320193 14.1682608884437,46.1834885769664 14.1679862468524,46.1834044321452 14.1678394961121,46.1833348937807 14.1675652687429,46.1832233988881 14.1673694813196,46.1831329887608 14.1671828402733,46.1830974390527 14.1669374231026,46.1830340186689 14.1667508859795,46.1829916309934 14.1666729655022,46.1829362688628 14.1665365778305,46.182832614271 14.1664095174526,46.1827632176253 14.1662526926969,46.1827005317438 14.1660658484468,46.1826785647895 14.1658785893583,46.1826840365519 14.1656121411665,46.1827095340463 14.1653555375892,46.1827350128261 14.1651485912721,46.1827403396452 14.1649314648581,46.1827592677602 14.1646547841176,46.1828188783657 14.1644571357193,46.182851713927 14.1642994064497,46.1828573989418 14.1641716221629,46.1828359506203 14.1640344103866,46.1827869911634 14.1638974061629,46.1827243570216 14.1637597788651,46.1827028362444 14.1635728305993,46.1826877924462 14.1634249452033,46.182693548282 14.1632770597791,46.1826993039262 14.1631981824269,46.1826987265439 14.163040661009,46.1826907353051 14.1628537129969,46.1826756903323 14.1627458242467,46.1826407100778 14.1626379627104,46.1826124779657 14.1625598122276,46.182564039333 14.1624813503973,46.1825361124231 14.1624327575297,46.1824946383017 14.162354529226,46.182459874996 14.1622172161638,46.1824177506303 14.1621187562566,46.1824101909625 14.1620201924925,46.182409468468 14.1619414450989,46.1824088911708 14.161862568189,46.1824083128698 14.1617317560212,46.1823987161773 14.1617426852881,46.182813126303 14.1616223360218,46.1833848377963 14.1615268460043,46.1838378759076 14.1614541609468,46.1838644248921 14.1614184900385,46.1842765136703 14.161636599266,46.184789885074 14.1615713060607,46.1851140320304 14.1615657969161,46.1851611379457 14.1615121956266,46.1854574786962 14.1615918535792,46.1859778421215 14.161483399057,46.1863460295163 14.1614103531037,46.1866431272641 14.1612153710777,46.1870702422719 14.1608801341144,46.1876986786644 14.1606153521519,46.188208685944 14.1605423002903,46.1885056930287 14.1607284156149,46.1886618146322 14.1610359284634,46.1887236346273 14.1613114180855,46.1886423403883 14.1614878594256,46.1883102816635 14.1616441228888,46.1881805158361 14.1619187560514,46.188146810014 14.1624810402755,46.1883651587393 14.1626188086509,46.1883185718586 14.1627933169194,46.1882497604319 14.1636234805113,46.1884273275412 14.1640353472877,46.1884847744228 14.1646158859491,46.188713233215 14.1650051552014,46.1887318227044 14.1654645592971,46.1886016563052 14.1658107636907,46.1885467799181 14.1661115556823,46.1886935624889 14.166835859948,46.1887534579593 14.1670231473739,46.1889875851527 14.1673202534583,46.1892244014738 14.1677169894848,46.1893236526626 14.1683476083713,46.1891708780661 14.1688790045352,46.1892147812078 14.1691431957164,46.1894012380409 14.1692102365081,46.1894486016535 14.1695814320231,46.1895924677047 14.1696811646344,46.1896024594643 14.1697297014522,46.1896484287307 14.17001300789,46.1899165386496 14.1701542796211,46.1900501856889 14.1702425278615,46.1901346818784 14.170739327956,46.1906103794598 14.171062346196,46.1907367061685 14.1712877393005,46.1908248051965 14.1716323435713,46.190989075769 14.1716836813182,46.1910557584633 14.1718050359991,46.1912134620622 14.1718673302211,46.1915771375607 14.1719863810596,46.1918452220969 14.1727869411697,46.1920240376159 14.1732180509109,46.1921484411173 14.1734765679199,46.1922918393201 14.1737726911045,46.1926145565541 14.1739917995348,46.192759738134 14.1742591448036,46.1930060383537 14.1744789222142,46.1930288595028 14.1747814621445,46.1933043841919 14.1749097544395,46.1938218495766 14.1751693154709,46.19423400302 14.1752802353927,46.1943541984643 14.1752959826342,46.194366818422 14.1753264515264,46.1943913311422 14.1753497505733,46.1944101237861 14.1754834001486,46.1945006117146 14.175833857091,46.1946310815843 14.1761233473144,46.1946191324403 14.1762148753393,46.1946152933708 14.1763297359213,46.1946193600904 14.1767331691567,46.1947770210703 14.1770607264962,46.1947406908938 14.1774392908046,46.1949328102312 14.1776189843655,46.1949682031389 14.1782568181038,46.1949336513857 14.1788003352442,46.1949596007069 14.1788933290661,46.1952488144544 14.1791835829789,46.1955164114038 14.1795117759686,46.195768354567 14.1796975453558,46.1958745971228 14.1800264135962,46.1959769173524 14.1803895342659,46.1962504322703 14.1807685928477,46.1963933284455 14.1810390456483,46.19640750274 14.1812129981135,46.1964286330091 14.181403720519,46.1964198318851 14.181996762662,46.1963924063226 14.1833301734847,46.1967915261832 14.1836718175692,46.1971956089662 14.1839063457812,46.1974662148607 14.1839788145891,46.1975510375365 14.1839967715466,46.1975721295871 14.1840701328702,46.1976579482847 14.1845501483421,46.1980108311937 14.1853529728731,46.1987290567164 14.1857527794086,46.1989342559407 14.1864252834891,46.1992485534825 14.1870630240439,46.1995922911405 14.1872405246542,46.1997602744459 14.1874092140526,46.1999459196457 14.1875092778506,46.2001371050917 14.1876421424389,46.2004238056228 14.1878517027422,46.2007466804495 14.1880782803854,46.2010756139983 14.1881841466294,46.2013218139094 14.1882020990509,46.2013258102635 14.1883771726085,46.2017384127818 14.1884414177913,46.2020305633516 14.1883774848604,46.2022979608934 14.1883213143708,46.2026189477976 14.1884040661511,46.2028159477033 14.1885904383398,46.2029720253069 14.188768568829,46.2030982628559 14.1889716530295,46.203272363168 14.1891064147391,46.2034399502619 14.1892144294149,46.2036728482625 14.1893139807058,46.203899747876 14.1893616143274,46.2041500322715 14.1894445889631,46.2043410946929 14.1895626455796,46.2044729332328 14.1897485478488,46.2046527585898 14.1899171718944,46.2048444276847 14.1899839212525,46.2049758122117 14.1900155036955,46.2051546335162 14.1900988324447,46.2053218549434 14.1901993103782,46.2054773212789 14.1903853463355,46.2056572364866 14.1907250542409,46.2058738688969 14.1908935097014,46.2060775017955 14.1909594345682,46.2062564758924 14.1909562883928,46.2064707706047 14.1908678881388,46.2066486524451 14.1907979430671,46.2067434393294 14.1906926120622,46.2069093246727 14.1905707007968,46.2070393730254 14.1903294978194,46.2071210703764 14.1902609512011,46.2071205848609 14.1901217596165,46.2072623868339 14.1899314725215,46.2073801635362 14.1897919739227,46.2075339294054 14.1897736446231,46.207617114981 14.1899093397873,46.207713268635 14.1902153728963,46.2078940343269 14.1904196172153,46.2079906729298 14.190572198366,46.2081107883549 14.190741185845,46.208278615705 14.1908240417199,46.2084696761425 14.1908719885188,46.2087081753931 14.1908864275365,46.2088986615268 14.190952878726,46.2090420097575 14.1909675372378,46.2092087444197 14.1909647408195,46.2093991985224 14.1907728757655,46.2096240338746 14.1905644735796,46.2098011558292 14.1903733047831,46.2099783994521 14.1902168251237,46.2101320455081 14.1900947309516,46.2102739684897 14.1900935064047,46.2103572752586 14.1901092112649,46.2104526684382 14.1902271078471,46.2105963815102 14.19036123659,46.2107996818871 14.1904946208811,46.2110625392648 14.1904744130352,46.2112647464981 14.1905230611193,46.21145556481 14.1906409622189,46.2115991874871 14.1907419313381,46.2117309036546 14.1907746998946,46.2118382040356 14.1907898817494,46.2119693128564 14.190736512173,46.2120998464382 14.1906473566295,46.2123372850186 14.1904345706392,46.2128120077804 14.1901880948945,46.2132506820328 14.1900127941888,46.2135113527604 14.1897863474875,46.2137597842365 14.1896288510032,46.2139728946226 14.1890898533139,46.2144809313328 14.1888643205798,46.2146579285367 14.1886220308765,46.2148109634041 14.1882597338306,46.2149631456796 14.1878801984647,46.2151152043436 14.1874315306063,46.2153144562806 14.1872584944567,46.2154202945698 14.1872574406017,46.215491725961 14.1874437223119,46.2156478044284 14.1877163256323,46.2157687765353 14.1879177855875,46.2160559633336 14.1880342852642,46.2162948604509 14.1880831054421,46.2164737143999 14.1881468809023,46.2168075187257 14.1880729297396,46.2171640978719 14.188035029809,46.2174138646998 14.1880486284599,46.2176520308283 14.1881253026251,46.2182715921376 14.1881704400197,46.2187004557887 14.18821592943,46.2191054789525 14.1881932529329,46.2194743885837 14.1882211084759,46.2199150058815 14.1882311987347,46.2203913063751 14.1881191202687,46.2210214034023 14.1880159906458,46.2213256804824 14.1879399246665,46.2215438652986 14.1878336779588,46.2217693034297 14.1877785350036,46.2220189474749 14.1877225144984,46.2223280575982 14.1877459782929,46.2230662752317 14.1877374652402,46.2230546081911 14.1877375683185,46.2230564083892 14.187544095825,46.2230960613851 14.1872780015929,46.2230849926993 14.1871408687313,46.2230840177104 14.1869952269637,46.2230711055708 14.1866102828935,46.2230148332147 14.1862594715469,46.2229646507912 14.1854976191621,46.2228699717875 14.1849844115914,46.2227829988697 14.1845738542645,46.2227146605686 14.1841891804574,46.2226404772945 14.1838986476579,46.2225729930263 14.1835825878396,46.2224874210322 14.1831125545543,46.2223828433368 14.182916206721,46.2223279060181 14.182847777317,46.2223095122194 14.182779829987,46.2222673688736 14.1826437580682,46.2221950472421 14.1823543795019,46.2220501002764 14.182073114642,46.2219349917912 14.181953622795,46.2218985073624 14.1818508884354,46.2218858057188 14.1816961661109,46.2219085412392 14.1814383081331,46.2219542910668 14.1812059351141,46.2220121892977 14.1810506824436,46.2220705495759 14.1807313069883,46.2222170770691 14.1805152445884,46.2223286248997 14.1801956010745,46.2224929636835 14.1800833365185,46.2225456926739 14.1797733074796,46.2226387504013 14.1794114255862,46.2227492498102 14.1791960203502,46.2228250804575 14.1790327411282,46.2228476609597 14.1788867465863,46.2228585788773 14.1787663695202,46.2228814671411 14.1784741567827,46.2229269634795 14.1781735662116,46.2229605223688 14.177804409127,46.2229935873514 14.1774526268002,46.2230089614447 14.1771697666625,46.2230009876299 14.176869886228,46.2229869523279 14.1767184342191,46.2230767347627 14.1765005143727,46.2231816935674 14.1764044360868,46.2232612576062 14.1764017516487,46.2234580998309 14.1763048954426,46.2236243024558 14.1762108500724,46.223689215328 14.1760744344393,46.2237181933366 14.1760075072975,46.2237640472012 14.1759942524287,46.2239654918209 14.175988064821,46.2241191215874 14.1759766129548,46.2241567378469 14.1757947247763,46.2242530476482 14.1755660661864,46.2243302154609 14.175392586922,46.2243842978217 14.175356019108,46.2244023885943 14.175319841471,46.2244203921966 14.1751681124455,46.2244936154776 14.175160693222,46.224495631332 14.1751066696749,46.2245020794973 14.1748149124651,46.2245423513119 14.1743907164619,46.2245276820278 14.1741482713567,46.2245471645397 14.1739622790647,46.2245883781281 14.1739059613658,46.2246008373586 14.1735751081125,46.2247152313854 14.1733229752913,46.2248445894532 14.1732359860921,46.2248622249512 14.1731618304132,46.2248885006655 14.1731251860094,46.2248943538046 14.1730883944179,46.2249013755198 14.1730784201851,46.2249440406764 14.1730435000316,46.2249386596026 14.1727383035578,46.2250535067137 14.1725474745946,46.2250281927515 14.1722450210907,46.2249259528964 14.1720705148676,46.2248669263733 14.1719719050565,46.2248986925269 14.1719035154121,46.2249725150766 14.1718466229839,46.22503175523 14.1717821724546,46.2250763649284 14.1717682880283,46.2250858914782 14.1717634028109,46.2250917943211 14.1717484865604,46.2251095909338 14.1717405673215,46.2251189807516 14.1717043966737,46.2251622657477 14.1716601486652,46.225216828837 14.1716555900358,46.2252268728119 14.1716228169016,46.2252942052617 14.1716089620372,46.2253448497889 14.1716079547208,46.2253859602722 14.1715947846348,46.2255461971948 14.1716340776628,46.225691788739 14.1716770155375,46.2257846823455 14.1716915283964,46.2258454294765 14.1716823346891,46.2258878302407 14.1716558071777,46.2259191286695 14.171598269289,46.2259436343364 14.1715704328651,46.2259499106949 14.1714677083735,46.2259362100965 14.1713838399455,46.2259185972839 14.1713080483618,46.2259069811931 14.1712282101183,46.2258972251539 14.1710900582103,46.2258946040067 14.1710805877324,46.2258950751773 14.1710483455063,46.2259012294894 14.170877106842,46.2259178023863 14.170814301549,46.2259391203918 14.1707209357958,46.2259495998359 14.1704700087243,46.2259292448367 14.1702240130652,46.2258827428623 14.1700053111559,46.2259004095093 14.1698925860914,46.2259481765968 14.1698113956649,46.2260109281956 14.1697432373344,46.2260949180989 14.1697059925587,46.226174903744 14.1696982533871,46.2261895131754 14.1696591645314,46.2262628273896 14.1696552969684,46.2262699971586 14.1695919559334,46.226369767277 14.169512544283,46.2264864255579 14.1694613443291,46.2265461557306 14.1694412128929,46.22657444102 14.1693769757897,46.2266218400739 14.1693008003811,46.2266785995339 14.1692781313025,46.2266946299926 14.1692491147488,46.2267103444008 14.1691527728366,46.2267547208503 14.1690674881598,46.2267793834739 14.1689633102692,46.226810386767 14.1688690073548,46.2268484796718 14.1688581345488,46.2268559583762 14.1688196687387,46.2268878891329 14.1687848818477,46.2269251550474 14.1687508468488,46.2269641359098 14.168712249014,46.227021977964 14.1686839201933,46.2271209224781 14.1685518603239,46.2273585711163 14.1682858595112,46.227614859374 14.1681475981503,46.2279023975516 14.1681007030848,46.2280545609321 14.1681296452721,46.2282154637212 14.1681638242977,46.2283043360519 14.1681567631853,46.2284199002639 14.1681510910644,46.228512171516 14.1681615615871,46.2289775891826 14.1681825181167,46.2294354353871 14.1682038389927,46.2295516559549 14.1682189356263,46.2296336414127 14.1682175584911,46.2297848763455 14.1682366355991,46.2299123272246 14.1682743259019,46.2301636266617 14.1683137414887,46.2303522273124 14.1683431099215,46.2304936089016 14.1683761014146,46.230807135541 14.1683926031116,46.2308733858717 14.1684577599173,46.2311346021068 14.1685098965173,46.2313737701386 14.168506974531,46.2315329114322 14.1685434533595,46.2316928791299 14.1688589912016,46.2319953240948 14.1692053832199,46.2322981723454 14.1692393689179,46.2323915415426 14.1691932445186,46.2325870779163 14.1690298060644,46.2327812217604 14.1690213773187,46.2328414425064 14.1690061060185,46.2329512786928 14.1690959723777,46.2330961588509 14.1693265303053,46.2333171888828 14.1693299816837,46.2333204529942 14.1693052960903,46.2334613515131 14.1691280218843,46.2336872454253 14.1689988342629,46.2339655830519 14.1688633006477,46.2341231304401 14.1688003393702,46.2342829148306 14.1687211955191,46.2345183388865 14.1687115736303,46.2347004645009 14.1687141758321,46.2347771405243 14.1689627580236,46.2350155771234 14.169072952008,46.2350766600935 14.169127500407,46.2350791259385 14.1694611698547,46.2350836198971 14.1694825976254,46.235098531158 14.1695129502137,46.2352437883215 14.1694659301273,46.2353696790142 14.1693322785933,46.2355742065586 14.1690954653031,46.2358786640991 14.168954006735,46.2360676590683 14.1689365154356,46.2363674122607 14.168955152971,46.2364039868498 14.1689718322592,46.2364414469317 14.1689903978633,46.2364827895657 14.1691393073148,46.2365819425726 14.1691211730535,46.2365979159599 14.1692006441658,46.2366415906326 14.1692851308937,46.2366880008882 14.1693058920094,46.2366697972353 14.1694156708076,46.2366984865253 14.1694907701022,46.2366795979332 14.169558711641,46.2366624567594 14.1697524192139,46.2367487983001 14.1697844007588,46.2368549288855 14.1698202156131,46.2369734136098 14.1699239992524,46.2371589719365 14.1699387120398,46.2371721248605 14.1701679709086,46.2374548651297 14.1702597184567,46.23757024674 14.1706295592531,46.2379116790488 14.1706669053948,46.2379803295122 14.1707696795765,46.2381901724417 14.1708073427611,46.2383238756827 14.1707578721894,46.2384403018945 14.1706537844871,46.2385327589348 14.1705177645396,46.2385758589021 14.1702316001501,46.2386184088717 14.1700671412697,46.2386642709956 14.1700093387323,46.2387397886213 14.1700166597666,46.2388648143523 14.1700962239529,46.2390745793211 14.1701039549535,46.2391294290332 14.1698180783268,46.2394707805592 14.169691026117,46.2395466948485 14.1696363112056,46.239580757125 14.169499256858,46.2396664056126 14.1692584748683,46.2397859398506 14.1689895011878,46.239908957552 14.1688150972369,46.2400463381329 14.1687220075323,46.2402000550201 14.1685495337747,46.2403468963939 14.1684689183534,46.2404129800812 14.1684691094544,46.2403917478346 14.1683767876546,46.2404516281424 14.168375191533,46.2404628631611 14.1682486744152,46.2405202452841 14.1678545257899,46.240602851364 14.1678166708136,46.2406108533329 14.1677524079552,46.2406930707459 14.1676775628987,46.2407890669255 14.1676431010048,46.2409756900038 14.1676348020066,46.2410700112862 14.1677019817965,46.2413180161836 14.1680329590237,46.2414430585333 14.1681142011833,46.2415158080952 14.1681796254845,46.2416399070736 14.1681420176469,46.2418545789646 14.1680617327286,46.2419243536476 14.1678145802672,46.2420698406468 14.1674511234006,46.2423429616433 14.1673819102508,46.2423579329388 14.1670131724936,46.2424313639729 14.1667415210916,46.2426529672409 14.1666836090285,46.2428293420742 14.1667564048658,46.242963212656 14.1667153978315,46.2431450191141 14.1665641153326,46.2434414570247 14.1664054482471,46.2437801281795 14.1662800987017,46.2438710765335 14.1662478951043,46.2441564159253 14.1662925002995,46.2442508529566 14.1663014981419,46.2442732318722 14.1663478429081,46.2443898149179 14.166520632307,46.2445316125673 14.1664645318634,46.2447251852795 14.1662705262678,46.2449052460919 14.1661322447673,46.2450278604151 14.166131968371,46.245063217775 14.1661202406608,46.2454007107933 14.1658000519628,46.2458288055047 14.1656415564732,46.246078403498 14.1655903720934,46.24614416005 14.165571540484,46.2461887391587 14.1655142054063,46.2462410448129 14.1654819385324,46.2462736494077 14.1654717971171,46.2462839222678 14.1654547628256,46.2463040418344 14.1654377558091,46.2463223621386 14.1653105712105,46.2464226531844 14.1652612354721,46.2464434366099 14.1649600430079,46.2465760165125 14.1647915156712,46.2466317383068 14.1647722463919,46.2466880105657 14.1647434920331,46.2467454731436 14.1646479848268,46.2469544122713 14.1644187572666,46.2470532368679 14.1642522563321,46.247368184699 14.1641460565811,46.2476832132755 14.164076032867,46.2477168910026 14.1640078015902,46.2477350164776 14.1634727515829,46.2478092891447 14.1632251344261,46.2478804450598 14.1629823273114,46.2480445776853 14.1629614916856,46.2480587308308 14.1628214674869,46.2480988231624 14.1626431679664,46.24819117917 14.1625595942347,46.2482459003555 14.162406252592,46.2482832854097 14.1618304981469,46.2483559025649 14.1614349943683,46.2484124743278 14.161177902226,46.248398711842 14.1608692000078,46.2483845699741 14.1605595392836,46.2484417687599 14.1603352287434,46.2485234364269 14.1601623969037,46.2486055718067 14.1600414106604,46.2486641550599 14.1597983453039,46.2488528416159 14.1595731236996,46.2489939731826 14.1593822636056,46.2491354469394 14.1591396100281,46.2492884158654 14.1588100951483,46.2495240600949 14.158551231695,46.2496173464294 14.1581566254427,46.2496144413613 14.158018334421,46.2496848614338 14.157862432494,46.2497789044595 14.1576537192954,46.2499678394673 14.1574430523801,46.2502757938303 14.1572873296738,46.2503579609627 14.1570469832973,46.2503680654755 14.1568579358368,46.2503905142197 14.1566327004217,46.250531639862 14.1564414633139,46.2506968587403 14.1562842769849,46.2508742949894 14.1559897060056,46.2510625932638 14.1559009373256,46.2512523205035 14.1556423727833,46.2513337260175 14.1555186873882,46.2515590042697 14.1553398244499,46.2516865240766 14.1551526254791,46.2517994063937 14.1549375652505,46.251893817968 14.1546072855062,46.2519069414354 14.1543423267051,46.2519990034905 14.1542961870487,46.2521993916566 14.153861950374,46.2525036158874 14.1537020327628,46.2525626240381 14.153680933701,46.252779122497 14.153370581345,46.2530982976222 14.1529478006375,46.2532557674838 14.152961256388,46.2532747614782 14.1523707120108,46.2535538890181 14.1519308119874,46.2537276932127 14.1510551384814,46.2543200532796 14.1506609953959,46.254469809702 14.1505126237926,46.254628858972 14.1505033914137,46.2546387773552 14.1501451833696,46.2550229083078 14.1492228677079,46.255374500119 14.1485739677072,46.2556753069992 14.1479162539731,46.2559584997956 14.1473713261741,46.256069332339 14.1468592719819,46.2560508467527 14.1461449842539,46.2563178619124 14.1458134569903,46.2560837053687 14.1454211521345,46.2560549513637 14.1448220637693,46.2563703249632 14.1444210835181,46.2562320956921 14.1438856539551,46.2563237285193 14.1430420050632,46.2561843380033 14.1427395384074,46.2564084419731 14.1425173336027,46.2564094747481 14.1422277635154,46.2562804408195 14.1417685776913,46.256373355541 14.1414801781123,46.2566681004593 14.1410830719549,46.2566975079239 14.1406559825901,46.2568195405789 14.140428640881,46.2568918791198 14.1397668437038,46.257175444163 14.1393750845178,46.2573851014526 14.1392689167731,46.257563348059 14.1389839162549,46.2578634206167 14.1385379837168,46.2580199429527 14.1384082529652,46.2580708796341 14.1382555376759,46.2581482748669 14.1381116610645,46.2582410319037 14.1378921979022,46.2582404568509 14.1376151776445,46.2584362177127 14.1374178334671,46.2584891624598 14.1370716676032,46.2586770225061 14.1367768030405,46.2588771452733 14.1365328658867,46.2591133711193 14.1361448472238,46.2597769581698 14.1359161539833,46.2601323318179 14.1356532734586,46.26047557012 14.1352511065417,46.2609486646884 14.1349368567612,46.2612914227632 14.1348130639102,46.261516677478 14.1335713179544,46.2629951526072 14.1333446586125,46.2632195360708 14.1331009319571,46.2634320032369 14.1329252002429,46.2636924911777 14.1326637273524,46.2639524183663 14.132471808181,46.2641533108244 14.1322972558396,46.2643304919987 14.1319680997709,46.2645303419292 14.1316544291902,46.2648255896097 14.1311505213279,46.2656250373232 14.1308060350642,46.2658829796882 14.1305228041842,46.2661556925376 14.130002638578,46.2666525232783 14.1290080640965,46.2671636428992 14.1286928173434,46.2672698377747 14.1279889923028,46.2673940322422 14.1275412344497,46.2676505471614 14.127172620314,46.2678247097823 14.1264677247558,46.2680074589011 14.1263329317279,46.2680563637347 14.125877246693,46.268418979259 14.1255839859048,46.2686102678203 14.1252869597422,46.2688016167881 14.1248878812431,46.2689244344716 14.1245038808362,46.2694445954058 14.1243357437226,46.2695665702209 14.1241535062605,46.2697022025783 14.1237592011256,46.2698749876832 14.1232988980861,46.2699637707533 14.1226356177204,46.2702272508358 14.1218541021665,46.2704198202624 14.1210464242966,46.270812102359 14.1206601950105,46.2711359128791 14.1188337796983,46.271996204312 14.1179969982866,46.2723720454019 14.1177005485607,46.2727185817254 14.1175075582999,46.272762618328 14.1168299367448,46.2727357923461 14.116039060327,46.2728130847458 14.1153507439723,46.2729267944593 14.1146796107466,46.2730287567091 14.1142873516988,46.273079252179 14.1130289621674,46.2732064345899 14.112203825044,46.2732834346511 14.1112413019174,46.2733592708555 14.1106909947969,46.2734264297863 14.1102418292747,46.2736015305969 14.1096323046524,46.2741443584329 14.1089728061928,46.2745916025338 14.1084874457132,46.2748854480325 14.108071870409,46.2751083077242 14.107861870306,46.2752720387795 14.1076369091925,46.2754621046024 14.1074634658873,46.2755797843834 14.1072383867243,46.2756970606977 14.1070642319534,46.2758504534161 14.1068391508334,46.2759677289248 14.1064079810721,46.2760953597248 14.1061337147055,46.2760693729923 14.1058415477369,46.2760909310527 14.1054807509355,46.2761118614439 14.1052564400082,46.2761815443827 14.1051347521659,46.2762758729012 14.1050290278442,46.2764416744813 14.1048544763548,46.2766189034368 14.10462996915,46.2767004599805 14.1042501015004,46.2768403607729 14.103837015507,46.2769085617286 14.1035275240163,46.2769418544498 14.1033035961587,46.276987693832 14.1032501479893,46.2771063082802 14.1031440274101,46.2772959477109 14.1031579818289,46.2774984053978 14.1032238964664,46.2776655515645 14.1031873780797,46.2777962651097 14.1030477806649,46.2779380463618 14.1028743852851,46.278043753172 14.102648897107,46.2781848599209 14.1024933376122,46.2782550770233 14.1024575956324,46.2783381109848 14.1024385261317,46.2784569949152 14.1024361933442,46.278599852953 14.1023483596811,46.2787181969916 14.1021410961104,46.2787998840133 14.1020886150251,46.2788590336509 14.1019824869798,46.2790486718925 14.1017886520358,46.2793566546228 14.1016138866802,46.2795457532438 14.1014058408694,46.279675028228 14.1011122906726,46.2797798778611 14.1007501036647,46.2798841868976 14.1004902211385,46.2800249288461 14.1003097365775,46.2801745725077 14.1001336696579,46.2802286998682 14.0999714722914,46.2802995810538 14.0998706111623,46.2803809318826 14.0998551250321,46.2804628648649 14.0998681374725,46.2805319762121 14.0998859520856,46.2806010353923 14.0999133458896,46.280663601993 14.0999642670978,46.2807395797599 14.1000302457836,46.2807598031221 14.1001388894533,46.2807737942717 14.1002429697517,46.2807811814135 14.1003425941356,46.2807753974145 14.1004800297027,46.2807665818456 14.1006221569757,46.280764460983 14.1007971789242,46.2807822126681 14.1009338624632,46.2808193665763 14.1010234237055,46.2808496717852 14.1011312630361,46.2809128706124 14.1011909060492,46.2810348923358 14.1012087769136,46.2811006227633 14.1012030096465,46.2811596893401 14.1011592160868,46.2812349219263 14.1010968333021,46.2812804073961 14.1009730565585,46.2813188420849 14.1007640341561,46.2813566061843 14.1005265962922,46.2813941463484 14.1002367529045,46.2814542165819 14.1000131343968,46.2815115684074 14.0997650948901,46.2816179424454 14.0995067425252,46.2817834366002 14.0992434049909,46.2819521298999 14.0990512787061,46.2821147258168 14.0989401562947,46.2822517778652 14.098848924169,46.2823233066867 14.0987677242144,46.2823686425589 14.0986294006915,46.2824234249949 14.0983626260555,46.2825165122895 14.0981424011867,46.2826592710725 14.0978651824396,46.282811386719 14.0973688339914,46.2830471557198 14.0969866088079,46.2832477450523 14.0968787709027,46.2832950285166 14.0965381295924,46.2834445705542 14.0958427805092,46.2836754311966 14.095242415161,46.2838907542973 14.094865950844,46.2840322702172 14.094417514046,46.2842256687653 14.0940834438048,46.2843930700622 14.0940496833603,46.2844099872824 14.093858163641,46.2845185957666 14.0936606383192,46.2845899977061 14.0935408803796,46.284627916358 14.0933509236602,46.2846652782185 14.0931819873576,46.2847028064914 14.0929853920591,46.2847256295284 14.0928379571741,46.2847341768024 14.0926692609418,46.284757130689 14.0924302549004,46.2847941017476 14.0919373435757,46.284921457623 14.0915378780454,46.2850168039686 14.0913460919875,46.2850626053688 14.0911418774209,46.2851144257725 14.0910239177705,46.2851376006039 14.0908915042588,46.2851637194446 14.0906537125017,46.2852055549546 14.0906041596059,46.2852983722428 14.090615679021,46.2853708016966 14.090628259109,46.2854497175992 14.0906971688284,46.2855517545725 14.0908051853417,46.2856903613861 14.0909131989321,46.285774264843 14.0911286956168,46.2858172754929 14.09129699541,46.2858499236819 14.0913098925539,46.285854794727 14.0915244201756,46.2859878593113 14.0918732554425,46.2861217204654 14.0921112795611,46.2861759747998 14.0923660032227,46.2861856449265 14.0926359650981,46.2862313344129 14.0928130534859,46.2863056173664 14.0928229381522,46.2863121738123 14.0929678106737,46.2864905688814 14.0930977728015,46.2866602981097 14.093245151888,46.2867498199709 14.0934359956535,46.2868007282496 14.0936449136889,46.2868652753544 14.09387737693,46.2869579901011 14.0940688528833,46.2871044530105 14.0942192601445,46.2872466314493 14.0944404175992,46.2874034057836 14.0945649722423,46.2875157780741 14.0946626728484,46.287706303526 14.0947459689111,46.2879125499732 14.094870172634,46.2880463325669 14.0952551623838,46.2885473768867 14.0954318675487,46.2887953893493 14.0955533890238,46.2890450343559 14.0956561877363,46.2893441058952 14.0957358056236,46.2895376363635 14.0957349352682,46.2896772665672 14.0957205274352,46.2899533677166 14.0957891415584,46.2901610267236 14.0959398492596,46.290490797516 14.0960192398097,46.2906825265028 14.0961036980015,46.2908975983262 14.096200376398,46.2911588325129 14.0963304861025,46.2913839820335 14.0964065749476,46.2914846326358 14.0964339383137,46.2915333439749 14.096532247878,46.2916718685022 14.0965849992693,46.2917631573838 14.0966105747659,46.2918574705144 14.0966001765939,46.2919452013306 14.096597083457,46.2921333089936 14.0966135231051,46.2922306989596 14.096644053691,46.2922999489538 14.0967382253764,46.2923508075638 14.0969094561671,46.2923960667166 14.097166495234,46.292448301306 14.097347248793,46.2924590856348 14.0975507929761,46.2924651910691 14.0976259345931,46.2924656941884 14.0976285301075,46.2924657146739 14.0976312509648,46.2924660060655 14.0976338405688,46.2924663863934 14.0977012616473,46.2924786148997 14.0977015197214,46.2924787069087 14.0977041063715,46.2924792671563 14.0977065602911,46.292480006301 14.0977090127332,46.2924808354062 14.0978209534278,46.292524635568 14.0978231433674,46.292525642544 14.0978253318298,46.2925267394807 14.0978272592632,46.2925279243298 14.0979053298828,46.2925792847286 14.0979060996759,46.2925798306362 14.0979078929055,46.292581284342 14.0979095563593,46.2925827370238 14.0979109587839,46.2925842776183 14.0979122299555,46.2925859071495 14.097913369874,46.2925876256173 14.0979625084165,46.2926778056732 14.0979626352386,46.2926779866184 14.0979633858318,46.2926797020141 14.0979640051718,46.2926815063465 14.0979644932585,46.2926833996157 14.0979645934936,46.2926851998525 14.0979645624753,46.2926870890261 14.0979575714932,46.2927729574153 14.0979574299002,46.2927736760766 14.0979571393287,46.2927755632023 14.0979565906813,46.2927773583196 14.097955782481,46.2927791513891 14.0979547162047,46.2927808524501 14.097953521629,46.2927824625265 14.0979521972767,46.292784071579 14.0977634905125,46.2929808815089 14.0976826985816,46.2930714758228 14.0976556440533,46.2931776995248 14.0976655322372,46.2932236634351 14.0977095115525,46.2932407453708 14.097794676191,46.2932553631563 14.0978990663377,46.2932453002216 14.098087872973,46.293208461602 14.0982507947554,46.2931670998448 14.098251707627,46.2931668371279 14.0982541822572,46.293166316812 14.0982569134889,46.2931659784644 14.0982595134666,46.2931657290538 14.0983625288158,46.293160333412 14.0984262301808,46.2931699229576 14.0985096130705,46.2932061195104 14.0985116747486,46.2932070354894 14.0985137319981,46.2932082213504 14.0985156579941,46.2932094961487 14.0985174527365,46.2932108598844 14.0985191147491,46.293212402518 14.0985856394948,46.2932793265858 14.0985867883049,46.2932805052831 14.0985880595125,46.2932821348069 14.0985890696886,46.2932838522448 14.0985899486111,46.2932856586202 14.0986388348961,46.2933992291797 14.0986394557421,46.2934009435478 14.0986398155562,46.2934027458303 14.0986401738943,46.2934046380734 14.0986401443745,46.2934064372864 14.0986399836007,46.293408325437 14.098639434969,46.2934101205575 14.0985858103498,46.293593241246 14.0985855404604,46.2935938689241 14.0985848620465,46.293595663021 14.0985839240757,46.2935974550715 14.0985828592786,46.2935990661775 14.0985815334485,46.2936007651977 14.0984681152833,46.2937259220917 14.0984116969234,46.2938894067025 14.0984115597623,46.2938898554823 14.0984112913458,46.2938903931993 14.0984111541847,46.2938908419791 14.0983409760531,46.2940464804275 14.0983408433206,46.2940466593252 14.0983408403675,46.2940468392465 14.098340707635,46.2940470181443 14.09824159752,46.2942493039114 14.0981728183178,46.2943908276343 14.0981481741392,46.2945479047747 14.0981349217445,46.2946752009732 14.0981381515033,46.2948026271822 14.0981717768823,46.2948575055851 14.0982150155415,46.2948881672907 14.0982793177441,46.2948929031508 14.0984125166474,46.294875509286 14.0984130372496,46.2948754234191 14.0984136861568,46.2948754285362 14.098414206759,46.2948753426693 14.0986067245371,46.2948578765017 14.0986084146476,46.2948577098821 14.0986110117517,46.2948576403854 14.0986137356851,46.2948577518332 14.0986164581424,46.2948579532415 14.098619047866,46.2948583335478 14.0986216346376,46.2948588937753 14.0987855746672,46.2948981544427 14.0989861870593,46.2949411228313 14.098986962798,46.2949413088892 14.0989894183201,46.2949419580463 14.0989918708914,46.2949427871246 14.0989941922056,46.2949437051408 14.0992029323121,46.2950372116394 14.0992034484892,46.2950373956508 14.0992039631912,46.2950376696229 14.0992044793683,46.2950378536342 14.0993813601718,46.2951270600355 14.0993827745008,46.2951278809269 14.0993841888298,46.2951287018182 14.0993854733768,46.2951295216872 14.0995358497241,46.2952361536259 14.0995376445575,46.2952375173457 14.0995393066595,46.2952390599646 14.0995407091968,46.2952406005392 14.0995419804773,46.2952422300523 14.0995429907185,46.2952439474818 14.0996305663799,46.2954046978274 14.0996309424579,46.2954055105394 14.0996316931394,46.2954072259239 14.0996321813065,46.2954091191857 14.0996325411654,46.2954109214647 14.0996465567307,46.2955378027453 14.099707469531,46.2955989237128 14.0997888868114,46.2956682136253 14.0999649980931,46.2957887233961 14.0999649966192,46.2957888133567 14.0999651264028,46.2957888143784 14.1001609849836,46.2959241447726 14.1001626515445,46.2959254175006 14.1001641868479,46.2959267791678 14.1001655923674,46.2959281398135 14.1002651634096,46.2960382397134 14.1002660556912,46.2960392364299 14.1002668167152,46.2960403220858 14.1002674494284,46.2960413167596 14.100311333849,46.2961119304233 14.1003120904547,46.2961132859608 14.1003129694779,46.2961150923229 14.1003134591479,46.296116895621 14.10031381756,46.2961187878585 14.1003338569086,46.2962663200834 14.1003583996079,46.2963608041146 14.1004241675772,46.2964108963087 14.1005044909185,46.2964678508965 14.1006038733994,46.2965102898836 14.1007058712719,46.2965039844026 14.1007061308426,46.2965039864443 14.1007063904133,46.296503988486 14.1007067812422,46.2965039015879 14.1008588865477,46.2964973602814 14.1008600560885,46.2964972795068 14.1008612241567,46.2964972886928 14.1008623922249,46.2964972978788 14.101031309459,46.2965024949742 14.1010336426513,46.2965026932641 14.1010358460583,46.2965028905335 14.1010381763061,46.2965032687446 14.1012179374423,46.2965359023869 14.1012196187656,46.296536275493 14.1012222041713,46.2965369256229 14.1012246583198,46.2965376646932 14.101226979739,46.2965385826645 14.1014003271021,46.296614172329 14.1014007149874,46.2966142653499 14.1014029036839,46.2966153622189 14.1014049611232,46.2966165480286 14.1014068858337,46.2966179127394 14.101408550973,46.2966192754102 14.1014102131691,46.2966208180022 14.1014114860083,46.2966223575341 14.1014127559043,46.2966240769873 14.1014731318227,46.2967182125909 14.1014735123513,46.2967187554149 14.1014738914084,46.2967193881995 14.1014741421511,46.2967199300035 14.1015177726263,46.2968061963673 14.101518402428,46.2968073709557 14.101518771186,46.2968086334648 14.101519139944,46.296809895974 14.1015455157704,46.2969194195083 14.1015457591576,46.2969204111155 14.1015458742298,46.296921311742 14.1015459878307,46.2969223023293 14.1015547896378,46.2970746045093 14.1015547881664,46.2970746944699 14.101554786695,46.2970747844306 14.1015547852236,46.2970748743913 14.101558704539,46.2971685662794 14.1015922773805,46.2972269521547 14.1016617536441,46.2972726641282 14.1017559613676,46.2973062441686 14.1018824550272,46.2973340496141 14.1018833605971,46.2973342366721 14.1018859445775,46.2973349767479 14.1018882689832,46.2973357147847 14.1018905889763,46.2973367227034 14.1020758614858,46.2974214922002 14.1020763776949,46.2974216761988 14.1020767641166,46.2974218591781 14.1020771490676,46.297422132118 14.1022679387441,46.2975188209649 14.1022689682251,46.2975193688817 14.1022708959291,46.2975205536568 14.1022728206927,46.2975219183533 14.1022744858807,46.2975232810115 14.1022760183404,46.297524822572 14.1022774195422,46.2975264530741 14.1023917868297,46.297676794874 14.1023929284623,46.2976784233367 14.1023938090485,46.2976801397223 14.1023945583765,46.2976819450495 14.1023951779164,46.2976837493578 14.1024266899058,46.297820664548 14.1024270513412,46.2978223768576 14.1024271517294,46.29782417709 14.1024269940105,46.297825885324 14.1024138020712,46.2979500333881 14.1024114088305,46.2980964893625 14.1024207291261,46.2981616124421 14.1024731194101,46.2982362508007 14.1026879421765,46.2985226990316 14.10268845105,46.2985233328309 14.1026888301333,46.2985239656115 14.1026892092165,46.298524598392 14.1027221703245,46.2986046624207 14.1026589565211,46.2986045261907 14.1026946413778,46.2986529413882 14.102825043366,46.298934408089 14.102810014879,46.2990438762952 14.1028100119401,46.2990440562165 14.1028100090012,46.2990442361378 14.1028100060623,46.2990444160592 14.1027898165432,46.299247324871 14.1027898136042,46.2992475047924 14.1027898106652,46.2992476847137 14.1027898077262,46.299247864635 14.1027748817014,46.299470248735 14.1027748714147,46.2994708784596 14.102774861128,46.2994715081842 14.1027748523108,46.2994720479482 14.1027832742836,46.2996478297248 14.1027835030093,46.2996497209356 14.1027838629974,46.2996515232044 14.1027844825713,46.2996533275102 14.1028333183703,46.2997708545225 14.1028341975335,46.299772660865 14.1028352094288,46.2997742883047 14.102836479441,46.299776007742 14.1028378821854,46.2997775482764 14.1028395459856,46.2997790008871 14.1028413410486,46.2997803645557 14.1028418543436,46.2997807284722 14.102953302695,46.2998558299978 14.1029553588193,46.2998571057406 14.1029574178822,46.2998582015621 14.1029597380012,46.2998592094595 14.1029620610587,46.2998600374356 14.1029629652047,46.299860314446 14.1031479376811,46.2999163786815 14.1031500040947,46.2999170246963 14.1031522032399,46.2999174918078 14.1031542740604,46.2999178679404 14.1034972037726,46.2999673429682 14.1034974633599,46.2999673450037 14.1034975916852,46.2999674359821 14.1034977214788,46.2999674369998 14.103969993763,46.3000297110904 14.1039706412645,46.300029806137 14.1039712902336,46.3000298112231 14.1039718079412,46.3000299052525 14.1042519123994,46.3000554028941 14.1043815426947,46.3000744128568 14.1045090999459,46.3001648443453 14.1045641538911,46.3002674839264 14.1045651643802,46.3002692013117 14.1045664359247,46.3002708307694 14.1045678387303,46.300272371283 14.1045679670581,46.3002724622602 14.1047032461128,46.3004068604251 14.1047033744412,46.3004069514021 14.1047033729747,46.3004070413628 14.104703501303,46.3004071323399 14.1048316781782,46.300531307879 14.1048332122591,46.3005327594449 14.1048351371914,46.3005341240987 14.10483706359,46.3005353987918 14.1048391227162,46.3005364945797 14.1048414428987,46.3005375024393 14.1048437645476,46.3005384203382 14.1048449268382,46.3005387893269 14.105070582358,46.3006078550346 14.1050712284025,46.3006080400358 14.1050717461175,46.3006081340603 14.1050723921619,46.3006083190615 14.1051774847753,46.3006355934337 14.1051800718871,46.3006361535147 14.1051826619303,46.3006365336742 14.1051853832345,46.3006368248888 14.1051879776747,46.3006369351662 14.1051907033758,46.3006369564985 14.1051914836132,46.3006368726328 14.1053155641463,46.3006301060582 14.1053181644482,46.3006298564897 14.1053207676808,46.3006294269998 14.1053233723789,46.3006289075491 14.1053258487471,46.300628297122 14.105328328046,46.3006275067734 14.1053305506851,46.3006265344721 14.105331205523,46.3006261797076 14.1054447572071,46.3005724551019 14.1054469827724,46.3005713028768 14.1054489502124,46.3005700586599 14.1054507893225,46.3005687234667 14.1054525001025,46.3005672972973 14.1054538185667,46.3005660480026 14.1055507978968,46.3004618092105 14.1057262242359,46.300291244652 14.1058348677258,46.3002758094124 14.1059054689734,46.3002927364804 14.1061226640021,46.3004669114211 14.1061234310589,46.3004676371955 14.1061241981157,46.3004683629698 14.1061249666365,46.3004689987835 14.1062863451928,46.3005952317039 14.1062882716276,46.3005965063728 14.1062901980625,46.3005977810417 14.1062923870156,46.3005988778182 14.1062947072278,46.3005998856485 14.1062954816078,46.3006001616181 14.1064802683254,46.3006680053526 14.1064810427073,46.300668281321 14.1064818170892,46.3006685572894 14.10648272273,46.3006687443114 14.1065998940338,46.3007036694323 14.1066669700754,46.3007139105417 14.1067837753959,46.3007234604632 14.1067864981765,46.300723661679 14.1067890955505,46.3007235919986 14.1067918241832,46.3007234333713 14.1067942946877,46.3007231827553 14.1068959195509,46.3007083214812 14.1068985227755,46.3007078919553 14.1069011289257,46.3007072825078 14.106903608206,46.300706492125 14.1069046524215,46.3007061403931 14.1070180126127,46.3006641091122 14.1070202352239,46.3006631367778 14.1070224592976,46.3006620744826 14.1070245565011,46.3006608312521 14.1070262628556,46.3006596749411 14.107157385396,46.3005630791715 14.1071590946695,46.3005617429369 14.1071606770726,46.3005602257673 14.1071619998852,46.3005587065704 14.1072884926471,46.3004035026113 14.1072898169146,46.3004018934521 14.1072907547219,46.3004001013311 14.1072915612722,46.3003983981574 14.1072921067706,46.3003967829175 14.1073167378439,46.3003109618377 14.1075039109723,46.3001840327989 14.1075045687148,46.3001834981003 14.1075052249954,46.3001830533624 14.1075058827378,46.3001825186638 14.1076451911231,46.300069341375 14.1077699110324,46.2999112439251 14.1078530741139,46.2998101343499 14.1081445452098,46.299639301878 14.1081457264938,46.299638501343 14.1081470375709,46.2996377018205 14.1081482203156,46.2996368113247 14.1082965926864,46.2995168660506 14.1082967239397,46.2995167771021 14.1082968551929,46.2995166881536 14.1082969864462,46.2995165992051 14.108389629579,46.2994391358828 14.1085026621948,46.2994010593446 14.1086510647889,46.299391149826 14.1088387561613,46.2994079082071 14.1088392738718,46.2994080022145 14.1088397930419,46.2994080062612 14.1088403122119,46.2994080103078 14.1089978831623,46.2994170659598 14.1089996987986,46.2994171700814 14.1090013861017,46.2994171832307 14.1090032046566,46.2994171074306 14.1091217024039,46.2994102032462 14.109124302632,46.2994099535906 14.1091269043191,46.2994096139741 14.1091295103835,46.2994090044751 14.1091319866554,46.2994083939648 14.1091344673045,46.2994075135719 14.1091366883686,46.2994066311563 14.1092728148554,46.2993452510585 14.1092734696529,46.2993448962711 14.1092741229914,46.2993446314444 14.1092747777888,46.299344276657 14.1094274386857,46.2992638611117 14.1095901514544,46.2991879322823 14.1097125379461,46.2991412900637 14.1098203206427,46.2991387103557 14.1099009842857,46.2991674996604 14.1100058857202,46.2992145619934 14.1100082074013,46.2992154797878 14.1100106603322,46.2992163086317 14.1100131161786,46.2992169575539 14.1100157032747,46.2992175175254 14.1100182932863,46.2992178975753 14.1100208862132,46.2992180977034 14.110178456838,46.2992271517261 14.1101811824728,46.299227172939 14.1101837797729,46.2992271031809 14.1101865097799,46.2992268545111 14.1101891114522,46.2992265148703 14.1101904137456,46.2992262550891 14.1103543917765,46.2991923520306 14.1103568680253,46.2991917414935 14.1103593457312,46.2991910409955 14.1103616965591,46.2991901595658 14.1103639205091,46.2991890972045 14.1103660161241,46.2991879438723 14.1103665396635,46.2991876780294 14.1106263993031,46.2990283795987 14.1106283665714,46.2990271352911 14.1106300771695,46.2990257090425 14.1106316579759,46.2990242817842 14.1107433114332,46.2989108855782 14.1108515301509,46.2988011514096 14.1110119763699,46.2987287118414 14.1110124999019,46.2987284459956 14.1110130219778,46.2987282701106 14.1110134157188,46.2987280032555 14.1111264999571,46.2986704905279 14.1112123148068,46.2986135754565 14.1112675534887,46.2985771162534 14.1112693923913,46.2985757809647 14.1112711029587,46.2985743547061 14.1112726851909,46.2985728374778 14.1112740092974,46.2985712282708 14.11127454156,46.2985704226585 14.1113379668215,46.2984772546007 14.1113390327984,46.2984755534144 14.1113398406499,46.2984737602496 14.1113405187109,46.298471966076 14.1113406630558,46.2984710674759 14.1113588616948,46.2983892442535 14.1113591343739,46.2983884366231 14.1113591460172,46.298387716936 14.1113592889062,46.2983869082968 14.1113663279399,46.2982888033382 14.1114038348548,46.2982170271178 14.1115141027695,46.2981088377645 14.1115991492394,46.2980511966493 14.1117582193778,46.2979994389407 14.1119052468,46.2979538855217 14.1119059001094,46.2979536206797 14.111906683208,46.297953356846 14.1119073365175,46.297953092004 14.1120094628426,46.2979148373033 14.1120116852549,46.29791386487 14.1120139091214,46.2979128024757 14.112015874864,46.2979116481044 14.1120178435151,46.2979103138112 14.1120195540422,46.297908887541 14.1120202117135,46.2979083528157 14.1120774243402,46.297854094052 14.1120788767403,46.297852575804 14.1120802008056,46.2978509665872 14.1120812667472,46.2978492653936 14.1120822043539,46.297847473231 14.1120828823827,46.2978456790525 14.1120833008336,46.2978438828582 14.1120835909497,46.2978419956949 14.1120836054917,46.2978410960858 14.1120847412219,46.297770836613 14.1120846419713,46.2977689464259 14.1120844114777,46.2977671451917 14.1120837930721,46.2977652509727 14.1120832942759,46.2977639874881 14.1120418422752,46.2976703643804 14.1120595698851,46.2975533582438 14.1121303148897,46.2974328050545 14.1122568455248,46.2973542521485 14.1124096269425,46.2973139611428 14.1124097567302,46.2973139621504 14.1124098879715,46.297313873197 14.1124100177592,46.2973138742046 14.1125345333043,46.297279661648 14.1125370108965,46.2972789611017 14.1125393616079,46.2972780796261 14.1125415854384,46.2972770172212 14.1125436809347,46.2972758638479 14.1125456480967,46.2972746195061 14.1125473585902,46.2972731932277 14.1125490690836,46.2972717669492 14.1125505229086,46.297270158734 14.1125511849272,46.2972693541227 14.1126375063134,46.2971567491007 14.112638700558,46.2971551388696 14.1126396381345,46.2971533467021 14.1126404459235,46.2971515535272 14.1126405873369,46.297150834847 14.1127179433246,46.2968941146574 14.1127892062761,46.2966931299014 14.1129559507457,46.296431075008 14.1131761036413,46.2961893180023 14.1135322379725,46.2959666094183 14.1137231074724,46.2958742481188 14.1140512527436,46.2957448920657 14.1143231919341,46.2956719621335 14.1148718973414,46.2955808408174 14.1153378496811,46.2955262351155 14.1159673455735,46.2954960150425 14.1162713670931,46.2954860391864 14.1162731855095,46.2954859632696 14.116275005373,46.2954857973918 14.1162768266839,46.2954855415528 14.1165478558617,46.295444719383 14.1165496786167,46.2954443735786 14.1165515013717,46.2954440277742 14.1165533255734,46.2954435920087 14.1167101927512,46.2953989181787 14.1168369115995,46.2953725455359 14.1170165168064,46.2953506299562 14.1170191182547,46.2953502901582 14.117021724041,46.2953496804769 14.11702420149,46.2953489798322 14.1170265506017,46.295348188224 14.1170279868929,46.2953476594829 14.1172313593213,46.2952602473801 14.1172329297282,46.2952594497552 14.117234629918,46.2952586531324 14.1172360719875,46.2952577645443 14.1174060196485,46.2951502101846 14.1176933537028,46.2949911076925 14.1179639422716,46.2949047528082 14.1182615530164,46.2948410987452 14.1182619438065,46.2948410117868 14.1182624658226,46.2948408358681 14.1182629863948,46.2948407499106 14.1185408278755,46.2947714543491 14.1187579058788,46.2947356093145 14.1191360528573,46.2947003751244 14.1194899532924,46.2946878059053 14.1199434029179,46.2947809095415 14.1201300673837,46.2948204944503 14.1201326558208,46.2948209642314 14.1201353769218,46.294821255089 14.1201379696816,46.2948214549866 14.1201405653232,46.2948214749619 14.1202807933575,46.2948185952455 14.1204322490434,46.294819760512 14.120433157518,46.294819767501 14.1204340659926,46.29481977449 14.1204351056896,46.2948196925163 14.1208184669796,46.2947992483236 14.1208185967617,46.2947992493216 14.1208188563258,46.2947992513176 14.1208189875476,46.2947991623544 14.1210351895806,46.2947855294046 14.1212032837335,46.2948013970657 14.1213163143523,46.2948596680957 14.1214249050129,46.2949520943462 14.1214260586672,46.2949530029338 14.1214273421039,46.2949539125187 14.1214286269795,46.2949547321423 14.1215458650466,46.2950259013053 14.121547922867,46.2950270867554 14.1215501119087,46.2950281832415 14.1215524336102,46.2950291008022 14.1215548879715,46.2950298394377 14.1215574735541,46.2950304891092 14.121557991246,46.295030583059 14.1216758492438,46.2950548813146 14.1216784377056,46.2950553510609 14.1216811588269,46.2950556418818 14.1216837516039,46.2950558417445 14.1216864770403,46.2950558626817 14.1216892053533,46.2950557036965 14.1216903762742,46.2950555327471 14.1218201481901,46.295040964398 14.1218227510337,46.2950405345292 14.1218253553154,46.2950400146991 14.1218278312526,46.2950394039108 14.1218303115039,46.295038523239 14.1218325321899,46.2950376405734 14.121834755752,46.2950365779854 14.1218354118557,46.2950361331637 14.1221764853235,46.294843512625 14.1221772697668,46.2948431587589 14.1221780570851,46.2948426249704 14.1221787131837,46.2948421801466 14.12240021146,46.2946920074152 14.1225664143268,46.2945906247211 14.1227586533808,46.294533168068 14.1229104388363,46.294538021444 14.1234441905504,46.2946503514519 14.1236726545661,46.2947141836518 14.1238780867711,46.2947735202367 14.1239359680452,46.2947903387124 14.1239380373862,46.2947908044299 14.1239399769451,46.2947912691528 14.1239420477207,46.2947916449089 14.1240881307142,46.2948122881399 14.1240908518371,46.2948125789035 14.1240934460466,46.2948126887502 14.1240961714727,46.2948127096299 14.1240988997675,46.2948125505871 14.1241015011488,46.2948122106274 14.1241041053989,46.2948116907451 14.124106581301,46.2948110799073 14.1241090586375,46.2948103791081 14.124110887063,46.2948096733377 14.124235637915,46.2947598846346 14.1242378599858,46.2947589119607 14.1242399551428,46.2947577583701 14.1242420517338,46.2947565148182 14.1245496213461,46.2945479753885 14.1245506725014,46.2945471736871 14.1245517236566,46.2945463719857 14.1245526450302,46.2945455692906 14.1247412313074,46.2943750761953 14.1247420214609,46.2943743624663 14.1247428130477,46.294373558776 14.1247434748532,46.2943727540922 14.124864136844,46.294229182317 14.124864269491,46.2942290033878 14.124864402138,46.2942288244587 14.1248645347851,46.2942286455295 14.1249588588789,46.2941088046671 14.125088420474,46.2940420470926 14.1252718371455,46.2940248262664 14.1255627180827,46.2939998797458 14.1257179353553,46.2940010667804 14.1258047726764,46.2940253035123 14.1258496728449,46.2940666741618 14.1258641037275,46.2941467698246 14.1258645942213,46.2941485730197 14.1258652144957,46.2941503772071 14.125866095763,46.2941520934176 14.1258666020028,46.2941529070383 14.1259379962703,46.2942667279261 14.1259390116167,46.2942681752443 14.1259402865251,46.2942696245468 14.1259415628649,46.294270983888 14.1260415603151,46.2943654993972 14.1260432245721,46.2943669516748 14.1260450200415,46.2943683149831 14.1260470779358,46.2943695003528 14.1260491358301,46.2943706857225 14.1260514561493,46.2943716931537 14.1260537793309,46.2943725206622 14.1260562337249,46.2943732592014 14.1260564918562,46.2943733511468 14.1262473049153,46.2944215951144 14.1262485970054,46.2944219648779 14.1262500203077,46.2944222456718 14.1262513152595,46.2944224355126 14.1265154484269,46.2944635017238 14.1265158363409,46.2944635946597 14.1265160959038,46.2944635966427 14.1265164838178,46.2944636895786 14.1267975519104,46.2945009257387 14.1267994957738,46.2945011205293 14.1268014396372,46.2945013153198 14.1268033863604,46.2945013301877 14.1269892335494,46.2945027494235 14.1269901420203,46.2945027563604 14.1269911802728,46.2945027642882 14.1269920901733,46.2945026812637 14.1271838335753,46.2944924488135 14.1271864334941,46.2944921987447 14.1271890348421,46.2944918587145 14.1271916390488,46.2944913387616 14.1271941163324,46.2944906378952 14.1271959432789,46.2944900220363 14.1273345829824,46.294439976088 14.12742103456,46.2944395562508 14.1277224415371,46.2944302497677 14.1280033053454,46.2944476875114 14.1281606697465,46.2944854163339 14.128277215221,46.2945679997872 14.1283233058767,46.2946980911629 14.1283599136251,46.2948613999489 14.1283605339894,46.294863204123 14.1283611543538,46.2948650082972 14.1283621640656,46.2948668154397 14.1283633064147,46.2948684436489 14.1283647083288,46.2948700738369 14.1283662414529,46.294871615053 14.1283670087287,46.2948723406804 14.1284893411326,46.2949747619201 14.1284911366829,46.2949761251904 14.1284930634433,46.2949773994886 14.1284952511964,46.294978585804 14.1284956376902,46.2949787686945 14.1287135578506,46.2950858770552 14.1287158782494,46.2950868844327 14.128718201502,46.2950877118874 14.1287205261815,46.2950884493808 14.1290179188354,46.2951688112022 14.1290190826052,46.2951690899844 14.129020246375,46.2951693687667 14.1290214115712,46.2951695575876 14.1293752479856,46.2952347832555 14.1293756373357,46.2952347862204 14.1293758954767,46.2952348781583 14.1293762834011,46.2952349710845 14.1298651713057,46.2953128299715 14.1301180203874,46.2953538019689 14.1301195749425,46.295353993741 14.1301209997139,46.2953541845256 14.1301225556935,46.2953542863363 14.1302745382593,46.2953632701539 14.1302772637172,46.2953632908864 14.1302799905993,46.2953632216575 14.1302825891221,46.2953630614799 14.1302851919176,46.2953626314181 14.1302872741539,46.2953622873686 14.1303890069207,46.2953395784435 14.1303914827788,46.2953389674693 14.1303939614851,46.2953381765723 14.1303963118317,46.2953372947267 14.1303985352428,46.2953362319711 14.1303993210651,46.2953357880869 14.1304901940166,46.2952857348881 14.1304922904881,46.2952844912208 14.1304941288164,46.2952831556181 14.130495838785,46.2952817290669 14.1304966288775,46.2952810152978 14.1305595237474,46.2952190528754 14.1305596563784,46.2952188739396 14.1305599187928,46.2952186959906 14.1305600514238,46.2952185170548 14.1306597092395,46.2951136474658 14.1308582202198,46.2950203259714 14.1310506168012,46.2949360448558 14.1310528401835,46.2949349820872 14.1310549352059,46.2949338283708 14.1310569018685,46.2949325837065 14.1310580869888,46.2949315130469 14.1312153714954,46.2948021586187 14.1313535284291,46.2947332099633 14.1313554922328,46.2947321452167 14.1313571978944,46.2947309885365 14.1313589049784,46.2947297418949 14.1315257063686,46.2945976702012 14.131527416289,46.2945962436341 14.1315289978496,46.2945947261197 14.1315301929087,46.294593025725 14.1315313865456,46.2945914152916 14.1315323234629,46.2945896229638 14.1315323263073,46.2945894430409 14.1316000497464,46.2944353851471 14.1317268361898,46.2943138058852 14.1318632966226,46.2942945983741 14.1320158230279,46.2943347144041 14.1321667163569,46.2944453560685 14.1321674850986,46.2944459917092 14.1321683850429,46.2944465383737 14.1321692849873,46.2944470850381 14.1323031557052,46.294526107027 14.1323053435238,46.29452729327 14.1323075341843,46.2945282995901 14.1323098560477,46.2945292169336 14.1323123105347,46.2945299553391 14.1323136026692,46.2945303250343 14.1324819620365,46.2945706505704 14.1324839030826,46.2945710251875 14.1324858455494,46.294571309843 14.1324879177982,46.2945715954832 14.132735432008,46.2945968660495 14.1327362092797,46.2945969619177 14.1329923540718,46.2946099711982 14.1329900818273,46.2945647879058 14.133019513927,46.2945668105382 14.1331786460321,46.2945996873537 14.1333694648819,46.294648009443 14.1333716626629,46.2946485659354 14.1333737278235,46.294649301367 14.1333756617828,46.2946501257763 14.1336103960724,46.2947533035006 14.1338150231098,46.2948396977605 14.1341174155325,46.2949244028603 14.134381157503,46.2949908200936 14.1346653529424,46.2950277906613 14.1346657408745,46.2950278835697 14.1346661302237,46.2950278865165 14.1346663883728,46.2950279784425 14.1350356741534,46.2950851160444 14.135360284612,46.2951108741859 14.1353608023292,46.2951109680734 14.1353611916791,46.2951109710179 14.135361579613,46.2951110639239 14.135558414658,46.2951319863222 14.1355594500935,46.2951321740954 14.1355620400978,46.2951325535667 14.135564627271,46.295133112961 14.1355670818297,46.295133851297 14.1357296808143,46.2951858248793 14.1357301971175,46.2951860087266 14.135732520482,46.2951868360396 14.1357348410159,46.2951878432755 14.1357368991522,46.2951890284724 14.135891244064,46.2952789077065 14.1359773849186,46.2953148278262 14.1360764873882,46.295318905685 14.1361383532907,46.2952889625327 14.1361911852382,46.2951896724835 14.1362043146418,46.2950563428732 14.1362046010849,46.2950546355651 14.1362050187257,46.2950528392759 14.1362056931037,46.2950512248709 14.1362582799705,46.2949344783236 14.1362588174902,46.2949333127454 14.1362594833783,46.2949322381093 14.1362601492664,46.2949311634731 14.1363465416103,46.2948107134887 14.1363478648941,46.2948091039846 14.1363493165461,46.2948075854223 14.1363510277633,46.2948060688208 14.1364993244607,46.2946861762911 14.1365011626241,46.2946848405905 14.1365031291557,46.2946835958316 14.1365052240554,46.2946824420144 14.1367323045703,46.2945709717533 14.1367338746781,46.2945701738583 14.1367354419584,46.2945695558865 14.1367371390208,46.2945689388945 14.1369919516229,46.2944850290618 14.1369927345538,46.2944847650549 14.1369933862896,46.2944845900299 14.1369940394386,46.2944843250433 14.1373165339117,46.2943966966506 14.137318878458,46.2943961745078 14.1373212215914,46.2943957423265 14.1373236930938,46.294395401086 14.1376453208713,46.2943629182043 14.1376475299827,46.2943627549221 14.1376496079005,46.2943626806226 14.1376518141876,46.2943626972635 14.138040325191,46.2943774133055 14.1380429194124,46.2943775228358 14.1380456391809,46.2943779032292 14.1380482277562,46.2943783726057 14.138328935352,46.2944390604438 14.1383298410025,46.2944392472138 14.1383306168712,46.2944394330056 14.1383313927399,46.2944396187974 14.1384506720269,46.2944729976637 14.1385382649331,46.2944577326017 14.1386248293546,46.2943921652471 14.1386853215079,46.2942923919114 14.1387200504666,46.2941966531621 14.1387200532874,46.2941964732389 14.1387201872998,46.2941962043318 14.1387203199019,46.2941960253862 14.1387554099024,46.2941103662348 14.1387555425041,46.2941101872892 14.1387563493971,46.2941083939227 14.1387574144418,46.294106692473 14.1387587376381,46.2941050829402 14.1387601906153,46.294103474385 14.1387617705529,46.2941020467305 14.1388417181396,46.2940362494203 14.1388419805218,46.2940360714521 14.1388438200169,46.2940346457516 14.1388457864725,46.2940334009517 14.1388478798885,46.2940323370526 14.1388502328661,46.2940312751084 14.1389610019031,46.2939864934442 14.1390253899346,46.2939693437765 14.1388559407269,46.2938327493709 14.1386518522637,46.2936372318503 14.1385280465112,46.2935035900021 14.138487257775,46.2933732727631 14.1384892299013,46.2933302808893 14.1384955130312,46.2931944701382 14.1385539247687,46.2929955317544 14.1386748353795,46.2927756507934 14.1386749722094,46.292775201963 14.1386752374068,46.2927748440718 14.1386753742367,46.2927743952414 14.1387745771985,46.2925565099635 14.13877525429,46.2925547156186 14.1387758030143,46.2925528303346 14.1387760907736,46.292551033057 14.1387761203884,46.2925491438626 14.1387761232089,46.2925489639393 14.1387676869427,46.2923750739837 14.138834269099,46.2920356602956 14.1389675410981,46.2917307583299 14.1390760666796,46.2915389449491 14.1392119264168,46.2913835061136 14.1394350191546,46.29131824616 14.1394373677768,46.2913174540874 14.1394397192171,46.2913164820914 14.1394419422919,46.2913154191568 14.1394435136761,46.2913145312616 14.1396368949867,46.2911988427445 14.1396382068161,46.2911979528934 14.1396395186455,46.2911970630423 14.1396407007007,46.2911961722147 14.1398338952851,46.291034326177 14.1401289129527,46.2908265500364 14.1403719910958,46.2906616592906 14.1406182711537,46.2905326010626 14.1407487004929,46.2904832868623 14.1408895930403,46.2904952322929 14.1410688945099,46.2905160134763 14.1410714871497,46.2905162128984 14.1410742109685,46.2905163233337 14.1410768078274,46.2905162528705 14.1410795372717,46.2905160034588 14.1410812285349,46.2905157462476 14.1412732608363,46.2904859683522 14.1412758647237,46.2904854480758 14.1412783402446,46.290484836863 14.1412808185775,46.2904840457267 14.1412831685438,46.2904831636539 14.1414816355069,46.2903987305855 14.1414838570997,46.2903977575723 14.1414859517315,46.2903966036612 14.1414879194021,46.290395268852 14.1416410797789,46.2902865626612 14.1416425241371,46.2902854938374 14.1416438401287,46.2902843340776 14.141645026348,46.2902831733435 14.1417367426748,46.2901862419401 14.1417380656883,46.2901846323704 14.1417392603351,46.2901829318648 14.141740195438,46.2901812294109 14.1417410021744,46.290179436021 14.141741549367,46.2901776406828 14.1417419681929,46.2901757544087 14.1417419808402,46.290174944753 14.1417492065701,46.2900696414386 14.1417492332697,46.2900679321654 14.1417491301976,46.2900662219181 14.1417487675824,46.2900645097224 14.1417230473066,46.289966246843 14.1417521536356,46.2898145021282 14.141845638613,46.2897538427437 14.1418474764809,46.289752506954 14.1418491859829,46.2897510802285 14.1418507671191,46.2897495625671 14.1418520901185,46.2897479529959 14.1418527530233,46.2897470582485 14.1419219484033,46.2896460888395 14.1419228834913,46.2896443863838 14.1419238199841,46.2896425939664 14.1419243671651,46.289640798627 14.1419247859805,46.289638912352 14.1419250736202,46.2896371150648 14.1419250806449,46.289636665256 14.1419263001223,46.2895585784505 14.1419261998553,46.2895566882796 14.1419258386426,46.2895548861226 14.1419253476596,46.2895530829916 14.1419248468421,46.289551909593 14.1418432944679,46.289363795218 14.1418430447634,46.2893631635376 14.1418426652889,46.2893625308832 14.1418422858145,46.2893618982288 14.1417608849922,46.2892222800001 14.141725006033,46.2891180026765 14.1417428632808,46.2889967640816 14.1419950083311,46.2886160943197 14.1419958108211,46.2886145708127 14.1419966133111,46.2886130473056 14.1419971562648,46.2886115218509 14.1420621467813,46.2884057030309 14.1421552609099,46.2881774221612 14.142269983487,46.287953262102 14.1424243635922,46.2877409158488 14.1424255581636,46.2877392153348 14.1424263634367,46.2877375119007 14.1424271701136,46.2877357185049 14.1424271729217,46.2877355385813 14.1424807578329,46.2875618440374 14.1425438716835,46.2874261892541 14.1426189469906,46.2872641722671 14.1427160382051,46.2871217543354 14.1427168378458,46.2871204107462 14.1427176374864,46.287119067157 14.1427181790012,46.28711763166 14.1428062968639,46.2868765366766 14.142889592912,46.2866699548487 14.1429088226316,46.2866269122816 14.1429292454478,46.2865822591527 14.142929645963,46.2865815423763 14.1429299153118,46.2865809145891 14.1429300563003,46.2865801958672 14.1429893578736,46.2863892692152 14.1429894876365,46.2863892701879 14.1429894890396,46.2863891802261 14.1430364430736,46.2862327103706 14.1430368604202,46.2862309140518 14.1430370196446,46.2862290258258 14.1430370477034,46.2862272265891 14.143036938985,46.2862258761889 14.143016618375,46.2860892358137 14.1430017983404,46.285966042544 14.143015509146,46.2858108530268 14.1431186737705,46.2857114870325 14.1431198612616,46.2857102363194 14.1431209203941,46.2857088946719 14.1431218497652,46.2857075520519 14.1431795660667,46.28561819219 14.1431804982402,46.2856166696457 14.1431811694886,46.2856152351184 14.1431817137813,46.285613619695 14.1432198499351,46.2854899235734 14.1432982505973,46.2854556017955 14.1434421993941,46.2854455237699 14.1435997113286,46.2854395059436 14.1436024391078,46.2854393464314 14.1436050399302,46.2854390060235 14.1436076421546,46.2854385756537 14.1436102485848,46.2854378753982 14.1436125954935,46.2854371731987 14.143614946608,46.2854362011136 14.1436171679617,46.2854352280565 14.1436192623586,46.2854340741037 14.1436207037459,46.2854331851766 14.1437175016737,46.2853675105844 14.1437193393483,46.2853661747622 14.1437209203052,46.2853646570726 14.1437225012621,46.285363139383 14.143723694339,46.285361528816 14.1437248888177,46.2853598282871 14.1437768943149,46.2852704253479 14.1437778306709,46.285268632913 14.1437785075062,46.2852668385344 14.1437790545811,46.2852650431842 14.1437790615895,46.2852645933748 14.1438039511881,46.2851164153358 14.1438039525898,46.2851163253739 14.1438039539914,46.285116235412 14.143803955393,46.2851161454501 14.1438223382849,46.2849941006358 14.143901924985,46.2848419235157 14.1440162504848,46.2846673333903 14.1440170514585,46.2846658998291 14.1440177226733,46.2846644652964 14.1440182641291,46.2846630297922 14.1441483246603,46.2842696545349 14.1441484600224,46.2842692956587 14.1441485953845,46.2842689367824 14.1441486009886,46.2842685769349 14.1442265279273,46.2839645137601 14.1442266674908,46.283963884998 14.1442268070543,46.283963256236 14.1442269466177,46.2839626274739 14.1442596638425,46.2837116694527 14.1442598132106,46.2837104109572 14.1442598328221,46.2837091514906 14.1442597240777,46.2837078010908 14.1442353485035,46.2834980729405 14.1442353499044,46.2834979829786 14.1442353513052,46.2834978930167 14.1442108072744,46.283307327713 14.1442104460248,46.283305525561 14.1442098252639,46.2833037214666 14.1442090747473,46.2833019164008 14.1442080633185,46.2833001993545 14.1440637435538,46.2830761673864 14.1440626009774,46.2830745393292 14.1440611974896,46.2830729992911 14.1440597926007,46.2830715492149 14.1438443773895,46.2828797346316 14.1436968267389,46.282704982867 14.143605928712,46.2825755515117 14.1435809782108,46.2824445447325 14.1435950890217,46.2822968257601 14.1435951184603,46.2822949365599 14.1435950167437,46.2822931363497 14.1435946569224,46.2822912442338 14.1435940361927,46.2822894401358 14.143593284308,46.2822877250279 14.1435927793132,46.282286821521 14.143498711783,46.2821276754317 14.1434978273465,46.2821261392749 14.1434966820023,46.2821246911359 14.1434952757503,46.2821233310147 14.1437146426293,46.2820362613947 14.1440326141582,46.281858697599 14.1445852216845,46.2814964658414 14.1453806656815,46.281014044251 14.146156569956,46.2805021401533 14.14959538274,46.2803388282812 14.1509056000133,46.2802805472493 14.1511994577285,46.2802674339576 14.1535262863546,46.2801639420019 14.1559482884728,46.2800561568725 14.1559329481117,46.2800326507864 14.1558696064104,46.279915488883 14.1558668055845,46.2797429910388 14.1559065912012,46.2796449449046 14.1559072689512,46.2796430604872 14.1559075560772,46.2796412631582 14.1559078445848,46.2796393758669 14.1559077424685,46.2796375756642 14.155907622392,46.2796369449706 14.1558876947186,46.27947277808 14.1558875746427,46.2794721473864 14.1558874545667,46.2794715166927 14.1558873331091,46.2794709759613 14.1558510834677,46.2793218938943 14.1558745650762,46.2792123908545 14.1558748535825,46.2792105035632 14.1558750109607,46.2792087052762 14.1558747804813,46.2792068141531 14.1558744188738,46.2792050120343 14.1558737977735,46.2792032079996 14.1558730469269,46.2792014030069 14.1558720352058,46.2791996860605 14.1558707626105,46.2791980571605 14.1558693602688,46.2791964273025 14.1558689779376,46.2791959746174 14.1557191330191,46.2790504623847 14.1557174698117,46.2790489205709 14.1557156740946,46.2790475577234 14.1557136161219,46.279046372884 14.1557115581493,46.2790451880447 14.1557109135647,46.2790449133673 14.155543183913,46.2789655785225 14.1555426690759,46.2789653048025 14.1555421528568,46.2789651210447 14.1555416380198,46.2789648473246 14.1553121296103,46.2788694905788 14.1553113552842,46.2788692149406 14.1553107120861,46.2788688502987 14.1553099363775,46.2788686646227 14.1551387814501,46.2788096376497 14.154969858242,46.2787236351777 14.1549248033585,46.2786410673336 14.1548606451418,46.2784506612228 14.154860142762,46.2784495778396 14.1548596403821,46.2784484944564 14.1548591393855,46.278447321111 14.1547268837285,46.2782215021945 14.154704033738,46.2780619920178 14.1547037922355,46.2780608205902 14.1547034209893,46.2780596482033 14.1547030483597,46.2780585657787 14.1545895047184,46.2777636062307 14.1545365456554,46.277596045756 14.154289140099,46.2774077929549 14.1540865699137,46.2773163218526 14.1539275441803,46.2772199542371 14.1538679219409,46.2770639505758 14.1539455955682,46.2768395941877 14.1544457903165,46.2762583834588 14.1545231328054,46.2760468902676 14.1545171840042,46.27583469112 14.1545648841907,46.2757450713594 14.1547700180946,46.2756694816578 14.1550499231443,46.2755494579575 14.1552128068268,46.2754705861075 14.1556525178663,46.2756323658864 14.1561317198441,46.275689887413 14.1570344985682,46.2760564373093 14.1572372537797,46.2763728358023 14.1573205372785,46.2763909943222 14.1576071193856,46.2764278356419 14.1578810483875,46.276477539082 14.1581216920841,46.2764554686407 14.1584666501879,46.27654411194 14.1590764832478,46.2767062308605 14.1596474509239,46.2771107166309 14.1601831551447,46.2775392330573 14.1607909675337,46.2778347571174 14.1614172811397,46.2780577158833 14.1627107382246,46.2781156909649 14.1639017636921,46.2780151806482 14.1647258483722,46.2778877751044 14.1654980647763,46.2777236361649 14.165885515189,46.2775444492565 14.1665398447064,46.2770761459542 14.1672108123469,46.2766565452085 14.1682171007502,46.2760452199437 14.1687505710812,46.2754667979274 14.1695998156259,46.2748301158617 14.1707274696292,46.2742802912602 14.1710962125084,46.2741859749382 14.1716369141721,46.2742868842054 14.1723545086425,46.2742557323486 14.1737398364568,46.2740230967139 14.1749331725601,46.2737527100247 14.1757058474691,46.2735520665055 14.1763387165436,46.2733382643492 14.1766873874835,46.2734135635223 14.1770351517222,46.2735494965791 14.1775567104785,46.273759466687 14.178203281873,46.2738004649689 14.1787978030241,46.273816883133 14.1796032428856,46.273749877853 14.180393053092,46.2735736181976 14.1807061613892,46.2736849990507 14.1809137230495,46.2738441181062 14.1812295431243,46.2737735925399 14.1813899302002,46.2735806703433 14.1815865284299,46.2732910167662 14.1819922608637,46.2730634108618 14.1823913314685,46.2729694550337 14.1826785941409,46.2727771683539 14.1831591075912,46.2722226828423 14.1835146255693,46.2718370808447 14.1841116984998,46.2716714751734 14.1846735105078,46.271529907511 14.1850608037526,46.2713628906278 14.1854159442921,46.2710014825957 14.1859457725866,46.2706534636999 14.1863331058186,46.2704742964769 14.1867741819175,46.2702227224285 14.1871267927395,46.2700311592224 14.187689346447,46.2698289404794 14.1881134363461,46.2695408016636 14.1882915284754,46.2693237027996 14.1883840236928,46.2689726566757 14.1883207282526,46.2685233341298 14.1882767350365,46.2679529554814 14.1882474397347,46.2675646057125 14.1880071349847,46.2672596915845 14.1878745127072,46.2667613810168 14.1878991884431,46.2662764239665 14.1880301086808,46.2656950510477 14.1881933622741,46.2652959221544 14.1887057347161,46.2649478561892 14.1892884247454,46.2645637576713 14.1896425983582,46.264263060807 14.1896817312552,46.2639843329922 14.1895474918076,46.2635952394334 14.1894849057486,46.2630975168531 14.1894207617106,46.2626967736895 14.1895675087183,46.2622368840209 14.1900078386309,46.2620216408595 14.1904642466987,46.2619035903698 14.1906253289747,46.2616500181928 14.1909079597995,46.2614579476365 14.1912780099928,46.2612664947947 14.1921001794307,46.2612480150547 14.1928699960098,46.2612170134971 14.1935023008482,46.2610274046302 14.193975848784,46.2609336636726 14.1946070808834,46.2608168290376 14.1947771526162,46.2604704624765 14.1949465315489,46.2603219407412 14.1952119860848,46.26010544593 14.1954279187194,46.259603028611 14.1955700022927,46.2595378085175 14.1964155484173,46.2591071172701 14.1967168957549,46.2588302295897 14.1972972932741,46.2586037959979 14.197211645948,46.2584819113854 14.1968643267656,46.2583096934734 14.1966204713752,46.2582473385214 14.1966409921252,46.258041265212 14.1969605970549,46.2577038635078 14.1974751439906,46.2571980509011 14.1979934433281,46.2564253130895 14.1982074005608,46.2561357519316 14.1985620017145,46.255798591082 14.1987242183461,46.2554722272354 14.1986412696943,46.2551562912597 14.1985580991053,46.2548645563291 14.1983887546817,46.2544873727943 14.1984621924374,46.2542452310711 14.1984475117649,46.2540510568247 14.198277639566,46.2537103083552 14.1979508147218,46.2533440759884 14.1975353933272,46.253050098804 14.1972414684145,46.2528296713061 14.1970714314451,46.2525009761673 14.1968317217235,46.2521474986416 14.196565043827,46.2515715981679 14.1981311334466,46.2508766664431 14.1984388141535,46.2508646083752 14.1986217751824,46.2506890943703 14.2007018106603,46.2493405669943 14.2015902762755,46.248861011699 14.2017608740983,46.2486157672699 14.2019558215326,46.2484352031077 14.2024514993966,46.2480140800837 14.2030689239942,46.2476302426407 14.2035971855091,46.2473670642163 14.2040749841328,46.2469701022195 14.2049193952725,46.2465998911493 14.206042047799,46.2463408336044 14.2067442038319,46.2461394898655 14.2072330099028,46.2461913758743 14.2077029590102,46.2463280635354 14.2081026244967,46.2465006114972 14.208553457006,46.2467585366781 14.2090877573938,46.247083347564 14.2095557959266,46.247092072908 14.2100759828086,46.2472623880895 14.2103047084475,46.2473193915392 14.210468973629,46.2473497672705 14.2106902035535,46.247386924146 14.2111940584186,46.2474485241941 14.21158577318,46.2474984620061 14.2125729562257,46.2474523615788 14.2128193910186,46.2474864489075 14.2138317383012,46.2474580555878 14.214373985873,46.2473288032153 14.214389809625,46.2471378995126 14.2144845977195,46.2471569053033 14.2145858656491,46.2471853127125 14.2147513320446,46.2472316157432 14.2146278260546,46.2468985874538 14.2148164436609,46.246840141039 14.2148111564137,46.2467380754638 14.2148918378494,46.2467186555787 14.2150148708531,46.2467576489328 14.2152028817574,46.2471326871071 14.2152217962698,46.2471613383525 14.2154107160019,46.2474091607392 14.2159098120371,46.2474683680441 14.2159461372838,46.2474674475259 14.2161426009095,46.2474409031378 14.2164527402312,46.2474093793038 14.2169616301122,46.2472907727494 14.2173292644447,46.2472013378912 14.2174895642788,46.2471460221984 14.2177738452132,46.2470266841935 14.2178922932079,46.2468592452688 14.2180653988496,46.2466053562245 14.2187740665593,46.2464174790953 14.2189616397129,46.2462951379447 14.2193586159826,46.2462209224778 14.21946958653,46.2459493321926 14.2196730701271,46.2458570594686 14.2197418551312,46.245825858481 14.2199571470111,46.2456964170569 14.2200284314667,46.2456535364723 14.2201189933301,46.245641288164 14.2204146287339,46.2454792838919 14.2205375777967,46.2454418837372 14.2211825547346,46.2452077611781 14.2216759207189,46.2449467806736 14.222168372804,46.2454749442427 14.222248110506,46.2454026986453 14.2225674849087,46.2450652231721 14.2230701213098,46.2447532850443 14.2234313018594,46.244549521069 14.224202880211,46.2443848906797 14.2250158858565,46.2443722302658 14.2257338323016,46.2442861322219 14.2271845844119,46.2443019764902 14.2278137709214,46.2443122561549 14.2281976364197,46.2443573154916 14.2283535214999,46.2444675049153 14.2285875592192,46.2446086323375 14.228927730837,46.2446533044095 14.2292779085248,46.2446131984671 14.2298386500689,46.244519986551 14.2304006629357,46.2443357278493 14.2311211436332,46.2440675978156 14.2317254442958,46.2439746695852 14.2321176209655,46.2440561206726 14.2324750879954,46.2441251910482 14.232754523263,46.2441453312194 14.2332169313436,46.2442029571543 14.2339774639465,46.2441959092382 14.2345893136928,46.2441939790735 14.2353680248022,46.2441385482089 14.2360069555509,46.2440820880451 14.2364878801127,46.2440671263691 14.2365484098367,46.2441160260014 14.2365908456713,46.2442072719953 14.2365973456579,46.2443650379169 14.2365614619689,46.2456990964363 14.2366114088024,46.2458753269615 14.2366974614482,46.2459728923082 14.2367847746026,46.2459795933878 14.237215010884,46.2458429168241 14.2377595911332,46.2456524774932 14.238452722593,46.245456997016 14.2387085761154,46.2452888322132 14.2393646402591,46.2452507318764 14.2395561014998,46.2453126472957 14.2395633265209,46.2454279506311 14.2393370722323,46.2456690123805 14.2392592505062,46.2459232078105 14.2392162250184,46.2461837528923 14.2392498942834,46.246281057681 14.2394588646255,46.2463430897595 14.2396730369312,46.2463383961754 14.2398214727813,46.2463515296028 14.2398548921871,46.2464670070696 14.2397661535242,46.2465634077731 14.2397294653336,46.2466845372072 14.2397546167728,46.246769548883 14.2399365117129,46.2468860135633 14.2400664381615,46.246971811665 14.2400646801554,46.2470991115874 14.2400188853936,46.2472505014254 14.240051720545,46.2474083521506 14.2401296334432,46.2474573654038 14.2403220235353,46.2474526157959 14.2404105118285,46.2473743875302 14.2405879904904,46.2471814951152 14.2408030737529,46.2468008088484 14.2408949905281,46.2464739179435 14.2407938517092,46.2462002686354 14.240788547861,46.2459455201839 14.2408887794191,46.2456550335003 14.2407849895654,46.2452540548971 14.2406131511022,46.2447191943725 14.2406096512277,46.2443431743493 14.2407547033548,46.2439620227956 14.2415198358218,46.2432445290725 14.2420819662842,46.2429255242326 14.2423717839505,46.2427470494984 14.2428152473638,46.242579218849 14.2435799123683,46.2422980768623 14.2437343569232,46.2422412460331 14.2440065645369,46.2419847340761 14.2442271040558,46.2417322885798 14.2440830062347,46.2414513400705 14.2440424994328,46.2411433647286 14.2439295377243,46.2410219639875 14.2438487739123,46.2406995065822 14.2438769886629,46.2407128292469 14.2442478989211,46.2408317068093 14.2444683026225,46.2409288048587 14.2447459005056,46.2410536321143 14.2451268849174,46.24114738094 14.2454718120951,46.2411945544539 14.2457854220375,46.2412655431038 14.246258160983,46.2413634023822 14.2470769944327,46.2414329487568 14.2475546836202,46.2413207484353 14.2479685506102,46.2412196428451 14.2480433495673,46.241202230236 14.2481230915224,46.2411836804385 14.2485001301605,46.2411775220903 14.2488337735146,46.2412345982814 14.2493433934052,46.2416331067861 14.2495992365623,46.2416236297308 14.2496494447131,46.2416217999254 14.2500276531924,46.241615644216 14.2503685214456,46.2414662754103 14.2506775660225,46.2413207457881 14.2513293460858,46.2411931155962 14.2518251476379,46.2410545639931 14.2526224029225,46.2409085341871 14.2530392526466,46.2406345017177 14.2534507820219,46.2404656113644 14.2537743302659,46.2401770210801 14.2539918365748,46.2399149097874 14.2544839996382,46.2398043044815 14.2545813625874,46.2396332709274 14.2547935783586,46.2395124711329 14.255033395164,46.2394312589642 14.2554794035336,46.239204643354 14.2558900412549,46.2390332191368 14.2561413503051,46.2389456913575 14.2563920078581,46.2388583387332 14.2566513767879,46.2387403614143 14.2570114157384,46.238570583553 14.2576310253534,46.2384308318802 14.2577815496526,46.2383358980171 14.25830281442,46.2382579454318 14.2584046757656,46.2382427709859 14.2592637548868,46.2380654253497 14.2594435923844,46.238036989314 14.2595773001869,46.2380159019476 14.2601496073104,46.2378058312606 14.2602563892707,46.2377910469001 14.2604090924786,46.2377843871767 14.2609332713356,46.2379426205525 14.2612336350862,46.2378993055014 14.2618290502023,46.237686586566 14.2621175159067,46.2376698243734 14.2627306362676,46.2377127383174 14.2630382401022,46.2377192202803 14.2634249596602,46.2376853634383 14.2636581209459,46.2377124177638 14.2638077113998,46.237802724337 14.2639728099453,46.2377708572624 14.2642831592606,46.2377465827876 14.2643440436306,46.2377702775905 14.2645862923259,46.2378645083484 14.2647637889942,46.2379431167424 14.2648058900215,46.2379460866835 14.2652006902111,46.2379965804892 14.2655108349888,46.2379293842523 14.2657086410088,46.2378075718663 14.2661613087491,46.2380108482592 14.2665470033801,46.2382874710443 14.2667800821586,46.2384573055862 14.2670326699622,46.2385643736172 14.2673488978924,46.2386149860265 14.2676368443109,46.2386180006336 14.2677121602422,46.2386194727883 14.2680017563287,46.2386251962321 14.2680799294609,46.2386263265468 14.2689705574593,46.2386393128328 14.2698730526042,46.2382268857658 14.2700882959304,46.2380508334927 14.2701418830693,46.238018785339 14.2704987257861,46.237832299593 14.2708888693112,46.2378235418141 14.2712824232234,46.2375865429757 14.2713518268923,46.237544788013 14.2718568881623,46.2372194245684 14.2718008261492,46.2371152386527 14.2716317375939,46.2367827909458 14.2715287688283,46.2365294007104 14.2715249176827,46.2365068829196 14.2715116825179,46.2364292418531 14.2715101220876,46.2364197847442 14.2715107515547,46.2363036336032 14.2715109652714,46.236238494507 14.2715111201645,46.2362169919448 14.2716502588827,46.2359023431242 14.2718016900674,46.2355600607273 14.2718887922556,46.2354249361889 14.27191937129,46.2353774452374 14.2722869156319,46.2351152647028 14.272595730415,46.2349800211485 14.2729989995476,46.2348594132402 14.2733752429606,46.2347626549379 14.2735826486872,46.2346480877313 14.2742680895381,46.2346617082343 14.275244812349,46.2348666547855 14.2762776256488,46.2348787759902 14.2772496563713,46.2347407884971 14.2781361614929,46.2342922956484 14.278627950002,46.2341532424641 14.2791993809855,46.2338727118762 14.2795486828283,46.2338023054258 14.2801220531485,46.233789272288 14.2805325286269,46.2338395419712 14.2817805003566,46.2334380116531 14.2828803147334,46.2329527632285 14.2832397662017,46.2327193779875 14.2833251989995,46.2327000295404 14.2833442888485,46.2326677589107 14.2833524084106,46.2326316406413 14.2833572712459,46.2325767875605 14.2833454385367,46.2324200702928 14.2833726250441,46.2323335066841 14.2834538377116,46.2322000458448 14.2835409790519,46.2321190763959 14.2836473421363,46.2319856830558 14.2837320312146,46.2317842241556 14.2839577289567,46.2314668634099 14.2840460992239,46.2312314174936 14.2841224705385,46.2310712038317 14.2842373727699,46.2309688141308 14.2844389000698,46.2309246392886 14.2846198310593,46.2307892824512 14.2847963523679,46.2306539877109 14.2847917219863,46.230471493324 14.2848878224527,46.230339204241 14.2849954416548,46.2301185435665 14.2850161701576,46.2298700775449 14.2849407617423,46.2296270384343 14.2848951482324,46.2294357402278 14.2848969592492,46.2292962932435 14.2849028903916,46.2291690183972 14.2849233828994,46.2289387254439 14.2849641579207,46.228823724924 14.2850002998005,46.2287360472375 14.2851179820501,46.2285887774152 14.2852072862142,46.2284004822434 14.2851563941944,46.2281164787798 14.2849129611517,46.2278245231095 14.2846075055103,46.2276068565038 14.2844331988008,46.2273829021597 14.2842829578312,46.2272823614074 14.2841176143114,46.2272267124543 14.2839082821718,46.2272041677681 14.2837511504024,46.2271850088421 14.2836074385702,46.2271507283354 14.2834856726103,46.2271136160821 14.2833293304154,46.2270338196268 14.283247434497,46.2269514306417 14.2831923945034,46.2268176553762 14.28321210389,46.2266479996252 14.2832723108727,46.2263250135969 14.2832113450485,46.2258597400595 14.2831280032676,46.2255499797205 14.2830433642287,46.2252602751851 14.2828550368275,46.2250389296017 14.2826530848444,46.2249580363094 14.2825705474903,46.2247460814071 14.2825565247608,46.224479132952 14.282525492536,46.2242143270633 14.2824921805877,46.2239852262025 14.2824924314181,46.223965973514 14.2825014357392,46.2239215832704 14.2825188365177,46.2238695080277 14.2826746653195,46.2235599884085 14.2828029435836,46.2232954622728 14.2829077077587,46.2230746054401 14.2830082143999,46.2228620893096 14.2831253774033,46.2227242653231 14.2832537895606,46.2225885811253 14.2833906989565,46.2224772428124 14.2836040803064,46.2223664735455 14.2839199497472,46.2222592250283 14.2841224311179,46.222139209247 14.2842049687572,46.221842634494 14.2841484395605,46.2214845469915 14.2840303000202,46.2211394796134 14.2839206612659,46.220858526285 14.2838663421086,46.2203306729105 14.2838543633116,46.2199061040801 14.2837963408955,46.2196631726971 14.2835373447215,46.219425100103 14.2831907578783,46.2192046523359 14.2830078029535,46.2190401135804 14.2828813282986,46.2188085388554 14.2828914992991,46.2184952257458 14.2829934915315,46.2183869978121 14.2831173688525,46.2181309009796 14.2831548321171,46.2179313952115 14.2831681773782,46.2177823931582 14.2831844967353,46.2176936918512 14.2832078028604,46.2175760629488 14.2831169200928,46.2174881290094 14.2830071743623,46.2171963771551 14.2828113681717,46.2167949476968 14.2825524692945,46.2165507551699 14.2824234941655,46.2163923124429 14.282427285256,46.216101272578 14.2823453836448,46.2156823825399 14.2823226805861,46.215415379144 14.2822784863446,46.2147784504165 14.2825357546724,46.2142912401646 14.281953541061,46.2142525851091</coordinates></LinearRing></outerBoundaryIs></Polygon></MultiGeometry>
  </Placemark>
</Folder>
</Document></kml>
